branch_id,branch_name,branch_division,branch_address,city,state,pincode,branch_manager_name,branch_manager_contact1,branch_manager_contact2,branch_manager_email1,branch_manager_email2,rit_name,rit_state,rit_contact,rit_email,asset_po_no,asset_printer_make,asset_printer_model,asset_serial_no,asset_cartridge_model,asset_drum_model,asset_ink_model,asset_mbox_model,asset_plan,cost_per_page,no_free_page,rental_cost,installation_date,aggr_start_date,aggr_end_date
1,"USFB Head Office - 1","Varanasi West Division","S-24, 1-2, 1st Floor, Mahavir Nagar, Orderly Bazar, Varanasi, UttarPradesh - 221002, VARANASI, USFB Head Office - 1, 221002 .",VARANASI,"UTTAR PRADESH",221002,"Vishal Yadav",,8052868052,NA,,"Mr.Vishal Yadahav (RIT)","UTTAR PRADESH",8052868052,vishal.yadhav@utkarsh.bank,PO-22-12-012449,"Brother (Printer - LaserJet)","Brother- L2541DW",E73802J1N978782,"ICON TN-2365","ICON DR 2365",,,3,0.4,4000,0,"0000-00-00 00:00:00","0000-00-00 00:00:00","0000-00-00 00:00:00"
1,"USFB Head Office - 1","Varanasi West Division","S-24, 1-2, 1st Floor, Mahavir Nagar, Orderly Bazar, Varanasi, UttarPradesh - 221002, VARANASI, USFB Head Office - 1, 221002 .",VARANASI,"UTTAR PRADESH",221002,"Vishal Yadav",,8052868052,NA,,"Mr.Vishal Yadahav (RIT)","UTTAR PRADESH",8052868052,vishal.yadhav@utkarsh.bank,PO-22-07-008356,"Kyocera (Printer - LaserJet)","Kyocera FS 2040 DN",VYB0Z55890,"ICON TK-1178",DK-1150,,,1,0,0,0,"0000-00-00 00:00:00","0000-00-00 00:00:00","0000-00-00 00:00:00"
1,"USFB Head Office - 1","Varanasi West Division","S-24, 1-2, 1st Floor, Mahavir Nagar, Orderly Bazar, Varanasi, UttarPradesh - 221002, VARANASI, USFB Head Office - 1, 221002 .",VARANASI,"UTTAR PRADESH",221002,"Vishal Yadav",,8052868052,NA,,"Mr.Vishal Yadahav (RIT)","UTTAR PRADESH",8052868052,vishal.yadhav@utkarsh.bank,PO-22-08-009001,"Kyocera (Printer - LaserJet)","Kyocera FS 2040 DN",VYB1150725,"ICON TK-1178",DK-1150,,,1,0,0,0,"0000-00-00 00:00:00","0000-00-00 00:00:00","0000-00-00 00:00:00"
1,"USFB Head Office - 1","Varanasi West Division","S-24, 1-2, 1st Floor, Mahavir Nagar, Orderly Bazar, Varanasi, UttarPradesh - 221002, VARANASI, USFB Head Office - 1, 221002 .",VARANASI,"UTTAR PRADESH",221002,"Vishal Yadav",,8052868052,NA,,"Mr.Vishal Yadahav (RIT)","UTTAR PRADESH",8052868052,vishal.yadhav@utkarsh.bank,PO-21-03-004113,"Kyocera (Printer - LaserJet)","Kyocera FS 2040 DN",VYB1157279,"ICON TK-1178",DK-1150,,,1,0,0,0,"0000-00-00 00:00:00","0000-00-00 00:00:00","0000-00-00 00:00:00"
1,"USFB Head Office - 1","Varanasi West Division","S-24, 1-2, 1st Floor, Mahavir Nagar, Orderly Bazar, Varanasi, UttarPradesh - 221002, VARANASI, USFB Head Office - 1, 221002 .",VARANASI,"UTTAR PRADESH",221002,"Vishal Yadav",,8052868052,NA,,"Mr.Vishal Yadahav (RIT)","UTTAR PRADESH",8052868052,vishal.yadhav@utkarsh.bank,PO-22-08-009001,"Kyocera (Printer - LaserJet)","Kyocera FS 2040 DN",VYB1157725,"ICON TK-1178",DK-1150,,,3,0,0,0,"0000-00-00 00:00:00","0000-00-00 00:00:00","0000-00-00 00:00:00"
1,"USFB Head Office - 1","Varanasi West Division","S-24, 1-2, 1st Floor, Mahavir Nagar, Orderly Bazar, Varanasi, UttarPradesh - 221002, VARANASI, USFB Head Office - 1, 221002 .",VARANASI,"UTTAR PRADESH",221002,"Vishal Yadav",,8052868052,NA,,"Mr.Vishal Yadahav (RIT)","UTTAR PRADESH",8052868052,vishal.yadhav@utkarsh.bank,PO-21-03-004718,"Kyocera (Printer - LaserJet)","Kyocera FS 2040 DN",VYB1565684,"ICON TK-1178",DK-1150,,,1,0,0,0,"0000-00-00 00:00:00","0000-00-00 00:00:00","0000-00-00 00:00:00"
1,"USFB Head Office - 1","Varanasi West Division","S-24, 1-2, 1st Floor, Mahavir Nagar, Orderly Bazar, Varanasi, UttarPradesh - 221002, VARANASI, USFB Head Office - 1, 221002 .",VARANASI,"UTTAR PRADESH",221002,"Vishal Yadav",,8052868052,NA,,"Mr.Vishal Yadahav (RIT)","UTTAR PRADESH",8052868052,vishal.yadhav@utkarsh.bank,PO-22-07-008356,"Kyocera (Printer - LaserJet)","Kyocera FS 2040 DN",VYB1565690,"ICON TK-1178",DK-1150,,,1,0,0,0,"0000-00-00 00:00:00","0000-00-00 00:00:00","0000-00-00 00:00:00"
1,"USFB Head Office - 1","Varanasi West Division","S-24, 1-2, 1st Floor, Mahavir Nagar, Orderly Bazar, Varanasi, UttarPradesh - 221002, VARANASI, USFB Head Office - 1, 221002 .",VARANASI,"UTTAR PRADESH",221002,"Vishal Yadav",,8052868052,NA,,"Mr.Vishal Yadahav (RIT)","UTTAR PRADESH",8052868052,vishal.yadhav@utkarsh.bank,PO-22-07-008356,"Kyocera (Printer - LaserJet)","Kyocera FS 2040 DN",VYB1566044,"ICON TK-1178",DK-1150,,,1,0,0,0,"0000-00-00 00:00:00","0000-00-00 00:00:00","0000-00-00 00:00:00"
1,"USFB Head Office - 1","Varanasi West Division","S-24, 1-2, 1st Floor, Mahavir Nagar, Orderly Bazar, Varanasi, UttarPradesh - 221002, VARANASI, USFB Head Office - 1, 221002 .",VARANASI,"UTTAR PRADESH",221002,"Vishal Yadav",,8052868052,NA,,"Mr.Vishal Yadahav (RIT)","UTTAR PRADESH",8052868052,vishal.yadhav@utkarsh.bank,PO-22-04-005286,"Kyocera (Printer - LaserJet)","Kyocera FS 2040 DN",VYB1566285,"ICON TK-1178",DK-1150,,,1,0,0,0,"0000-00-00 00:00:00","0000-00-00 00:00:00","0000-00-00 00:00:00"
1,"USFB Head Office - 1","Varanasi West Division","S-24, 1-2, 1st Floor, Mahavir Nagar, Orderly Bazar, Varanasi, UttarPradesh - 221002, VARANASI, USFB Head Office - 1, 221002 .",VARANASI,"UTTAR PRADESH",221002,"Vishal Yadav",,8052868052,NA,,"Mr.Vishal Yadahav (RIT)","UTTAR PRADESH",8052868052,vishal.yadhav@utkarsh.bank,PO-23-02-027079,"Kyocera (Printer - LaserJet)","Kyocera FS 2040 DN",VYB2Y23071,"ICON TK-1178",DK-1150,,,3,0,0,0,"0000-00-00 00:00:00","0000-00-00 00:00:00","0000-00-00 00:00:00"
1,"USFB Head Office - 1","Varanasi West Division","S-24, 1-2, 1st Floor, Mahavir Nagar, Orderly Bazar, Varanasi, UttarPradesh - 221002, VARANASI, USFB Head Office - 1, 221002 .",VARANASI,"UTTAR PRADESH",221002,"Vishal Yadav",,8052868052,NA,,"Mr.Vishal Yadahav (RIT)","UTTAR PRADESH",8052868052,vishal.yadhav@utkarsh.bank,PO-23-02-027667,"Kyocera (Printer - LaserJet)","Kyocera FS 2040 DN",VYB2Y23204,"ICON TK-1178",DK-1150,,,3,0,0,0,"0000-00-00 00:00:00","0000-00-00 00:00:00","0000-00-00 00:00:00"
1,"USFB Head Office - 1","Varanasi West Division","S-24, 1-2, 1st Floor, Mahavir Nagar, Orderly Bazar, Varanasi, UttarPradesh - 221002, VARANASI, USFB Head Office - 1, 221002 .",VARANASI,"UTTAR PRADESH",221002,"Vishal Yadav",,8052868052,NA,,"Mr.Vishal Yadahav (RIT)","UTTAR PRADESH",8052868052,vishal.yadhav@utkarsh.bank,PO-23-02-027079,"Kyocera (Printer - LaserJet)","Kyocera FS 2040 DN",VYB2Y23219,"ICON TK-1178",DK-1150,,,3,0,0,0,"0000-00-00 00:00:00","0000-00-00 00:00:00","0000-00-00 00:00:00"
1,"USFB Head Office - 1","Varanasi West Division","S-24, 1-2, 1st Floor, Mahavir Nagar, Orderly Bazar, Varanasi, UttarPradesh - 221002, VARANASI, USFB Head Office - 1, 221002 .",VARANASI,"UTTAR PRADESH",221002,"Vishal Yadav",,8052868052,NA,,"Mr.Vishal Yadahav (RIT)","UTTAR PRADESH",8052868052,vishal.yadhav@utkarsh.bank,PO-23-02-027077,"Kyocera (Printer - LaserJet)","Kyocera FS 2040 DN",VYB2Y23222,"ICON TK-1178",DK-1150,,,3,0,0,0,"0000-00-00 00:00:00","0000-00-00 00:00:00","0000-00-00 00:00:00"
1,"USFB Head Office - 1","Varanasi West Division","S-24, 1-2, 1st Floor, Mahavir Nagar, Orderly Bazar, Varanasi, UttarPradesh - 221002, VARANASI, USFB Head Office - 1, 221002 .",VARANASI,"UTTAR PRADESH",221002,"Vishal Yadav",,8052868052,NA,,"Mr.Vishal Yadahav (RIT)","UTTAR PRADESH",8052868052,vishal.yadhav@utkarsh.bank,PO-23-08-020516,"EPSON (Printer - Inktank)","EPSON M3170 EPIL",X5TW015383,,,INK-005,"Maintaince Box",3,0,0,0,"0000-00-00 00:00:00","0000-00-00 00:00:00","0000-00-00 00:00:00"
1,"USFB Head Office - 1","Varanasi West Division","S-24, 1-2, 1st Floor, Mahavir Nagar, Orderly Bazar, Varanasi, UttarPradesh - 221002, VARANASI, USFB Head Office - 1, 221002 .",VARANASI,"UTTAR PRADESH",221002,"Vishal Yadav",,8052868052,NA,,"Mr.Vishal Yadahav (RIT)","UTTAR PRADESH",8052868052,vishal.yadhav@utkarsh.bank,PO-23-08-020516,"EPSON (Printer - Inktank)","EPSON M3170 EPIL",X5TW015776,,,INK-005,"Maintaince Box",3,0,0,0,"0000-00-00 00:00:00","0000-00-00 00:00:00","0000-00-00 00:00:00"
1,"USFB Head Office - 1","Varanasi West Division","S-24, 1-2, 1st Floor, Mahavir Nagar, Orderly Bazar, Varanasi, UttarPradesh - 221002, VARANASI, USFB Head Office - 1, 221002 .",VARANASI,"UTTAR PRADESH",221002,"Vishal Yadav",,8052868052,NA,,"Mr.Vishal Yadahav (RIT)","UTTAR PRADESH",8052868052,vishal.yadhav@utkarsh.bank,PO-23-08-020516,"EPSON (Printer - Inktank)","EPSON M3170 EPIL",X5TW015780,,,INK-005,"Maintaince Box",3,0,0,0,"0000-00-00 00:00:00","0000-00-00 00:00:00","0000-00-00 00:00:00"
1,"USFB Head Office - 1","Varanasi West Division","S-24, 1-2, 1st Floor, Mahavir Nagar, Orderly Bazar, Varanasi, UttarPradesh - 221002, VARANASI, USFB Head Office - 1, 221002 .",VARANASI,"UTTAR PRADESH",221002,"Vishal Yadav",,8052868052,NA,,"Mr.Vishal Yadahav (RIT)","UTTAR PRADESH",8052868052,vishal.yadhav@utkarsh.bank,PO-23-08-020516,"EPSON (Printer - Inktank)","EPSON M3170 EPIL",X5TW016081,,,INK-005,"Maintaince Box",3,0,0,0,"0000-00-00 00:00:00","0000-00-00 00:00:00","0000-00-00 00:00:00"
1,"USFB Head Office - 1","Varanasi West Division","S-24, 1-2, 1st Floor, Mahavir Nagar, Orderly Bazar, Varanasi, UttarPradesh - 221002, VARANASI, USFB Head Office - 1, 221002 .",VARANASI,"UTTAR PRADESH",221002,"Vishal Yadav",,8052868052,NA,,"Mr.Vishal Yadahav (RIT)","UTTAR PRADESH",8052868052,vishal.yadhav@utkarsh.bank,PO-23-08-020516,"EPSON (Printer - Inktank)","EPSON M3170 EPIL",X5TW016083,,,INK-005,"Maintaince Box",3,0,0,0,"0000-00-00 00:00:00","0000-00-00 00:00:00","0000-00-00 00:00:00"
1,"USFB Head Office - 1","Varanasi West Division","S-24, 1-2, 1st Floor, Mahavir Nagar, Orderly Bazar, Varanasi, UttarPradesh - 221002, VARANASI, USFB Head Office - 1, 221002 .",VARANASI,"UTTAR PRADESH",221002,"Vishal Yadav",,8052868052,NA,,"Mr.Vishal Yadahav (RIT)","UTTAR PRADESH",8052868052,vishal.yadhav@utkarsh.bank,PO-22-02-014181,"EPSON (Printer - Dotmatrix)","EPSON PLQ-35",X7ZT011198,,,,,4,0,0,0,"0000-00-00 00:00:00","0000-00-00 00:00:00","0000-00-00 00:00:00"
1,"USFB Head Office - 1","Varanasi West Division","S-24, 1-2, 1st Floor, Mahavir Nagar, Orderly Bazar, Varanasi, UttarPradesh - 221002, VARANASI, USFB Head Office - 1, 221002 .",VARANASI,"UTTAR PRADESH",221002,"Vishal Yadav",,8052868052,NA,,"Mr.Vishal Yadahav (RIT)","UTTAR PRADESH",8052868052,vishal.yadhav@utkarsh.bank,PO-22-02-014181,"EPSON (Printer - Dotmatrix)","EPSON PLQ-35",X7ZT011199,,,,,4,0,0,0,"0000-00-00 00:00:00","0000-00-00 00:00:00","0000-00-00 00:00:00"
1,"USFB Head Office - 1","Varanasi West Division","S-24, 1-2, 1st Floor, Mahavir Nagar, Orderly Bazar, Varanasi, UttarPradesh - 221002, VARANASI, USFB Head Office - 1, 221002 .",VARANASI,"UTTAR PRADESH",221002,"Vishal Yadav",,8052868052,NA,,"Mr.Vishal Yadahav (RIT)","UTTAR PRADESH",8052868052,vishal.yadhav@utkarsh.bank,PO-22-02-014181,"EPSON (Printer - Dotmatrix)","EPSON PLQ-35",X7ZT011264,,,,,4,0,0,0,"0000-00-00 00:00:00","0000-00-00 00:00:00","0000-00-00 00:00:00"
1,"USFB Head Office - 1","Varanasi West Division","S-24, 1-2, 1st Floor, Mahavir Nagar, Orderly Bazar, Varanasi, UttarPradesh - 221002, VARANASI, USFB Head Office - 1, 221002 .",VARANASI,"UTTAR PRADESH",221002,"Vishal Yadav",,8052868052,NA,,"Mr.Vishal Yadahav (RIT)","UTTAR PRADESH",8052868052,vishal.yadhav@utkarsh.bank,PO-22-02-014181,"EPSON (Printer - Dotmatrix)","EPSON PLQ-35",X7ZT011313,,,,,4,0,0,0,"0000-00-00 00:00:00","0000-00-00 00:00:00","0000-00-00 00:00:00"
1,"USFB Head Office - 1","Varanasi West Division","S-24, 1-2, 1st Floor, Mahavir Nagar, Orderly Bazar, Varanasi, UttarPradesh - 221002, VARANASI, USFB Head Office - 1, 221002 .",VARANASI,"UTTAR PRADESH",221002,"Vishal Yadav",,8052868052,NA,,"Mr.Vishal Yadahav (RIT)","UTTAR PRADESH",8052868052,vishal.yadhav@utkarsh.bank,PO-22-02-014181,"EPSON (Printer - Dotmatrix)","EPSON PLQ-35",X7ZT011322,,,,,4,0,0,0,"0000-00-00 00:00:00","0000-00-00 00:00:00","0000-00-00 00:00:00"
1,"USFB Head Office - 1","Varanasi West Division","S-24, 1-2, 1st Floor, Mahavir Nagar, Orderly Bazar, Varanasi, UttarPradesh - 221002, VARANASI, USFB Head Office - 1, 221002 .",VARANASI,"UTTAR PRADESH",221002,"Vishal Yadav",,8052868052,NA,,"Mr.Vishal Yadahav (RIT)","UTTAR PRADESH",8052868052,vishal.yadhav@utkarsh.bank,UTK/LTR/IT/2019/20/305/1102,"Samsung (Printer - LaserJet)","Samsung rxp/3870FD",ZDFABJEKC00053H,,,Icon-203U,,1,0,0,0,"0000-00-00 00:00:00","0000-00-00 00:00:00","0000-00-00 00:00:00"
1,"USFB Head Office - 1","Varanasi West Division","S-24, 1-2, 1st Floor, Mahavir Nagar, Orderly Bazar, Varanasi, UttarPradesh - 221002, VARANASI, USFB Head Office - 1, 221002 .",VARANASI,"UTTAR PRADESH",221002,"Vishal Yadav",,8052868052,NA,,"Mr.Vishal Yadahav (RIT)","UTTAR PRADESH",8052868052,vishal.yadhav@utkarsh.bank,UTK/LTR/IT/2019/20/305/1102,"Samsung (Printer - LaserJet)","Samsung rxp/3870FD",ZDFABJFM10004TY,,,Icon-203U,,1,0,0,0,"0000-00-00 00:00:00","0000-00-00 00:00:00","0000-00-00 00:00:00"
4,"ZO- LUCKNOW -4","Lucknow GPO Division","Unit no.5 305) Unit No 6 306 Third Floor Plot no 28 35 PrincetonBusiness Park Ashok Marg Hazratganj Lucknow Uttar Pradesh PIN, LUCKNOW,ZONAL OFFICE LUCKNOW - 4, 226001",LUCKNOW,"UTTAR PRADESH",226001,"Vishal Yadav",,8052868052,NA,,"Mr.Haidar Ali (RIT)","UTTAR PRADESH",8090554271,"haidar,ali@utkarsh.bank",PO-22-12-012833,"Brother (Printer - LaserJet)","Brother- L2541DW",E73802J1N976366,"ICON TN-2365","ICON DR 2365",,,3,0,0,0,"0000-00-00 00:00:00","0000-00-00 00:00:00","0000-00-00 00:00:00"
4,"ZO- LUCKNOW -4","Lucknow GPO Division","Unit no.5 305) Unit No 6 306 Third Floor Plot no 28 35 PrincetonBusiness Park Ashok Marg Hazratganj Lucknow Uttar Pradesh PIN, LUCKNOW,ZONAL OFFICE LUCKNOW - 4, 226001",LUCKNOW,"UTTAR PRADESH",226001,"Vishal Yadav",,8052868052,NA,,"Mr.Haidar Ali (RIT)","UTTAR PRADESH",8090554271,"haidar,ali@utkarsh.bank",PO-21-03-004113,"Kyocera (Printer - LaserJet)","Kyocera FS 2040 DN",VYB0948459,"ICON TK-1178",DK-1150,,,1,0,0,0,"0000-00-00 00:00:00","0000-00-00 00:00:00","0000-00-00 00:00:00"
5,"Zonal Office - Mumbai","Zonal Office - Mumbai","19 TH FLOOR, RUPA SAPPHIRE, PLOT NO 12 SEC-18, Opp Sanpada Railway Station, Sion Panvel Expressway, Washi
Navi Mumbai - 400705, THANE, MAHARASHTRA, 400705",THANE,MAHARASHTRA,400705,Shrikrushna,,9768755906,itsupport@utkarsh.bank,,"Mr. Rahul Chauhan (RIT) & Mr. Kamal (RIT)",MAHARASHTRA,7021828776/7525048585,rahul.chauhan1@utkarsh.bank,PO-21-11-001559,"HP (Printer - LaserJet)","MFP M72630",CNB1M6D25G,,,"ICON W1002YC",,1,0,0,0,"0000-00-00 00:00:00","0000-00-00 00:00:00","0000-00-00 00:00:00"
5,"Zonal Office - Mumbai","Zonal Office - Mumbai","19 TH FLOOR, RUPA SAPPHIRE, PLOT NO 12 SEC-18, Opp Sanpada Railway Station, Sion Panvel Expressway, Washi
Navi Mumbai - 400705, THANE, MAHARASHTRA, 400705",THANE,MAHARASHTRA,400705,Shrikrushna,,9768755906,itsupport@utkarsh.bank,,"Mr. Rahul Chauhan (RIT) & Mr. Kamal (RIT)",MAHARASHTRA,7021828776/7525048585,rahul.chauhan1@utkarsh.bank,PO-22-05-006722,"HP (Printer - LaserJet)","MFP M72630",CNB1MBJ014,,,"ICON W1002YC",,1,0.4,0,2500,"0000-00-00 00:00:00","0000-00-00 00:00:00","0000-00-00 00:00:00"
6,"ZO- Varanasi-6","Varanasi West Division","1st Floor, R. H. Tower, S-20 - 53, 98A, The Mall Road Cantt, Varanasi,
UP - 221002, VARANASI, Zonal Office - Varanasi - 6, 221106",VARANASI,"UTTAR PRADESH",221106,"Vishal Yadav",,8052868052,NA,,"Mr.Vishal Yadahav (RIT)","UTTAR PRADESH",8052868052,vishal.yadhav@utkarsh.bank,PO-22-12-012833,"Brother (Printer - LaserJet)","Brother- L2541DW",E73802J1N978762,"ICON TN-2365","ICON DR 2365",,,3,0,0,0,"0000-00-00 00:00:00","0000-00-00 00:00:00","0000-00-00 00:00:00"
7,"ZO Patna","ZO Patna","2nd Floor,134-A, Patliputra Colony,
Opposite Polytechnic Gate,Patna Bihar, PIN ? 800013",PATNA,BIHAR,800013,"Shantanu Kanth",,7635093755,NA,,"Mr.Shantanu Kanth(RIT)",BIHAR,7635093755,shantanu.kanth@utkarsh.bank,NA,"Samsung (Printer - LaserJet)",MFD-SL-M2876ND,"Branch not given 7",,,"ICON 116L (Toner)","ICON 116L (Drum Unit)",3,0,0,0,"0000-00-00 00:00:00","0000-00-00 00:00:00","0000-00-00 00:00:00"
7,"ZO Patna","ZO Patna","2nd Floor,134-A, Patliputra Colony,
Opposite Polytechnic Gate,Patna Bihar, PIN ? 800013",PATNA,BIHAR,800013,"Shantanu Kanth",,7635093755,NA,,"Mr.Shantanu Kanth(RIT)",BIHAR,7635093755,shantanu.kanth@utkarsh.bank,PO-23-01-025923,"Kyocera (Printer - LaserJet)","Kyocera FS 2040 DN",VYB2Y22770,"ICON TK-1178",DK-1150,,,3,0,0,0,"0000-00-00 00:00:00","0000-00-00 00:00:00","0000-00-00 00:00:00"
7,"ZO Patna","ZO Patna","2nd Floor,134-A, Patliputra Colony,
Opposite Polytechnic Gate,Patna Bihar, PIN ? 800013",PATNA,BIHAR,800013,"Shantanu Kanth",,7635093755,NA,,"Mr.Shantanu Kanth(RIT)",BIHAR,7635093755,shantanu.kanth@utkarsh.bank,PO-23-05-017445,"EPSON (Printer - Inktank)","EPSON M3170 EPIL",X5TW011313,,,INK-005,"Maintaince Box",3,0,0,0,"0000-00-00 00:00:00","0000-00-00 00:00:00","0000-00-00 00:00:00"
7,"ZO Patna","ZO Patna","2nd Floor,134-A, Patliputra Colony,
Opposite Polytechnic Gate,Patna Bihar, PIN ? 800013",PATNA,BIHAR,800013,"Shantanu Kanth",,7635093755,NA,,"Mr.Shantanu Kanth(RIT)",BIHAR,7635093755,shantanu.kanth@utkarsh.bank,PO-23-11-023330,"EPSON (Printer - Inktank)","EPSON M3170 EPIL",X5TW015437,,,INK-005,"Maintaince Box",3,0,0,0,"0000-00-00 00:00:00","0000-00-00 00:00:00","0000-00-00 00:00:00"
7,"ZO Patna","ZO Patna","2nd Floor,134-A, Patliputra Colony,
Opposite Polytechnic Gate,Patna Bihar, PIN ? 800013",PATNA,BIHAR,800013,"Shantanu Kanth",,7635093755,NA,,"Mr.Shantanu Kanth(RIT)",BIHAR,7635093755,shantanu.kanth@utkarsh.bank,PO-23-08-020721,"EPSON (Printer - Inktank)","EPSON M3170 EPIL",X5TW018377,,,INK-005,"Maintaince Box",3,0,0,0,"0000-00-00 00:00:00","0000-00-00 00:00:00","0000-00-00 00:00:00"
7,"ZO Patna","ZO Patna","2nd Floor,134-A, Patliputra Colony,
Opposite Polytechnic Gate,Patna Bihar, PIN ? 800013",PATNA,BIHAR,800013,"Shantanu Kanth",,7635093755,NA,,"Mr.Shantanu Kanth(RIT)",BIHAR,7635093755,shantanu.kanth@utkarsh.bank,PO-23-08-020721,"EPSON (Printer - Inktank)","EPSON M3170 EPIL",X5TW018442,,,INK-005,"Maintaince Box",3,0,0,0,"0000-00-00 00:00:00","0000-00-00 00:00:00","0000-00-00 00:00:00"
7,"ZO Patna","ZO Patna","2nd Floor,134-A, Patliputra Colony,
Opposite Polytechnic Gate,Patna Bihar, PIN ? 800013",PATNA,BIHAR,800013,"Shantanu Kanth",,7635093755,NA,,"Mr.Shantanu Kanth(RIT)",BIHAR,7635093755,shantanu.kanth@utkarsh.bank,PO-23-08-020721,"EPSON (Printer - Inktank)","EPSON M3170 EPIL",X5TW018448,,,INK-005,"Maintaince Box",3,0,0,0,"0000-00-00 00:00:00","0000-00-00 00:00:00","0000-00-00 00:00:00"
7,"ZO Patna","ZO Patna","2nd Floor,134-A, Patliputra Colony,
Opposite Polytechnic Gate,Patna Bihar, PIN ? 800013",PATNA,BIHAR,800013,"Shantanu Kanth",,7635093755,NA,,"Mr.Shantanu Kanth(RIT)",BIHAR,7635093755,shantanu.kanth@utkarsh.bank,PO-22-02-014184,"EPSON (Printer - Dotmatrix)","EPSON PLQ-35",X7ZT011200,,,,,4,0,0,0,"0000-00-00 00:00:00","0000-00-00 00:00:00","0000-00-00 00:00:00"
7,"ZO Patna","ZO Patna","2nd Floor,134-A, Patliputra Colony,
Opposite Polytechnic Gate,Patna Bihar, PIN ? 800013",PATNA,BIHAR,800013,"Shantanu Kanth",,7635093755,NA,,"Mr.Shantanu Kanth(RIT)",BIHAR,7635093755,shantanu.kanth@utkarsh.bank,PO-22-02-014184,"EPSON (Printer - Dotmatrix)","EPSON PLQ-35",X7ZT011261,,,,,4,0,0,0,"0000-00-00 00:00:00","0000-00-00 00:00:00","0000-00-00 00:00:00"
7,"ZO Patna","ZO Patna","2nd Floor,134-A, Patliputra Colony,
Opposite Polytechnic Gate,Patna Bihar, PIN ? 800013",PATNA,BIHAR,800013,"Shantanu Kanth",,7635093755,NA,,"Mr.Shantanu Kanth(RIT)",BIHAR,7635093755,shantanu.kanth@utkarsh.bank,PO-22-02-014184,"EPSON (Printer - Dotmatrix)","EPSON PLQ-35",X7ZT011316,,,,,4,0,0,0,"0000-00-00 00:00:00","0000-00-00 00:00:00","0000-00-00 00:00:00"
7,"ZO Patna","ZO Patna","2nd Floor,134-A, Patliputra Colony,
Opposite Polytechnic Gate,Patna Bihar, PIN ? 800013",PATNA,BIHAR,800013,"Shantanu Kanth",,7635093755,NA,,"Mr.Shantanu Kanth(RIT)",BIHAR,7635093755,shantanu.kanth@utkarsh.bank,PO-22-02-014184,"EPSON (Printer - Dotmatrix)","EPSON PLQ-35",X7ZT011391,,,,,4,0,0,0,"0000-00-00 00:00:00","0000-00-00 00:00:00","0000-00-00 00:00:00"
7,"ZO Patna","ZO Patna","2nd Floor,134-A, Patliputra Colony,
Opposite Polytechnic Gate,Patna Bihar, PIN ? 800013",PATNA,BIHAR,800013,"Shantanu Kanth",,7635093755,NA,,"Mr.Shantanu Kanth(RIT)",BIHAR,7635093755,shantanu.kanth@utkarsh.bank,PO-22-02-014184,"EPSON (Printer - Dotmatrix)","EPSON PLQ-35",X7ZT011455,,,,,4,0,0,0,"0000-00-00 00:00:00","0000-00-00 00:00:00","0000-00-00 00:00:00"
8,"Zonal Office - Delhi -
8","New Delhi Central Division"," 9B,PUSA ROAD ,RAJINDER PLACE ,NEW DELHI-110060",CENTRAL,DELHI,110060,"Mr Ramesh",,7060504211,NA,,"Mr Ramesh (RIT)",DELHI,7060504211,ramesh.kumar@utkarsh.bank,PO-22-11-011331,"Brother (Printer - LaserJet)","Brother- L2541DW",E73802A2N240412,"ICON TN-2365","ICON DR 2365",,,3,0,0,0,"0000-00-00 00:00:00","0000-00-00 00:00:00","0000-00-00 00:00:00"
8,"Zonal Office - Delhi -
8","New Delhi Central Division"," 9B,PUSA ROAD ,RAJINDER PLACE ,NEW DELHI-110060",CENTRAL,DELHI,110060,"Mr Ramesh",,7060504211,NA,,"Mr Ramesh (RIT)",DELHI,7060504211,ramesh.kumar@utkarsh.bank,PO-22-01-013032,"Brother (Printer - LaserJet)","Brother- L2541DW",E73802J1N978390,"ICON TN-2365","ICON DR 2365",,,3,0,0,0,"0000-00-00 00:00:00","0000-00-00 00:00:00","0000-00-00 00:00:00"
8,"Zonal Office - Delhi -
8","New Delhi Central Division"," 9B,PUSA ROAD ,RAJINDER PLACE ,NEW DELHI-110060",CENTRAL,DELHI,110060,"Mr Ramesh",,7060504211,NA,,"Mr Ramesh (RIT)",DELHI,7060504211,ramesh.kumar@utkarsh.bank,PO-22-08-009000,"Kyocera (Printer - LaserJet)","Kyocera FS 2040 DN",VYB1566082,"ICON TK-1178",DK-1150,,,1,0,0,0,"0000-00-00 00:00:00","0000-00-00 00:00:00","0000-00-00 00:00:00"
8,"Zonal Office - Delhi -
8","New Delhi Central Division"," 9B,PUSA ROAD ,RAJINDER PLACE ,NEW DELHI-110060",CENTRAL,DELHI,110060,"Mr Ramesh",,7060504211,NA,,"Mr Ramesh (RIT)",DELHI,7060504211,ramesh.kumar@utkarsh.bank,PO-23-02-027089,"Kyocera (Printer - LaserJet)","Kyocera FS 2040 DN",VYB2Y23031,"ICON TK-1178",DK-1150,,,3,0,0,0,"0000-00-00 00:00:00","0000-00-00 00:00:00","0000-00-00 00:00:00"
8,"Zonal Office - Delhi -
8","New Delhi Central Division"," 9B,PUSA ROAD ,RAJINDER PLACE ,NEW DELHI-110060",CENTRAL,DELHI,110060,"Mr Ramesh",,7060504211,NA,,"Mr Ramesh (RIT)",DELHI,7060504211,ramesh.kumar@utkarsh.bank,PO-23-11-023342,"EPSON (Printer - Inktank)","EPSON M3170 EPIL",X5TW010959,,,INK-005,"Maintaince Box",3,0,0,0,"0000-00-00 00:00:00","0000-00-00 00:00:00","0000-00-00 00:00:00"
8,"Zonal Office - Delhi -
8","New Delhi Central Division"," 9B,PUSA ROAD ,RAJINDER PLACE ,NEW DELHI-110060",CENTRAL,DELHI,110060,"Mr Ramesh",,7060504211,NA,,"Mr Ramesh (RIT)",DELHI,7060504211,ramesh.kumar@utkarsh.bank,PO-22-11-011331,"EPSON (Printer - Inktank)","EPSON M3170 EPIL",X5TW011248,,,INK-005,"Maintaince Box",3,0,0,0,"0000-00-00 00:00:00","0000-00-00 00:00:00","0000-00-00 00:00:00"
8,"Zonal Office - Delhi -
8","New Delhi Central Division"," 9B,PUSA ROAD ,RAJINDER PLACE ,NEW DELHI-110060",CENTRAL,DELHI,110060,"Mr Ramesh",,7060504211,NA,,"Mr Ramesh (RIT)",DELHI,7060504211,ramesh.kumar@utkarsh.bank,PO-23-11-023342,"EPSON (Printer - Inktank)","EPSON M3170 EPIL",X5TW013207,,,INK-005,"Maintaince Box",3,0,0,0,"0000-00-00 00:00:00","0000-00-00 00:00:00","0000-00-00 00:00:00"
8,"Zonal Office - Delhi -
8","New Delhi Central Division"," 9B,PUSA ROAD ,RAJINDER PLACE ,NEW DELHI-110060",CENTRAL,DELHI,110060,"Mr Ramesh",,7060504211,NA,,"Mr Ramesh (RIT)",DELHI,7060504211,ramesh.kumar@utkarsh.bank,PO-23-05-017446,"EPSON (Printer - Inktank)","EPSON M3170 EPIL",X5TW013357,,,INK-005,"Maintaince Box",3,0,0,0,"0000-00-00 00:00:00","0000-00-00 00:00:00","0000-00-00 00:00:00"
8,"Zonal Office - Delhi -
8","New Delhi Central Division"," 9B,PUSA ROAD ,RAJINDER PLACE ,NEW DELHI-110060",CENTRAL,DELHI,110060,"Mr Ramesh",,7060504211,NA,,"Mr Ramesh (RIT)",DELHI,7060504211,ramesh.kumar@utkarsh.bank,PO-23-05-017446,"EPSON (Printer - Inktank)","EPSON M3170 EPIL",X5TW013466,,,INK-005,"Maintaince Box",3,0,0,0,"0000-00-00 00:00:00","0000-00-00 00:00:00","0000-00-00 00:00:00"
8,"Zonal Office - Delhi -
8","New Delhi Central Division"," 9B,PUSA ROAD ,RAJINDER PLACE ,NEW DELHI-110060",CENTRAL,DELHI,110060,"Mr Ramesh",,7060504211,NA,,"Mr Ramesh (RIT)",DELHI,7060504211,ramesh.kumar@utkarsh.bank,PO-23-05-017446,"EPSON (Printer - Inktank)","EPSON M3170 EPIL",X5TW013480,,,INK-005,"Maintaince Box",3,0,4000,0,"0000-00-00 00:00:00","0000-00-00 00:00:00","0000-00-00 00:00:00"
8,"Zonal Office - Delhi -
8","New Delhi Central Division"," 9B,PUSA ROAD ,RAJINDER PLACE ,NEW DELHI-110060",CENTRAL,DELHI,110060,"Mr Ramesh",,7060504211,NA,,"Mr Ramesh (RIT)",DELHI,7060504211,ramesh.kumar@utkarsh.bank,PO-23-05-017446,"EPSON (Printer - Inktank)","EPSON M3170 EPIL",X5TW013565,,,INK-005,"Maintaince Box",3,0,0,0,"0000-00-00 00:00:00","0000-00-00 00:00:00","0000-00-00 00:00:00"
8,"Zonal Office - Delhi -
8","New Delhi Central Division"," 9B,PUSA ROAD ,RAJINDER PLACE ,NEW DELHI-110060",CENTRAL,DELHI,110060,"Mr Ramesh",,7060504211,NA,,"Mr Ramesh (RIT)",DELHI,7060504211,ramesh.kumar@utkarsh.bank,PO-23-08-020514,"EPSON (Printer - Inktank)","EPSON M3170 EPIL",X5TW015512,,,INK-005,"Maintaince Box",3,0,0,0,"0000-00-00 00:00:00","0000-00-00 00:00:00","0000-00-00 00:00:00"
8,"Zonal Office - Delhi -
8","New Delhi Central Division"," 9B,PUSA ROAD ,RAJINDER PLACE ,NEW DELHI-110060",CENTRAL,DELHI,110060,"Mr Ramesh",,7060504211,NA,,"Mr Ramesh (RIT)",DELHI,7060504211,ramesh.kumar@utkarsh.bank,PO-23-08-020514,"EPSON (Printer - Inktank)","EPSON M3170 EPIL",X5TW015516,,,INK-005,"Maintaince Box",3,0,4000,0,"0000-00-00 00:00:00","0000-00-00 00:00:00","0000-00-00 00:00:00"
8,"Zonal Office - Delhi -
8","New Delhi Central Division"," 9B,PUSA ROAD ,RAJINDER PLACE ,NEW DELHI-110060",CENTRAL,DELHI,110060,"Mr Ramesh",,7060504211,NA,,"Mr Ramesh (RIT)",DELHI,7060504211,ramesh.kumar@utkarsh.bank,PO-23-08-020514,"EPSON (Printer - Inktank)","EPSON M3170 EPIL",X5TW015533,,,INK-005,"Maintaince Box",3,0,0,0,"0000-00-00 00:00:00","0000-00-00 00:00:00","0000-00-00 00:00:00"
8,"Zonal Office - Delhi -
8","New Delhi Central Division"," 9B,PUSA ROAD ,RAJINDER PLACE ,NEW DELHI-110060",CENTRAL,DELHI,110060,"Mr Ramesh",,7060504211,NA,,"Mr Ramesh (RIT)",DELHI,7060504211,ramesh.kumar@utkarsh.bank,PO-23-11-023251,"EPSON (Printer - Inktank)","EPSON M3170 EPIL",X5TW017607,,,INK-005,"Maintaince Box",3,0,0,0,"0000-00-00 00:00:00","0000-00-00 00:00:00","0000-00-00 00:00:00"
8,"Zonal Office - Delhi -
8","New Delhi Central Division"," 9B,PUSA ROAD ,RAJINDER PLACE ,NEW DELHI-110060",CENTRAL,DELHI,110060,"Mr Ramesh",,7060504211,NA,,"Mr Ramesh (RIT)",DELHI,7060504211,ramesh.kumar@utkarsh.bank,PO-22-02-014182,"EPSON (Printer - Dotmatrix)","EPSON PLQ-35",X7ZT011380,,,,,4,0,0,0,"0000-00-00 00:00:00","0000-00-00 00:00:00","0000-00-00 00:00:00"
8,"Zonal Office - Delhi -
8","New Delhi Central Division"," 9B,PUSA ROAD ,RAJINDER PLACE ,NEW DELHI-110060",CENTRAL,DELHI,110060,"Mr Ramesh",,7060504211,NA,,"Mr Ramesh (RIT)",DELHI,7060504211,ramesh.kumar@utkarsh.bank,PO-22-02-014182,"EPSON (Printer - Dotmatrix)","EPSON PLQ-35",X7ZT011388,,,,,4,0,0,0,"0000-00-00 00:00:00","0000-00-00 00:00:00","0000-00-00 00:00:00"
8,"Zonal Office - Delhi -
8","New Delhi Central Division"," 9B,PUSA ROAD ,RAJINDER PLACE ,NEW DELHI-110060",CENTRAL,DELHI,110060,"Mr Ramesh",,7060504211,NA,,"Mr Ramesh (RIT)",DELHI,7060504211,ramesh.kumar@utkarsh.bank,PO-22-02-014182,"EPSON (Printer - Dotmatrix)","EPSON PLQ-35",X7ZT011449,,,,,4,0,0,0,"0000-00-00 00:00:00","0000-00-00 00:00:00","0000-00-00 00:00:00"
8,"Zonal Office - Delhi -
8","New Delhi Central Division"," 9B,PUSA ROAD ,RAJINDER PLACE ,NEW DELHI-110060",CENTRAL,DELHI,110060,"Mr Ramesh",,7060504211,NA,,"Mr Ramesh (RIT)",DELHI,7060504211,ramesh.kumar@utkarsh.bank,PO-22-02-014182,"EPSON (Printer - Dotmatrix)","EPSON PLQ-35",X7ZT011453,,,,,4,0,0,0,"0000-00-00 00:00:00","0000-00-00 00:00:00","0000-00-00 00:00:00"
8,"Zonal Office - Delhi -
8","New Delhi Central Division"," 9B,PUSA ROAD ,RAJINDER PLACE ,NEW DELHI-110060",CENTRAL,DELHI,110060,"Mr Ramesh",,7060504211,NA,,"Mr Ramesh (RIT)",DELHI,7060504211,ramesh.kumar@utkarsh.bank,PO-22-02-014182,"EPSON (Printer - Dotmatrix)","EPSON PLQ-35",X7ZT011456,,,,,4,0,0,0,"0000-00-00 00:00:00","0000-00-00 00:00:00","0000-00-00 00:00:00"
9,"Zonal
Office -
Nagpur - 9","Nagpur City Division","6th Floor, Honey Arjun Kaushalya Tower, Plot no. 268, Beside HDFC Bank,Central Avenue Road, Lakadganj, Nagpur (MH) - 440008, NAGPUR, Zonal
Office - Nagpur - 9, 440008",NAGPUR,MAHARASHTRA,440008,"Mr Kamal Rout",,7987321307,NA,,"Mr. Rahul Chauhan (RIT) & Mr. Kamal (RIT)",MAHARASHTRA,7021828776/7525048585,rahul.chauhan1@utkarsh.bank,PO-23-08-020513,"EPSON (Printer - Inktank)","EPSON M3170 EPIL",X5TW015769,,,INK-005,"Maintaince Box",3,0,0,0,"0000-00-00 00:00:00","0000-00-00 00:00:00","0000-00-00 00:00:00"
9,"Zonal
Office -
Nagpur - 9","Nagpur City Division","6th Floor, Honey Arjun Kaushalya Tower, Plot no. 268, Beside HDFC Bank,Central Avenue Road, Lakadganj, Nagpur (MH) - 440008, NAGPUR, Zonal
Office - Nagpur - 9, 440008",NAGPUR,MAHARASHTRA,440008,"Mr Kamal Rout",,7987321307,NA,,"Mr. Rahul Chauhan (RIT) & Mr. Kamal (RIT)",MAHARASHTRA,7021828776/7525048585,rahul.chauhan1@utkarsh.bank,PO-23-08-020834,"EPSON (Printer - Inktank)","EPSON M3170 EPIL",X5TW016052,,,INK-005,"Maintaince Box",3,0,0,0,"0000-00-00 00:00:00","0000-00-00 00:00:00","0000-00-00 00:00:00"
9,"Zonal
Office -
Nagpur - 9","Nagpur City Division","6th Floor, Honey Arjun Kaushalya Tower, Plot no. 268, Beside HDFC Bank,Central Avenue Road, Lakadganj, Nagpur (MH) - 440008, NAGPUR, Zonal
Office - Nagpur - 9, 440008",NAGPUR,MAHARASHTRA,440008,"Mr Kamal Rout",,7987321307,NA,,"Mr. Rahul Chauhan (RIT) & Mr. Kamal (RIT)",MAHARASHTRA,7021828776/7525048585,rahul.chauhan1@utkarsh.bank,PO-23-08-020513,"EPSON (Printer - Inktank)","EPSON M3170 EPIL",X5TW016056,,,INK-005,"Maintaince Box",3,0,0,0,"0000-00-00 00:00:00","0000-00-00 00:00:00","0000-00-00 00:00:00"
9,"Zonal
Office -
Nagpur - 9","Nagpur City Division","6th Floor, Honey Arjun Kaushalya Tower, Plot no. 268, Beside HDFC Bank,Central Avenue Road, Lakadganj, Nagpur (MH) - 440008, NAGPUR, Zonal
Office - Nagpur - 9, 440008",NAGPUR,MAHARASHTRA,440008,"Mr Kamal Rout",,7987321307,NA,,"Mr. Rahul Chauhan (RIT) & Mr. Kamal (RIT)",MAHARASHTRA,7021828776/7525048585,rahul.chauhan1@utkarsh.bank,PO-23-08-020513,"EPSON (Printer - Inktank)","EPSON M3170 EPIL",X5TW016064,,,INK-005,"Maintaince Box",3,0,0,0,"0000-00-00 00:00:00","0000-00-00 00:00:00","0000-00-00 00:00:00"
9,"Zonal
Office -
Nagpur - 9","Nagpur City Division","6th Floor, Honey Arjun Kaushalya Tower, Plot no. 268, Beside HDFC Bank,Central Avenue Road, Lakadganj, Nagpur (MH) - 440008, NAGPUR, Zonal
Office - Nagpur - 9, 440008",NAGPUR,MAHARASHTRA,440008,"Mr Kamal Rout",,7987321307,NA,,"Mr. Rahul Chauhan (RIT) & Mr. Kamal (RIT)",MAHARASHTRA,7021828776/7525048585,rahul.chauhan1@utkarsh.bank,PO-23-08-020834,"EPSON (Printer - Inktank)","EPSON M3170 EPIL",X5TW016094,,,INK-005,"Maintaince Box",3,0,0,0,"0000-00-00 00:00:00","0000-00-00 00:00:00","0000-00-00 00:00:00"
9,"Zonal
Office -
Nagpur - 9","Nagpur City Division","6th Floor, Honey Arjun Kaushalya Tower, Plot no. 268, Beside HDFC Bank,Central Avenue Road, Lakadganj, Nagpur (MH) - 440008, NAGPUR, Zonal
Office - Nagpur - 9, 440008",NAGPUR,MAHARASHTRA,440008,"Mr Kamal Rout",,7987321307,NA,,"Mr. Rahul Chauhan (RIT) & Mr. Kamal (RIT)",MAHARASHTRA,7021828776/7525048585,rahul.chauhan1@utkarsh.bank,PO-22-02-014183,"EPSON (Printer - Dotmatrix)","EPSON PLQ-35",X7ZT011283,,,,,4,0,0,0,"0000-00-00 00:00:00","0000-00-00 00:00:00","0000-00-00 00:00:00"
9,"Zonal
Office -
Nagpur - 9","Nagpur City Division","6th Floor, Honey Arjun Kaushalya Tower, Plot no. 268, Beside HDFC Bank,Central Avenue Road, Lakadganj, Nagpur (MH) - 440008, NAGPUR, Zonal
Office - Nagpur - 9, 440008",NAGPUR,MAHARASHTRA,440008,"Mr Kamal Rout",,7987321307,NA,,"Mr. Rahul Chauhan (RIT) & Mr. Kamal (RIT)",MAHARASHTRA,7021828776/7525048585,rahul.chauhan1@utkarsh.bank,PO-22-02-014183,"EPSON (Printer - Dotmatrix)","EPSON PLQ-35",X7ZT011392,,,,,4,0,0,0,"0000-00-00 00:00:00","0000-00-00 00:00:00","0000-00-00 00:00:00"
9,"Zonal
Office -
Nagpur - 9","Nagpur City Division","6th Floor, Honey Arjun Kaushalya Tower, Plot no. 268, Beside HDFC Bank,Central Avenue Road, Lakadganj, Nagpur (MH) - 440008, NAGPUR, Zonal
Office - Nagpur - 9, 440008",NAGPUR,MAHARASHTRA,440008,"Mr Kamal Rout",,7987321307,NA,,"Mr. Rahul Chauhan (RIT) & Mr. Kamal (RIT)",MAHARASHTRA,7021828776/7525048585,rahul.chauhan1@utkarsh.bank,PO-22-02-014183,"EPSON (Printer - Dotmatrix)","EPSON PLQ-35",X7ZT011399,,,,,4,0,0,0,"0000-00-00 00:00:00","0000-00-00 00:00:00","0000-00-00 00:00:00"
9,"Zonal
Office -
Nagpur - 9","Nagpur City Division","6th Floor, Honey Arjun Kaushalya Tower, Plot no. 268, Beside HDFC Bank,Central Avenue Road, Lakadganj, Nagpur (MH) - 440008, NAGPUR, Zonal
Office - Nagpur - 9, 440008",NAGPUR,MAHARASHTRA,440008,"Mr Kamal Rout",,7987321307,NA,,"Mr. Rahul Chauhan (RIT) & Mr. Kamal (RIT)",MAHARASHTRA,7021828776/7525048585,rahul.chauhan1@utkarsh.bank,PO-22-02-014183,"EPSON (Printer - Dotmatrix)","EPSON PLQ-35",X7ZT011450,,,,,4,0,0,0,"0000-00-00 00:00:00","0000-00-00 00:00:00","0000-00-00 00:00:00"
9,"Zonal
Office -
Nagpur - 9","Nagpur City Division","6th Floor, Honey Arjun Kaushalya Tower, Plot no. 268, Beside HDFC Bank,Central Avenue Road, Lakadganj, Nagpur (MH) - 440008, NAGPUR, Zonal
Office - Nagpur - 9, 440008",NAGPUR,MAHARASHTRA,440008,"Mr Kamal Rout",,7987321307,NA,,"Mr. Rahul Chauhan (RIT) & Mr. Kamal (RIT)",MAHARASHTRA,7021828776/7525048585,rahul.chauhan1@utkarsh.bank,PO-22-02-014183,"EPSON (Printer - Dotmatrix)","EPSON PLQ-35",X7ZT011454,,,,,4,0,0,0,"0000-00-00 00:00:00","0000-00-00 00:00:00","0000-00-00 00:00:00"
10,ZO-Ranchi-10,"Ranchi Division","House. No-238, 2nd Floor (G2), Ward No- 27, Shivpuri Kilburn Colony, Hinoo, Ranchi (Jharkhand) , Pin-834002, RANCHI,
Zonal Office - Ranchi - 10, 834002",RANCHI,JHARKHAND,834002,"Mr Tapas Kumar",,9337513317,NA,,"Mr. Tapas Barik & Mr. Nitin Kumar (RIT)",JHARKHAND,9337513317/9608295625,tapas.barikh@utkarsh.bank,PO-22-03-015078,"Brother (Printer - LaserJet)","Brother- L2541DW",E73802A2N240822,"ICON TN-2365","ICON DR 2365",,,3,0,0,0,"0000-00-00 00:00:00","0000-00-00 00:00:00","0000-00-00 00:00:00"
10,ZO-Ranchi-10,"Ranchi Division","House. No-238, 2nd Floor (G2), Ward No- 27, Shivpuri Kilburn Colony, Hinoo, Ranchi (Jharkhand) , Pin-834002, RANCHI,
Zonal Office - Ranchi - 10, 834002",RANCHI,JHARKHAND,834002,"Mr Tapas Kumar",,9337513317,NA,,"Mr. Tapas Barik & Mr. Nitin Kumar (RIT)",JHARKHAND,9337513317/9608295625,tapas.barikh@utkarsh.bank,PO-22-11-011327,"EPSON (Printer - Inktank)","EPSON M3170 EPIL",X5TW011240,,,INK-005,"Maintaince Box",3,0,0,0,"0000-00-00 00:00:00","0000-00-00 00:00:00","0000-00-00 00:00:00"
10,ZO-Ranchi-10,"Ranchi Division","House. No-238, 2nd Floor (G2), Ward No- 27, Shivpuri Kilburn Colony, Hinoo, Ranchi (Jharkhand) , Pin-834002, RANCHI,
Zonal Office - Ranchi - 10, 834002",RANCHI,JHARKHAND,834002,"Mr Tapas Kumar",,9337513317,NA,,"Mr. Tapas Barik & Mr. Nitin Kumar (RIT)",JHARKHAND,9337513317/9608295625,tapas.barikh@utkarsh.bank,PO-23-08-020850,"EPSON (Printer - Inktank)","EPSON M3170 EPIL",X5TW016397,,,INK-005,"Maintaince Box",3,0,0,0,"0000-00-00 00:00:00","0000-00-00 00:00:00","0000-00-00 00:00:00"
10,ZO-Ranchi-10,"Ranchi Division","House. No-238, 2nd Floor (G2), Ward No- 27, Shivpuri Kilburn Colony, Hinoo, Ranchi (Jharkhand) , Pin-834002, RANCHI,
Zonal Office - Ranchi - 10, 834002",RANCHI,JHARKHAND,834002,"Mr Tapas Kumar",,9337513317,NA,,"Mr. Tapas Barik & Mr. Nitin Kumar (RIT)",JHARKHAND,9337513317/9608295625,tapas.barikh@utkarsh.bank,PO-23-11-023703,"EPSON (Printer - Inktank)","EPSON M3170 EPIL",X5TW017571,,,INK-005,"Maintaince Box",3,0,0,0,"0000-00-00 00:00:00","0000-00-00 00:00:00","0000-00-00 00:00:00"
10,ZO-Ranchi-10,"Ranchi Division","House. No-238, 2nd Floor (G2), Ward No- 27, Shivpuri Kilburn Colony, Hinoo, Ranchi (Jharkhand) , Pin-834002, RANCHI,
Zonal Office - Ranchi - 10, 834002",RANCHI,JHARKHAND,834002,"Mr Tapas Kumar",,9337513317,NA,,"Mr. Tapas Barik & Mr. Nitin Kumar (RIT)",JHARKHAND,9337513317/9608295625,tapas.barikh@utkarsh.bank,PO-23-12-024407,"EPSON (Printer - Inktank)","EPSON M3170 EPIL",X5TW018371,,,INK-005,"Maintaince Box",3,0,0,0,"0000-00-00 00:00:00","0000-00-00 00:00:00","0000-00-00 00:00:00"
21,"Balangir RO","Balangir RO","Ground Floor, Patnagarh Road, Laltikhra, Near Sadar Thana & Infront of Medical college, Dist.: Balangir, State - Odisha ,Pin Code ? 767001",BALANGIR,ODISHA,767001,"Sanjay Mishra",,9853679830,NA,,"Mr. Sanjay Kumar Mishra (RIT)",ODISHA,9853679830,sanjay.mishra@utkarsh.bank,PO-23-05-017447,"EPSON (Printer - Inktank)","EPSON M3170 EPIL",X5TW012509,,,INK-005,"Maintaince Box",3,0.4,0,0,"0000-00-00 00:00:00","0000-00-00 00:00:00","0000-00-00 00:00:00"
22,ZO-Bhubaneswar-22,"Bhubaneswar Division","1st and 3rd Floor, A.N Plaza, Plot No-267-1009, Rasulgarh Square,
Rasulgarh, Bhubaneswar-751010,, Bhubaneswar, BHUBANESHWAR ZO and TRAINING CENTRE, 751010 .",KHORDHA,ODISHA,751010,"Sanjay Mishra",,9853679830,NA,,"Mr. Sanjay Kumar Mishra (RIT)",ODISHA,9853679830,sanjay.mishra@utkarsh.bank,PO-22-11-011333,"Brother (Printer - LaserJet)","Brother- L2541DW",E73802K1N128177/E73802K1N128293,"ICON TN-2365","ICON DR 2365",,,3,0,0,0,"0000-00-00 00:00:00","0000-00-00 00:00:00","0000-00-00 00:00:00"
22,ZO-Bhubaneswar-22,"Bhubaneswar Division","1st and 3rd Floor, A.N Plaza, Plot No-267-1009, Rasulgarh Square,
Rasulgarh, Bhubaneswar-751010,, Bhubaneswar, BHUBANESHWAR ZO and TRAINING CENTRE, 751010 .",KHORDHA,ODISHA,751010,"Sanjay Mishra",,9853679830,NA,,"Mr. Sanjay Kumar Mishra (RIT)",ODISHA,9853679830,sanjay.mishra@utkarsh.bank,PO-22-10-010854,"Kyocera (Printer - LaserJet)","Kyocera FS 2040 DN",VYB1667733,"ICON TK-1178",DK-1150,,,1,0.4,0,2500,"0000-00-00 00:00:00","0000-00-00 00:00:00","0000-00-00 00:00:00"
25,"Salt Lake Kolkata","Kolkata East Division","Ground floor, FC123, Sector - 3, Bidhan Nagar, Kolkata-700091, State- West Bengal, KOLKATA, Salt Lake Kolkata, 700091 .","24 PARAGANAS NORTH","WEST BENGAL",700091,"Mr Tapas Kumar",,9337513317,NA,,"Mr.Tapas Kumar Barikh(RIT)","WEST BENGAL",9337513317,tapas.barikh@utkarsh.bank,PO-21-03-004233,"Kyocera (Printer - LaserJet)","Kyocera FS 2040 DN",VY80948877,"ICON TK-1178",DK-1150,,,1,0,0,0,"0000-00-00 00:00:00","0000-00-00 00:00:00","0000-00-00 00:00:00"
25,"Salt Lake Kolkata","Kolkata East Division","Ground floor, FC123, Sector - 3, Bidhan Nagar, Kolkata-700091, State- West Bengal, KOLKATA, Salt Lake Kolkata, 700091 .","24 PARAGANAS NORTH","WEST BENGAL",700091,"Mr Tapas Kumar",,9337513317,NA,,"Mr.Tapas Kumar Barikh(RIT)","WEST BENGAL",9337513317,tapas.barikh@utkarsh.bank," PO-22-06-006876","Kyocera (Printer - LaserJet)","Kyocera FS 2040 DN",VYB1258584,"ICON TK-1178",DK-1150,,,1,0,0,0,"0000-00-00 00:00:00","0000-00-00 00:00:00","0000-00-00 00:00:00"
43,"Motihari Regional office","Motihari Regional office","Regional Office : 6/511, Indra Nagar, Chhatauni Chowk, Near (Rajeev Automobiles )Behind Sheetal Hotel, Gali No. 1, Motihari, East Champaran, Bihar, Pin No. 845401,","PURBI CHAMPARAN",BIHAR,845401," 
Ranjeet kumar sharma",,8146159424,NA,,"Mr.Ajeet Kumar(RIT)",BIHAR,9608953407,ajeet.kumar@utkarsh.bank,PO-23-12-025163,"Kyocera (Printer - LaserJet)","Kyocera FS 2040 DN",VYB2X14161,"ICON TK-1178",DK-1150,,,3,0.4,0,2500,"0000-00-00 00:00:00","0000-00-00 00:00:00","0000-00-00 00:00:00"
1001,"Ashok Vihar","Ashok Vihar"," First Floor,House Number SA-37/20,RLG Complex,Vasudev Nagar,Paharia,District ? Varanasi,Uttar Pradesh,Pin code ? 221007",VARANASI,"UTTAR PRADESH",221007,Sadhana,,9452235860,NA,,"Mr.Vishal Yadahav (RIT)","UTTAR PRADESH",8052868052,vishal.yadhav@utkarsh.bank,PO-23-08-020514,"EPSON (Printer - Inktank)","EPSON M3170 EPIL",X5TW010970,,,INK-005,"Maintaince Box",3,0.4,0,0,"0000-00-00 00:00:00","0000-00-00 00:00:00","0000-00-00 00:00:00"
1001,"Ashok Vihar","Ashok Vihar"," First Floor,House Number SA-37/20,RLG Complex,Vasudev Nagar,Paharia,District ? Varanasi,Uttar Pradesh,Pin code ? 221007",VARANASI,"UTTAR PRADESH",221007,Sadhana,,9452235860,NA,,"Mr.Vishal Yadahav (RIT)","UTTAR PRADESH",8052868052,vishal.yadhav@utkarsh.bank,PO-23-04-016383,"Samsung (Printer - LaserJet)",MFD-SL-M2876ND,ZD4GB8KJ2F007MZ,,,"ICON 116L (Toner)","ICON 116L (Drum Unit)",3,0.4,0,0,"0000-00-00 00:00:00","0000-00-00 00:00:00","0000-00-00 00:00:00"
1002,"Sigra (Combo)","Sigra (Combo)","Upper Ground Floor & First Floor, Shankar Tower, House no.C-33/2C, C-33/2C-1,Mauza- Habibpura, Mohalla- Chittupur Chandua (Sigra), Ward-Chetganj, Pargana- Dehat-Amanat, The & District- Varanasi 221002",VARANASI,"UTTAR PRADESH",221002,"Poornima Kumari",,9838355810,NA,,"Mr.Vishal Yadahav (RIT)","UTTAR PRADESH",8052868052,vishal.yadhav@utkarsh.bank,PO-23-04-016383,"Samsung (Printer - LaserJet)",MFD-SL-M2876ND,CNB1L9L54L,,,"ICON 116L (Toner)","ICON 116L (Drum Unit)",3,0.4,0,0,"0000-00-00 00:00:00","0000-00-00 00:00:00","0000-00-00 00:00:00"
1002,"Sigra (Combo)","Sigra (Combo)","Upper Ground Floor & First Floor, Shankar Tower, House no.C-33/2C, C-33/2C-1,Mauza- Habibpura, Mohalla- Chittupur Chandua (Sigra), Ward-Chetganj, Pargana- Dehat-Amanat, The & District- Varanasi 221002",VARANASI,"UTTAR PRADESH",221002,"Poornima Kumari",,9838355810,NA,,"Mr.Vishal Yadahav (RIT)","UTTAR PRADESH",8052868052,vishal.yadhav@utkarsh.bank,PO-23-04-016383,"Samsung (Printer - LaserJet)",MFD-SL-M2876ND,CNB2M4JRK5,,,"ICON 116L (Toner)","ICON 116L (Drum Unit)",3,0.4,0,0,"0000-00-00 00:00:00","0000-00-00 00:00:00","0000-00-00 00:00:00"
1002,"Sigra (Combo)","Sigra (Combo)","Upper Ground Floor & First Floor, Shankar Tower, House no.C-33/2C, C-33/2C-1,Mauza- Habibpura, Mohalla- Chittupur Chandua (Sigra), Ward-Chetganj, Pargana- Dehat-Amanat, The & District- Varanasi 221002",VARANASI,"UTTAR PRADESH",221002,"Poornima Kumari",,9838355810,NA,,"Mr.Vishal Yadahav (RIT)","UTTAR PRADESH",8052868052,vishal.yadhav@utkarsh.bank,PO-23-12-024565,"EPSON (Printer - Inktank)","EPSON M3170 EPIL",X5TW018780,,,INK-005,"Maintaince Box",3,0.4,0,0,"0000-00-00 00:00:00","0000-00-00 00:00:00","0000-00-00 00:00:00"
1003,Harhua,Harhua," Near Sant Jhones Schhol,Koirajpur,Harhua,District ? Varanasi,Uttar Pradesh,Pin code ? 221002",VARANASI,"UTTAR PRADESH",221002,"Kusum Patel/Rita Patel",,6387444258,NA,,"Mr.Vishal Yadahav (RIT)","UTTAR PRADESH",8052868052,vishal.yadhav@utkarsh.bank,PO-23-05-017661,"EPSON (Printer - Inktank)","EPSON M3170 EPIL",X5TW012260,,,INK-005,"Maintaince Box",3,0.4,0,0,"0000-00-00 00:00:00","0000-00-00 00:00:00","0000-00-00 00:00:00"
1003,Harhua,Harhua," Near Sant Jhones Schhol,Koirajpur,Harhua,District ? Varanasi,Uttar Pradesh,Pin code ? 221002",VARANASI,"UTTAR PRADESH",221002,"Kusum Patel/Rita Patel",,6387444258,NA,,"Mr.Vishal Yadahav (RIT)","UTTAR PRADESH",8052868052,vishal.yadhav@utkarsh.bank,PO-23-04-016383,"Samsung (Printer - LaserJet)",MFD-SL-M2876ND,ZD4GB8KJ2F006GW,,,"ICON 116L (Toner)","ICON 116L (Drum Unit)",3,0.4,0,0,"0000-00-00 00:00:00","0000-00-00 00:00:00","0000-00-00 00:00:00"
1004,Jansa,Gopiganj,"Rajatalab Road,Near Syndicate Bank,Dindaspur,Jansa,District ? Varanasi,Uttar Pradesh,Pin code ? 221405",VARANASI,"UTTAR PRADESH",221405,"Vivek Pandey",,8853295916,bm.jansa@utkarsh.bank,,"Mr.Vishal Yadahav (RIT)","UTTAR PRADESH",8052868052,vishal.yadhav@utkarsh.bank,PO-23-04-016383,"Samsung (Printer - LaserJet)",MFD-SL-M2876ND,CNB1L9L54G,,,"ICON 116L (Toner)","ICON 116L (Drum Unit)",3,0.4,0,0,"0000-00-00 00:00:00","0000-00-00 00:00:00","0000-00-00 00:00:00"
1004,Jansa,Gopiganj,"Rajatalab Road,Near Syndicate Bank,Dindaspur,Jansa,District ? Varanasi,Uttar Pradesh,Pin code ? 221405",VARANASI,"UTTAR PRADESH",221405,"Vivek Pandey",,8853295916,bm.jansa@utkarsh.bank,,"Mr.Vishal Yadahav (RIT)","UTTAR PRADESH",8052868052,vishal.yadhav@utkarsh.bank,PO-23-12-024798,"Kyocera (Printer - LaserJet)","Kyocera FS 2040 DN",VYB2X11066,"ICON TK-1178",DK-1150,,,3,0.4,0,0,"0000-00-00 00:00:00","0000-00-00 00:00:00","0000-00-00 00:00:00"
1005,Sindhora,"Varanasi West Division","Village- Sindhora, ParaganaKolasla, Tehsil-Pindra DistrictVaranasi State- Uttar PradeshPin code- 221208, VARANASI, Sindhora-1005, 221208",VARANASI,"UTTAR PRADESH",221208,"Jitendra Yadav /Mitlesh Singh",,8700589817/9519878236,NA,,"Mr.Vishal Yadahav (RIT)","UTTAR PRADESH",8052868052,vishal.yadhav@utkarsh.bank,PO-23-02-027790,"Kyocera (Printer - LaserJet)","Kyocera FS 2040 DN",VYB2Y23226,"ICON TK-1178",DK-1150,,,3,0,0,0,"0000-00-00 00:00:00","0000-00-00 00:00:00","0000-00-00 00:00:00"
1005,Sindhora,"Varanasi West Division","Village- Sindhora, ParaganaKolasla, Tehsil-Pindra DistrictVaranasi State- Uttar PradeshPin code- 221208, VARANASI, Sindhora-1005, 221208",VARANASI,"UTTAR PRADESH",221208,"Jitendra Yadav /Mitlesh Singh",,8700589817/9519878236,NA,,"Mr.Vishal Yadahav (RIT)","UTTAR PRADESH",8052868052,vishal.yadhav@utkarsh.bank,PO-23-04-016383,"Samsung (Printer - LaserJet)",MFD-SL-M2876ND,ZD5HB8KJ8F026KV,,,"ICON 116L (Toner)","ICON 116L (Drum Unit)",3,0.4,0,0,"0000-00-00 00:00:00","0000-00-00 00:00:00","0000-00-00 00:00:00"
1006,Chandwak,Chandwak," Near Honda Show Rom,Varanasi Azamgarh Road,Chandavak,District ? Jaunpur,Uttar Pradesh,Pin code ? 222129",JAUNPUR,"UTTAR PRADESH",222129,"Reema Bhardwaj/Vivek Kr Singh",,7045584746,NA,,"Mr.Haidar Ali (RIT)","UTTAR PRADESH",8090554271,"haidar,ali@utkarsh.bank",PO-23-07-019634,"EPSON (Printer - Inktank)","EPSON M3170 EPIL",X5TW016097,,,INK-005,"Maintaince Box",3,0,0,0,"0000-00-00 00:00:00","0000-00-00 00:00:00","0000-00-00 00:00:00"
1006,Chandwak,Chandwak," Near Honda Show Rom,Varanasi Azamgarh Road,Chandavak,District ? Jaunpur,Uttar Pradesh,Pin code ? 222129",JAUNPUR,"UTTAR PRADESH",222129,"Reema Bhardwaj/Vivek Kr Singh",,7045584746,NA,,"Mr.Haidar Ali (RIT)","UTTAR PRADESH",8090554271,"haidar,ali@utkarsh.bank",PO-23-04-016383,"Samsung (Printer - LaserJet)",MFD-SL-M2876ND,ZD5HB8KJ8F02AVT,,,"ICON 116L (Toner)","ICON 116L (Drum Unit)",3,0.4,0,0,"0000-00-00 00:00:00","0000-00-00 00:00:00","0000-00-00 00:00:00"
1007,"Olandganj (Permanatpur)","Olandganj (Permanatpur)"," First Floor,Prasad Hotel,Near Punjab & Syndh Bank,TD Collage Road,Olandanj,District ? Jaunpur,Uttar Pradesh,Pin code - 222001",JAUNPUR,"UTTAR PRADESH",222001,"Dharmendra Dubey/Saurav Tripathi",,8887597821,NA,,"Mr.Vishal Yadahav (RIT)","UTTAR PRADESH",8052868052,vishal.yadhav@utkarsh.bank,PO-23-04-016383,"Samsung (Printer - LaserJet)",MFD-SL-M2876ND,CNB3KDK7PQ,,,"ICON 116L (Toner)","ICON 116L (Drum Unit)",3,0.4,0,0,"0000-00-00 00:00:00","0000-00-00 00:00:00","0000-00-00 00:00:00"
1007,"Olandganj (Permanatpur)","Olandganj (Permanatpur)"," First Floor,Prasad Hotel,Near Punjab & Syndh Bank,TD Collage Road,Olandanj,District ? Jaunpur,Uttar Pradesh,Pin code - 222001",JAUNPUR,"UTTAR PRADESH",222001,"Dharmendra Dubey/Saurav Tripathi",,8887597821,NA,,"Mr.Vishal Yadahav (RIT)","UTTAR PRADESH",8052868052,vishal.yadhav@utkarsh.bank,PO-22-01-013029,"Brother (Printer - LaserJet)","Brother- L2541DW",E73802J1N976347,"ICON TN-2365","ICON DR 2365",,,3,0.4,0,0,"0000-00-00 00:00:00","0000-00-00 00:00:00","0000-00-00 00:00:00"
1008,Hanumanganj,Gopiganj,"First Floor,Inside Indian Oil Petrol Pump,Vraranasi G.T. Road,Hanumanganj,District ? Allahabad,Uttar Pradesh,Pin code - 221505",PRAYAGRAJ,"UTTAR PRADESH",221505,"Suresh Kumar Pal",,7318089269,bm.hanumanganj@utkarsh.bank,,"Mr. Anil Kumar (RIT)","UTTAR PRADESH",7753811316,anil.yadav@utkarsh.bank,PO-23-04-016383,"Samsung (Printer - LaserJet)",MFD-SL-M2876ND,CNB3KDK4LZ,,,"ICON 116L (Toner)","ICON 116L (Drum Unit)",3,0.4,0,0,"0000-00-00 00:00:00","0000-00-00 00:00:00","0000-00-00 00:00:00"
1008,Hanumanganj,Gopiganj,"First Floor,Inside Indian Oil Petrol Pump,Vraranasi G.T. Road,Hanumanganj,District ? Allahabad,Uttar Pradesh,Pin code - 221505",PRAYAGRAJ,"UTTAR PRADESH",221505,"Suresh Kumar Pal",,7318089269,bm.hanumanganj@utkarsh.bank,,"Mr. Anil Kumar (RIT)","UTTAR PRADESH",7753811316,anil.yadav@utkarsh.bank,PO-22-01-013029,"Brother (Printer - LaserJet)","Brother- L2541DW",E73802J1N976505,"ICON TN-2365","ICON DR 2365",,,3,0.4,0,0,"0000-00-00 00:00:00","0000-00-00 00:00:00","0000-00-00 00:00:00"
1009,MADIYAHOO,MADIYAHOO," Near LIC Office Mirzapur Road,Ranipur Power House,Mariyahoo,District ? Jaunpur,Uttar Pradesh,Pin code ? 222161",JAUNPUR,"UTTAR PRADESH",222161,"Pradeep Kumar/Sandeep Mishra",,7234901409,NA,,"Mr.Haidar Ali (RIT)","UTTAR PRADESH",8090554271,"haidar,ali@utkarsh.bank",PO-23-04-016383,"Samsung (Printer - LaserJet)",MFD-SL-M2876ND,CNB1L9L54V,,,"ICON 116L (Toner)","ICON 116L (Drum Unit)",3,0.4,0,0,"0000-00-00 00:00:00","0000-00-00 00:00:00","0000-00-00 00:00:00"
1009,MADIYAHOO,MADIYAHOO," Near LIC Office Mirzapur Road,Ranipur Power House,Mariyahoo,District ? Jaunpur,Uttar Pradesh,Pin code ? 222161",JAUNPUR,"UTTAR PRADESH",222161,"Pradeep Kumar/Sandeep Mishra",,7234901409,NA,,"Mr.Haidar Ali (RIT)","UTTAR PRADESH",8090554271,"haidar,ali@utkarsh.bank",PO-23-07-019634,"EPSON (Printer - Inktank)","EPSON M3170 EPIL",X5TW019235,,,INK-005,"Maintaince Box",3,0,0,0,"0000-00-00 00:00:00","0000-00-00 00:00:00","0000-00-00 00:00:00"
1010,Ghazipur,Ghazipur," Lanka bypass road,Near Indian Bank,Fatehpur sikander,Ghazipur,District ? Gazipur,Uttar Pradesh,Pin Code ? 233001",GHAZIPUR,"UTTAR PRADESH",233001,"Ashirvad Srivastava/Bipul Vivek Pathak",,8887883863,NA,,"Mr. Anil Kumar (RIT)","UTTAR PRADESH",7753811316,anil.yadav@utkarsh.bank,PO-23-04-016383,"Samsung (Printer - LaserJet)",MFD-SL-M2876ND,CNB1L9L54M,,,"ICON 116L (Toner)","ICON 116L (Drum Unit)",3,0.4,0,0,"0000-00-00 00:00:00","0000-00-00 00:00:00","0000-00-00 00:00:00"
1010,Ghazipur,Ghazipur," Lanka bypass road,Near Indian Bank,Fatehpur sikander,Ghazipur,District ? Gazipur,Uttar Pradesh,Pin Code ? 233001",GHAZIPUR,"UTTAR PRADESH",233001,"Ashirvad Srivastava/Bipul Vivek Pathak",,8887883863,NA,,"Mr. Anil Kumar (RIT)","UTTAR PRADESH",7753811316,anil.yadav@utkarsh.bank,PO-23-11-023335,"EPSON (Printer - Inktank)","EPSON M3170 EPIL",X5TW012589,,,INK-005,"Maintaince Box",3,0.4,0,0,"0000-00-00 00:00:00","0000-00-00 00:00:00","0000-00-00 00:00:00"
1011,Alopibagh,Naini," Near Alop Shankari Mandir,Alopibagh,District ? Allahabad,Uttar Pradesh,Pin code ? 211002",PRAYAGRAJ,"UTTAR PRADESH",211002,"Ankita Srivastava",,7985050170,bm.alopybag@utkarsh.bank,,"Mr. Anil Kumar (RIT)","UTTAR PRADESH",7753811316,anil.yadav@utkarsh.bank,PO-23-04-016383,"Samsung (Printer - LaserJet)",MFD-SL-M2876ND,"CNB3KDK7PK- ZD4GB8KJ2D00700M",,,"ICON 116L (Toner)","ICON 116L (Drum Unit)",3,0.4,0,0,"0000-00-00 00:00:00","0000-00-00 00:00:00","0000-00-00 00:00:00"
1011,Alopibagh,Naini," Near Alop Shankari Mandir,Alopibagh,District ? Allahabad,Uttar Pradesh,Pin code ? 211002",PRAYAGRAJ,"UTTAR PRADESH",211002,"Ankita Srivastava",,7985050170,bm.alopybag@utkarsh.bank,,"Mr. Anil Kumar (RIT)","UTTAR PRADESH",7753811316,anil.yadav@utkarsh.bank,PO-23-05-017661,"Brother (Printer - LaserJet)","Brother- L2541DW",E73802A2N243025,"ICON TN-2365","ICON DR 2365",,,3,0.4,0,0,"0000-00-00 00:00:00","0000-00-00 00:00:00","0000-00-00 00:00:00"
1012,Jalalpur,"Varanasi West Division","S-24, 1-2, 1st Floor, Mahavir Nagar, Orderly Bazar, Varanasi, UttarPradesh - 221002, VARANASI, USFB Head Office - 1, 221002 .",VARANASI,"UTTAR PRADESH",221002,"Amit Kumar Gupta/Suraj Singh",,8115544971/8853158283,NA,,"Mr.Vishal Yadahav (RIT)","UTTAR PRADESH",8052868052,vishal.yadhav@utkarsh.bank,PO-23-04-016383,"Samsung (Printer - LaserJet)",MFD-SL-M2876ND,CNB1KCAMSM,,,"ICON 116L (Toner)","ICON 116L (Drum Unit)",3,0,4000,0,"0000-00-00 00:00:00","0000-00-00 00:00:00","0000-00-00 00:00:00"
1012,Jalalpur,"Varanasi West Division","S-24, 1-2, 1st Floor, Mahavir Nagar, Orderly Bazar, Varanasi, UttarPradesh - 221002, VARANASI, USFB Head Office - 1, 221002 .",VARANASI,"UTTAR PRADESH",221002,"Amit Kumar Gupta/Suraj Singh",,8115544971/8853158283,NA,,"Mr.Vishal Yadahav (RIT)","UTTAR PRADESH",8052868052,vishal.yadhav@utkarsh.bank,PO-22-12-012243,"HP (Printer - LaserJet)","HP-M226DW- MFP",CNBRPBFFSO,,,"ICON 88A",,3,0.4,4000,0,"0000-00-00 00:00:00","0000-00-00 00:00:00","0000-00-00 00:00:00"
1013,Gopiganj,Gopiganj,"Upper Ground Floor,Near Raghukul Cinema,Gyanpur Road,Sonkhari,Gopiganj ,Bhadohi Distt- Gopiganj Uttar Pradesh  PIN-221303",BHADOHI,"UTTAR PRADESH",221303,"Punit Kumar Srivastava",,7071786780,bm.gopiganj@utkarsh.bank,,"Mr. Anil Kumar (RIT)","UTTAR PRADESH",7753811316,anil.yadav@utkarsh.bank,PO-23-04-016383,"Samsung (Printer - LaserJet)",MFD-SL-M2876ND,CNB1L9L54J,,,"ICON 116L (Toner)","ICON 116L (Drum Unit)",3,0.4,0,0,"0000-00-00 00:00:00","0000-00-00 00:00:00","0000-00-00 00:00:00"
1014,Aurai,Mirzapur,"Tahsil Road,Near Aurai Block office, Aurai,District ? Bhadohi,Uttar Pradesh,Pin code ? 221301",BHADOHI,"UTTAR PRADESH",221301,"Sanjay kumar",,6392959895,bm.aurai@utkarsh.bank,,"Mr. Anil Kumar (RIT)","UTTAR PRADESH",7753811316,anil.yadav@utkarsh.bank,PO-23-04-016383,"Samsung (Printer - LaserJet)",MFD-SL-M2876ND,CNB3KDK74L,,,"ICON 116L (Toner)","ICON 116L (Drum Unit)",3,0.4,0,0,"0000-00-00 00:00:00","0000-00-00 00:00:00","0000-00-00 00:00:00"
1014,Aurai,Mirzapur,"Tahsil Road,Near Aurai Block office, Aurai,District ? Bhadohi,Uttar Pradesh,Pin code ? 221301",BHADOHI,"UTTAR PRADESH",221301,"Sanjay kumar",,6392959895,bm.aurai@utkarsh.bank,,"Mr. Anil Kumar (RIT)","UTTAR PRADESH",7753811316,anil.yadav@utkarsh.bank,PO-23-11-023335,"EPSON (Printer - Inktank)","EPSON M3170 EPIL",X5TW012531,,,INK-005,"Maintaince Box",3,0.4,0,0,"0000-00-00 00:00:00","0000-00-00 00:00:00","0000-00-00 00:00:00"
1015,Gauhania,Naini,"Rewa Road,G.S.Tower,Gauhania,District - Allahabad,Uttar Pradesh,Pin code ? 212107",PRAYAGRAJ,"UTTAR PRADESH",212107,"Santosh Singh",,6392836250,bm.gauhania@utkarsh.bank,,"Mr. Anil Kumar (RIT)","UTTAR PRADESH",7753811316,anil.yadav@utkarsh.bank,PO-23-04-016383,"Samsung (Printer - LaserJet)",MFD-SL-M2876ND,CNB1L1DR03,,,"ICON 116L (Toner)","ICON 116L (Drum Unit)",3,0.4,0,0,"0000-00-00 00:00:00","0000-00-00 00:00:00","0000-00-00 00:00:00"
1015,Gauhania,Naini,"Rewa Road,G.S.Tower,Gauhania,District - Allahabad,Uttar Pradesh,Pin code ? 212107",PRAYAGRAJ,"UTTAR PRADESH",212107,"Santosh Singh",,6392836250,bm.gauhania@utkarsh.bank,,"Mr. Anil Kumar (RIT)","UTTAR PRADESH",7753811316,anil.yadav@utkarsh.bank,PO-23-02-027519,"Kyocera (Printer - LaserJet)","Kyocera FS 2040 DN",VYB2X14188,"ICON TK-1178",DK-1150,,,3,0.4,0,0,"0000-00-00 00:00:00","0000-00-00 00:00:00","0000-00-00 00:00:00"
1016,Karchhana,Naini,"Kohdar Ghat Road,Near State Bank of India,HinduPur,Karchhana,District ? Allahabad,Uttar Pradesh,Pin Code ? 212301",PRAYAGRAJ,"UTTAR PRADESH",212301,"Sanjay Kumar",,9838525992,bm.karchana@utkarsh.bank,,"Mr. Anil Kumar (RIT)","UTTAR PRADESH",7753811316,anil.yadav@utkarsh.bank,PO-23-05-017661,"EPSON (Printer - Inktank)","EPSON M3170 EPIL",X5TW012457,,,INK-005,"Maintaince Box",3,0.4,0,0,"0000-00-00 00:00:00","0000-00-00 00:00:00","0000-00-00 00:00:00"
1016,Karchhana,Naini,"Kohdar Ghat Road,Near State Bank of India,HinduPur,Karchhana,District ? Allahabad,Uttar Pradesh,Pin Code ? 212301",PRAYAGRAJ,"UTTAR PRADESH",212301,"Sanjay Kumar",,9838525992,bm.karchana@utkarsh.bank,,"Mr. Anil Kumar (RIT)","UTTAR PRADESH",7753811316,anil.yadav@utkarsh.bank,PO-23-04-016383,"Samsung (Printer - LaserJet)",MFD-SL-M2876ND,ZD5HB8KJ8C00AY,,,"ICON 116L (Toner)","ICON 116L (Drum Unit)",3,0.4,0,0,"0000-00-00 00:00:00","0000-00-00 00:00:00","0000-00-00 00:00:00"
1017,"KASIMABAD
","Ghazipur Division","Mauza- Sonvarsha urf KasimabadParagana Jaharabad, TahsilKasimabad,
District-GhazipurState- Uttar PradeshPin code-233230, GHAZIPUR,
KASIMABAD-1017, 233230",GHAZIPUR,"UTTAR PRADESH",233230,"Nagendra Kumar/Suprit Kr",,9717190512/7080210731,NA,,"Mr. Anil Kumar (RIT)","UTTAR PRADESH",7753811316,anil.yadav@utkarsh.bank,PO-23-02-026965,"Kyocera (Printer - LaserJet)","Kyocera FS 2040 DN",VYB2Y23157,"ICON TK-1178",DK-1150,,,3,0,0,0,"0000-00-00 00:00:00","0000-00-00 00:00:00","0000-00-00 00:00:00"
1017,"KASIMABAD
","Ghazipur Division","Mauza- Sonvarsha urf KasimabadParagana Jaharabad, TahsilKasimabad,
District-GhazipurState- Uttar PradeshPin code-233230, GHAZIPUR,
KASIMABAD-1017, 233230",GHAZIPUR,"UTTAR PRADESH",233230,"Nagendra Kumar/Suprit Kr",,9717190512/7080210731,NA,,"Mr. Anil Kumar (RIT)","UTTAR PRADESH",7753811316,anil.yadav@utkarsh.bank,PO-23-04-016383,"Samsung (Printer - LaserJet)",MFD-SL-M2876ND,ZD5HB8KJ8F02C7L,,,"ICON 116L (Toner)","ICON 116L (Drum Unit)",3,0.4,0,0,"0000-00-00 00:00:00","0000-00-00 00:00:00","0000-00-00 00:00:00"
1018,"Mirzapur UP",Mirzapur,"Ground floor,Civil line Road,Near Muthoot finance office and Kachari,District ? Mirzapur,UP ? PIN CODE ? 231001",MIRZAPUR,"UTTAR PRADESH",231001,"Pankaj Sharma",,6392584788,bm.mirzapur@utkarsh.bank,,"Mr. Anil Kumar (RIT)","UTTAR PRADESH",7753811316,anil.yadav@utkarsh.bank,PO-23-04-016383,"Samsung (Printer - LaserJet)",MFD-SL-M2876ND,CNB1L9L552,,,"ICON 116L (Toner)","ICON 116L (Drum Unit)",3,0.4,0,0,"0000-00-00 00:00:00","0000-00-00 00:00:00","0000-00-00 00:00:00"
1019,Machhlishahar-1019,"Jaunpur Division"," Near Kousilya dental hospital,Janghai Road,Umarana Mohalla,District ? Jaunpur,Uttar Pradesh,Pin code ? 222143",JAUNPUR,"UTTAR PRADESH",222143,"Kuldeep Kumar/Gulab Singh",,7388569414/7755006526,NA,,"Kuldeep Kumar/Gulab Singh (RIT)","UTTAR PRADESH",7388569414/7755006526,NA,PO-22-12-012293,"HP (Printer - LaserJet)","HP-M226DW- MFP",CNBRPBFFPT,,,"ICON 88A",,3,0,0,0,"0000-00-00 00:00:00","0000-00-00 00:00:00","0000-00-00 00:00:00"
1019,Machhlishahar-1019,"Jaunpur Division"," Near Kousilya dental hospital,Janghai Road,Umarana Mohalla,District ? Jaunpur,Uttar Pradesh,Pin code ? 222143",JAUNPUR,"UTTAR PRADESH",222143,"Kuldeep Kumar/Gulab Singh",,7388569414/7755006526,NA,,"Kuldeep Kumar/Gulab Singh (RIT)","UTTAR PRADESH",7388569414/7755006526,NA,PO-22-12-012315,"HP (Printer - LaserJet)","HP-M226DW- MFP",CNBRPBFFZV,,,"ICON 88A",,3,0.4,0,0,"0000-00-00 00:00:00","0000-00-00 00:00:00","0000-00-00 00:00:00"
1019,Machhlishahar-1019,"Jaunpur Division"," Near Kousilya dental hospital,Janghai Road,Umarana Mohalla,District ? Jaunpur,Uttar Pradesh,Pin code ? 222143",JAUNPUR,"UTTAR PRADESH",222143,"Kuldeep Kumar/Gulab Singh",,7388569414/7755006526,NA,,"Kuldeep Kumar/Gulab Singh (RIT)","UTTAR PRADESH",7388569414/7755006526,NA,PO-23-07-019634,"EPSON (Printer - Inktank)","EPSON M3170 EPIL",X5TW018713,,,INK-005,"Maintaince Box",3,0.4,0,0,"0000-00-00 00:00:00","0000-00-00 00:00:00","0000-00-00 00:00:00"
1019,Machhlishahar-1019,"Jaunpur Division"," Near Kousilya dental hospital,Janghai Road,Umarana Mohalla,District ? Jaunpur,Uttar Pradesh,Pin code ? 222143",JAUNPUR,"UTTAR PRADESH",222143,"Kuldeep Kumar/Gulab Singh",,7388569414/7755006526,NA,,"Kuldeep Kumar/Gulab Singh (RIT)","UTTAR PRADESH",7388569414/7755006526,NA,PO-23-04-016383,"Samsung (Printer - LaserJet)",MFD-SL-M2876ND,ZD5HB8KJ8F028M,,,"ICON 116L (Toner)","ICON 116L (Drum Unit)",3,0,0,0,"0000-00-00 00:00:00","0000-00-00 00:00:00","0000-00-00 00:00:00"
1020,Sultanpur,Sultapur,"First floor,Allhabad Road,Payagipur,Meeranpur,Sultanpur,District,Sultanpur,Uttar Pradesh,Pin code ? 228001",SULTANPUR,"UTTAR PRADESH",228001,"Mahaveer Kumar",,7070192586,bm.sultanpur@utkarsh.bank,,"Mr. Anil Kumar (RIT)","UTTAR PRADESH",7753811316,anil.yadav@utkarsh.bank,PO-23-05-017661,"Brother (Printer - LaserJet)","Brother- L2541DW",E73802A2N240831,"ICON TN-2365","ICON DR 2365",,,3,0.4,0,0,"0000-00-00 00:00:00","0000-00-00 00:00:00","0000-00-00 00:00:00"
1020,Sultanpur,Sultapur,"First floor,Allhabad Road,Payagipur,Meeranpur,Sultanpur,District,Sultanpur,Uttar Pradesh,Pin code ? 228001",SULTANPUR,"UTTAR PRADESH",228001,"Mahaveer Kumar",,7070192586,bm.sultanpur@utkarsh.bank,,"Mr. Anil Kumar (RIT)","UTTAR PRADESH",7753811316,anil.yadav@utkarsh.bank,PO-23-04-016383,"Samsung (Printer - LaserJet)",MFD-SL-M2876ND,ZD4GB8KJ2F000KZ,,,"ICON 116L (Toner)","ICON 116L (Drum Unit)",3,0.4,0,0,"0000-00-00 00:00:00","0000-00-00 00:00:00","0000-00-00 00:00:00"
1021,Nandganj,"Ghazipur Division","Ground Floor, Mauza- Barahpur Saidpur , Tehsil- Saidpur DistrictGhazipur, State- Uttar PradeshPin code- 233302, GHAZIPUR,
Nandganj-1021, 233302",GHAZIPUR,"UTTAR PRADESH",233302,"Ajay Kumar Shukla/Adhir Tiwari",,8853372920/7525047939,NA,,"Mr. Anil Kumar (RIT)","UTTAR PRADESH",7753811316,anil.yadav@utkarsh.bank,PO-23-02-027252,"Kyocera (Printer - LaserJet)","Kyocera FS 2040 DN",VYB2Y23106,"ICON TK-1178",DK-1150,,,3,0,0,0,"0000-00-00 00:00:00","0000-00-00 00:00:00","0000-00-00 00:00:00"
1021,Nandganj,"Ghazipur Division","Ground Floor, Mauza- Barahpur Saidpur , Tehsil- Saidpur DistrictGhazipur, State- Uttar PradeshPin code- 233302, GHAZIPUR,
Nandganj-1021, 233302",GHAZIPUR,"UTTAR PRADESH",233302,"Ajay Kumar Shukla/Adhir Tiwari",,8853372920/7525047939,NA,,"Mr. Anil Kumar (RIT)","UTTAR PRADESH",7753811316,anil.yadav@utkarsh.bank,PO-23-04-016383,"Samsung (Printer - LaserJet)",MFD-SL-M2876ND,ZD5HB8KJ8F025RF,,,"ICON 116L (Toner)","ICON 116L (Drum Unit)",3,0.4,0,0,"0000-00-00 00:00:00","0000-00-00 00:00:00","0000-00-00 00:00:00"
1022,Panki,Panki," Mohavn Road,Near Elite Publice school,Chaubepur,District - Varanasi,Uttar Pradesh,Pin code ? 221104",VARANASI,"UTTAR PRADESH",221104,Surveer,,8789296255,NA,,"Mr.Vishal Yadahav (RIT)","UTTAR PRADESH",8052868052,vishal.yadhav@utkarsh.bank,PO-23-12-024896,"Kyocera (Printer - LaserJet)","Kyocera FS 2040 DN",VYB2X15809,"ICON TK-1178",DK-1150,,,3,0,0,0,"0000-00-00 00:00:00","0000-00-00 00:00:00","0000-00-00 00:00:00"
1022,Panki,Panki," Mohavn Road,Near Elite Publice school,Chaubepur,District - Varanasi,Uttar Pradesh,Pin code ? 221104",VARANASI,"UTTAR PRADESH",221104,Surveer,,8789296255,NA,,"Mr.Vishal Yadahav (RIT)","UTTAR PRADESH",8052868052,vishal.yadhav@utkarsh.bank,PO-23-04-016383,"Samsung (Printer - LaserJet)",MFD-SL-M2876ND,ZD5HB8KJ8C00B1E,,,"ICON 116L (Toner)","ICON 116L (Drum Unit)",3,0,0,0,"0000-00-00 00:00:00","0000-00-00 00:00:00","0000-00-00 00:00:00"
1023,Jamui,Mirzapur,"Varanasi mirzapur road near jamui chaoraha auto stand Mirzapur up pin-231304",MIRZAPUR,"UTTAR PRADESH",231304,"santosh kuamar giri",,7309070127,abm.jamui@utkarsh.bank,,"Mr. Anil Kumar (RIT)","UTTAR PRADESH",7753811316,anil.yadav@utkarsh.bank,PO-23-04-016383,"Samsung (Printer - LaserJet)",MFD-SL-M2876ND,"CNB3KDK4MN- ZD5HB8KJCC00AVE",,,"ICON 116L (Toner)","ICON 116L (Drum Unit)",3,0.4,0,0,"0000-00-00 00:00:00","0000-00-00 00:00:00","0000-00-00 00:00:00"
1023,Jamui,Mirzapur,"Varanasi mirzapur road near jamui chaoraha auto stand Mirzapur up pin-231304",MIRZAPUR,"UTTAR PRADESH",231304,"santosh kuamar giri",,7309070127,abm.jamui@utkarsh.bank,,"Mr. Anil Kumar (RIT)","UTTAR PRADESH",7753811316,anil.yadav@utkarsh.bank,PO-22-01-013029,"HP (Printer - LaserJet)","HP-M226DW- MFP",CNBRPBFGPJ,,,"ICON 88A",,3,0.4,0,0,"0000-00-00 00:00:00","0000-00-00 00:00:00","0000-00-00 00:00:00"
1024,Lambua,Sultapur,"First Floor,Main Market,Near Tahseel office,Sultanpur Road,Lambhua,District- Sultanpur,Uttar Pradesh,Pin code ? 222302",SULTANPUR,"UTTAR PRADESH",222302,"Rajesh kumar",,7459092407,bm.lambhua@utkarsh.bank,,"Mr. Anil Kumar (RIT)","UTTAR PRADESH",7753811316,anil.yadav@utkarsh.bank,PO-23-05-017661,"EPSON (Printer - Inktank)","EPSON M3170 EPIL",X5TW012464,,,INK-005,"Maintaince Box",3,0.4,0,0,"0000-00-00 00:00:00","0000-00-00 00:00:00","0000-00-00 00:00:00"
1024,Lambua,Sultapur,"First Floor,Main Market,Near Tahseel office,Sultanpur Road,Lambhua,District- Sultanpur,Uttar Pradesh,Pin code ? 222302",SULTANPUR,"UTTAR PRADESH",222302,"Rajesh kumar",,7459092407,bm.lambhua@utkarsh.bank,,"Mr. Anil Kumar (RIT)","UTTAR PRADESH",7753811316,anil.yadav@utkarsh.bank,PO-23-04-016383,"Samsung (Printer - LaserJet)",MFD-SL-M2876ND,ZD5HB8KJ8C00DHW,,,"ICON 116L (Toner)","ICON 116L (Drum Unit)",3,0.4,0,0,"0000-00-00 00:00:00","0000-00-00 00:00:00","0000-00-00 00:00:00"
1025,"Girdharganj(Erstwhile Gorakhpur)","Gorakhpur Division","Mahadeo Jharkhandi Yojana UnderUP Housing and
DevelopmentAuthority,Girdharganj Bazar,DeoriaRoad,In fron of the MainGate ofAIMS,Dist-Gorakhpur,UP,Pin-273008, GORAKHPUR,
GirdharganjErstwhile Gorakhpur-1025, 273008",GORAKHPUR,"UTTAR PRADESH",273008,"Ruchi Pandey/Dharm Kumar",,8810530415/7369017195,NA,,"Mr.Haidar Ali (RIT)","UTTAR PRADESH",8090554271,"haidar,ali@utkarsh.bank",PO-23-04-016383,"Samsung (Printer - LaserJet)",MFD-SL-M2876ND,CNB37DK745-ZD5BHHKJCF010LT,,,"ICON 116L (Toner)","ICON 116L (Drum Unit)",3,0,0,0,"0000-00-00 00:00:00","0000-00-00 00:00:00","0000-00-00 00:00:00"
1025,"Girdharganj(Erstwhile Gorakhpur)","Gorakhpur Division","Mahadeo Jharkhandi Yojana UnderUP Housing and
DevelopmentAuthority,Girdharganj Bazar,DeoriaRoad,In fron of the MainGate ofAIMS,Dist-Gorakhpur,UP,Pin-273008, GORAKHPUR,
GirdharganjErstwhile Gorakhpur-1025, 273008",GORAKHPUR,"UTTAR PRADESH",273008,"Ruchi Pandey/Dharm Kumar",,8810530415/7369017195,NA,,"Mr.Haidar Ali (RIT)","UTTAR PRADESH",8090554271,"haidar,ali@utkarsh.bank",PO-22-11-011310,"Brother (Printer - LaserJet)","Brother- L2541DW",E73802A2N240821,"ICON TN-2365","ICON DR 2365",,,3,0.4,0,0,"0000-00-00 00:00:00","0000-00-00 00:00:00","0000-00-00 00:00:00"
1025,"Girdharganj(Erstwhile Gorakhpur)","Gorakhpur Division","Mahadeo Jharkhandi Yojana UnderUP Housing and
DevelopmentAuthority,Girdharganj Bazar,DeoriaRoad,In fron of the MainGate ofAIMS,Dist-Gorakhpur,UP,Pin-273008, GORAKHPUR,
GirdharganjErstwhile Gorakhpur-1025, 273008",GORAKHPUR,"UTTAR PRADESH",273008,"Ruchi Pandey/Dharm Kumar",,8810530415/7369017195,NA,,"Mr.Haidar Ali (RIT)","UTTAR PRADESH",8090554271,"haidar,ali@utkarsh.bank"," PO-21-03-004239","Kyocera (Printer - LaserJet)","Kyocera FS 2040 DN",VYB0Z55675,"ICON TK-1178",DK-1150,,,1,0.4,0,2500,"0000-00-00 00:00:00","0000-00-00 00:00:00","0000-00-00 00:00:00"
1025,"Girdharganj(Erstwhile Gorakhpur)","Gorakhpur Division","Mahadeo Jharkhandi Yojana UnderUP Housing and
DevelopmentAuthority,Girdharganj Bazar,DeoriaRoad,In fron of the MainGate ofAIMS,Dist-Gorakhpur,UP,Pin-273008, GORAKHPUR,
GirdharganjErstwhile Gorakhpur-1025, 273008",GORAKHPUR,"UTTAR PRADESH",273008,"Ruchi Pandey/Dharm Kumar",,8810530415/7369017195,NA,,"Mr.Haidar Ali (RIT)","UTTAR PRADESH",8090554271,"haidar,ali@utkarsh.bank",PO-22-10-010844,"Kyocera (Printer - LaserJet)","Kyocera FS 2040 DN",VYB1668843,"ICON TK-1178",DK-1150,,,1,0.4,0,2500,"0000-00-00 00:00:00","0000-00-00 00:00:00","0000-00-00 00:00:00"
1026,"Chauri Chaura",Deoria,"First Floor,Near HDFC Bank,Chauri ? Chaura,District,Gorakhpur,Uttar Pradesh,Pin code ? 273201",GORAKHPUR,"UTTAR PRADESH",273201,"Govind Rajbhar",,7318250364,bm.chaurichaura@utkarsh.bank,,"Mr.Haidar Ali (RIT)","UTTAR PRADESH",8090554271,"haidar,ali@utkarsh.bank",PO-22-12-012243,"HP (Printer - LaserJet)","HP-M226DW- MFP",CNBRPBFFTS,,,"ICON 88A",,3,0.4,0,0,"0000-00-00 00:00:00","0000-00-00 00:00:00","0000-00-00 00:00:00"
1026,"Chauri Chaura",Deoria,"First Floor,Near HDFC Bank,Chauri ? Chaura,District,Gorakhpur,Uttar Pradesh,Pin code ? 273201",GORAKHPUR,"UTTAR PRADESH",273201,"Govind Rajbhar",,7318250364,bm.chaurichaura@utkarsh.bank,,"Mr.Haidar Ali (RIT)","UTTAR PRADESH",8090554271,"haidar,ali@utkarsh.bank",PO-23-07-019634,"EPSON (Printer - Inktank)","EPSON M3170 EPIL",X5TW018419,,,INK-005,"Maintaince Box",3,0,0,0,"0000-00-00 00:00:00","0000-00-00 00:00:00","0000-00-00 00:00:00"
1026,"Chauri Chaura",Deoria,"First Floor,Near HDFC Bank,Chauri ? Chaura,District,Gorakhpur,Uttar Pradesh,Pin code ? 273201",GORAKHPUR,"UTTAR PRADESH",273201,"Govind Rajbhar",,7318250364,bm.chaurichaura@utkarsh.bank,,"Mr.Haidar Ali (RIT)","UTTAR PRADESH",8090554271,"haidar,ali@utkarsh.bank",PO-23-04-016383,"Samsung (Printer - LaserJet)",MFD-SL-M2876ND,ZD4GB8KJ2F006WV,,,"ICON 116L (Toner)","ICON 116L (Drum Unit)",3,0,0,0,"0000-00-00 00:00:00","0000-00-00 00:00:00","0000-00-00 00:00:00"
1027,Chauri,Gopiganj,"Manikpur,Near Indian Oil Petrol Pump,Varanasi Road,Chauri,District,Bhadohi,Uttar Pradesh,Pin code ? 221402",BHADOHI,"UTTAR PRADESH",221402,"Narsingh Chauhan",,9119600305,bm.chauri@utkarsh.bank,,"Mr. Anil Kumar (RIT)","UTTAR PRADESH",7753811316,anil.yadav@utkarsh.bank,PO-23-04-016383,"Samsung (Printer - LaserJet)",MFD-SL-M2876ND,CNB3KDK74N,,,"ICON 116L (Toner)","ICON 116L (Drum Unit)",3,0.4,0,0,"0000-00-00 00:00:00","0000-00-00 00:00:00","0000-00-00 00:00:00"
1027,Chauri,Gopiganj,"Manikpur,Near Indian Oil Petrol Pump,Varanasi Road,Chauri,District,Bhadohi,Uttar Pradesh,Pin code ? 221402",BHADOHI,"UTTAR PRADESH",221402,"Narsingh Chauhan",,9119600305,bm.chauri@utkarsh.bank,,"Mr. Anil Kumar (RIT)","UTTAR PRADESH",7753811316,anil.yadav@utkarsh.bank,PO-23-11-023335,"EPSON (Printer - Inktank)","EPSON M3170 EPIL",X5TW012309,,,INK-005,"Maintaince Box",3,0.4,0,0,"0000-00-00 00:00:00","0000-00-00 00:00:00","0000-00-00 00:00:00"
1027,Chauri,Gopiganj,"Manikpur,Near Indian Oil Petrol Pump,Varanasi Road,Chauri,District,Bhadohi,Uttar Pradesh,Pin code ? 221402",BHADOHI,"UTTAR PRADESH",221402,"Narsingh Chauhan",,9119600305,bm.chauri@utkarsh.bank,,"Mr. Anil Kumar (RIT)","UTTAR PRADESH",7753811316,anil.yadav@utkarsh.bank,PO-23-07-019634,"EPSON (Printer - Inktank)","EPSON M3170 EPIL",X5TW018715,,,INK-005,"Maintaince Box",3,0,0,0,"0000-00-00 00:00:00","0000-00-00 00:00:00","0000-00-00 00:00:00"
1028,HANDIA,Gopiganj,"First floor,Varanasi Road,front of State Bank of India,Handia,District,Allahabad,Pin code ? 221503",PRAYAGRAJ,"UTTAR PRADESH",221503,"Akash Yadav",,7897999808,bm.handia@utkarsh.bank,,"Mr. Anil Kumar (RIT)","UTTAR PRADESH",7753811316,anil.yadav@utkarsh.bank,PO-22-01-013029,"Brother (Printer - LaserJet)","Brother- L2541DW",E73802J1N976326,"ICON TN-2365","ICON DR 2365",,,3,0.4,0,0,"0000-00-00 00:00:00","0000-00-00 00:00:00","0000-00-00 00:00:00"
1028,HANDIA,Gopiganj,"First floor,Varanasi Road,front of State Bank of India,Handia,District,Allahabad,Pin code ? 221503",PRAYAGRAJ,"UTTAR PRADESH",221503,"Akash Yadav",,7897999808,bm.handia@utkarsh.bank,,"Mr. Anil Kumar (RIT)","UTTAR PRADESH",7753811316,anil.yadav@utkarsh.bank,PO-23-07-019634,"EPSON (Printer - Inktank)","EPSON M3170 EPIL",X5TW018695,,,INK-005,"Maintaince Box",3,0,0,0,"0000-00-00 00:00:00","0000-00-00 00:00:00","0000-00-00 00:00:00"
1028,HANDIA,Gopiganj,"First floor,Varanasi Road,front of State Bank of India,Handia,District,Allahabad,Pin code ? 221503",PRAYAGRAJ,"UTTAR PRADESH",221503,"Akash Yadav",,7897999808,bm.handia@utkarsh.bank,,"Mr. Anil Kumar (RIT)","UTTAR PRADESH",7753811316,anil.yadav@utkarsh.bank,PO-22-09-010106,"Samsung (Printer - LaserJet)",MFD-SL-M2876ND,ZD4GB8KJ2D0070M,,,"ICON 116L (Toner)","ICON 116L (Drum Unit)",3,0.4,0,0,"0000-00-00 00:00:00","0000-00-00 00:00:00","0000-00-00 00:00:00"
1029,Saidpur,Saidpur," Bhitari Mod,Gazipur Road,Near Bus Stand,Saidpur,District,Ghazipur,Uttar Pradesh,Pin code ? 233304",GHAZIPUR,"UTTAR PRADESH",233304,"Aanand Kumar/Jitendra sonkar",,7844848407,NA,,"Mr. Anil Kumar (RIT)","UTTAR PRADESH",7753811316,anil.yadav@utkarsh.bank,PO-23-07-019634,"EPSON (Printer - Inktank)","EPSON M3170 EPIL",X5TW019659,,,INK-005,"Maintaince Box",3,0,0,0,"0000-00-00 00:00:00","0000-00-00 00:00:00","0000-00-00 00:00:00"
1029,Saidpur,Saidpur," Bhitari Mod,Gazipur Road,Near Bus Stand,Saidpur,District,Ghazipur,Uttar Pradesh,Pin code ? 233304",GHAZIPUR,"UTTAR PRADESH",233304,"Aanand Kumar/Jitendra sonkar",,7844848407,NA,,"Mr. Anil Kumar (RIT)","UTTAR PRADESH",7753811316,anil.yadav@utkarsh.bank,PO-23-04-016383,"Samsung (Printer - LaserJet)",MFD-SL-M2876ND,ZD4GB8KJ2D001VB,,,"ICON 116L (Toner)","ICON 116L (Drum Unit)",3,0,0,0,"0000-00-00 00:00:00","0000-00-00 00:00:00","0000-00-00 00:00:00"
1030,Chakia,Chaubeypur," Upper Ground floor,Ckaia Mugalsarai Road,Auto stand,Chakia ,Dist-Chandauli,Pin-232103",CHANDAULI,"UTTAR PRADESH",232103,"Pavan Pandey/Akshaylal Gupta",,7570015739,NA,,"Mr. Anil Kumar (RIT)","UTTAR PRADESH",7753811316,anil.yadav@utkarsh.bank,PO-23-04-016383,"Samsung (Printer - LaserJet)",MFD-SL-M2876ND,"CNB2KC8F97 & ZD5HB8KJBF006TY",,,"ICON 116L (Toner)","ICON 116L (Drum Unit)",3,0.4,0,0,"0000-00-00 00:00:00","0000-00-00 00:00:00","0000-00-00 00:00:00"
1030,Chakia,Chaubeypur," Upper Ground floor,Ckaia Mugalsarai Road,Auto stand,Chakia ,Dist-Chandauli,Pin-232103",CHANDAULI,"UTTAR PRADESH",232103,"Pavan Pandey/Akshaylal Gupta",,7570015739,NA,,"Mr. Anil Kumar (RIT)","UTTAR PRADESH",7753811316,anil.yadav@utkarsh.bank,PO-22-11-011736,"Brother (Printer - LaserJet)","Brother- L2541DW",E73802H1N928888,"ICON TN-2365","ICON DR 2365",,,1,0.4,0,0,"0000-00-00 00:00:00","0000-00-00 00:00:00","0000-00-00 00:00:00"
1031,Chandauli,Chandauli," Ward No-14,Lohiya Nagar,Baburi Road,Chandauli,District ? Chandauli,Pin Code ? 232104",CHANDAULI,"UTTAR PRADESH",232104,"Ankur Chaturvedi/oved praksh",,8423196204,NA,,"Mr. Anil Kumar (RIT)","UTTAR PRADESH",7753811316,anil.yadav@utkarsh.bank,PO-22-11-011402,"Brother (Printer - LaserJet)","Brother- L2541DW",E73802G1N910606,"ICON TN-2365","ICON DR 2365",,,1,0.4,0,0,"0000-00-00 00:00:00","0000-00-00 00:00:00","0000-00-00 00:00:00"
1031,Chandauli,Chandauli," Ward No-14,Lohiya Nagar,Baburi Road,Chandauli,District ? Chandauli,Pin Code ? 232104",CHANDAULI,"UTTAR PRADESH",232104,"Ankur Chaturvedi/oved praksh",,8423196204,NA,,"Mr. Anil Kumar (RIT)","UTTAR PRADESH",7753811316,anil.yadav@utkarsh.bank,PO-23-04-016383,"Samsung (Printer - LaserJet)",MFD-SL-M2876ND,ZD5HB8KJ8F027ZY,,,"ICON 116L (Toner)","ICON 116L (Drum Unit)",3,0,0,0,"0000-00-00 00:00:00","0000-00-00 00:00:00","0000-00-00 00:00:00"
1032,Azamgarh,Azamgarh,"Haideel Chauraha,Chatwara Road,Sidhari,Azamgarh,District ? Azamgarh,Uttar Pradesh,Pin code ? 276001",AZAMGARH,"UTTAR PRADESH",276001,"Nirankar Rai",,9120363687,bm.azamgarh@utkarsh.bank,,"Mr.Haidar Ali (RIT)","UTTAR PRADESH",8090554271,"haidar,ali@utkarsh.bank",PO-23-04-016383,"Samsung (Printer - LaserJet)",MFD-SL-M2876ND,CNB1L9V6G0,,,"ICON 116L (Toner)","ICON 116L (Drum Unit)",3,0.4,0,0,"0000-00-00 00:00:00","0000-00-00 00:00:00","0000-00-00 00:00:00"
1032,Azamgarh,Azamgarh,"Haideel Chauraha,Chatwara Road,Sidhari,Azamgarh,District ? Azamgarh,Uttar Pradesh,Pin code ? 276001",AZAMGARH,"UTTAR PRADESH",276001,"Nirankar Rai",,9120363687,bm.azamgarh@utkarsh.bank,,"Mr.Haidar Ali (RIT)","UTTAR PRADESH",8090554271,"haidar,ali@utkarsh.bank",PO-22-01-013029,"Brother (Printer - LaserJet)","Brother- L2541DW",E73802J1N978510,"ICON TN-2365","ICON DR 2365",,,3,0.4,0,0,"0000-00-00 00:00:00","0000-00-00 00:00:00","0000-00-00 00:00:00"
1032,Azamgarh,Azamgarh,"Haideel Chauraha,Chatwara Road,Sidhari,Azamgarh,District ? Azamgarh,Uttar Pradesh,Pin code ? 276001",AZAMGARH,"UTTAR PRADESH",276001,"Nirankar Rai",,9120363687,bm.azamgarh@utkarsh.bank,,"Mr.Haidar Ali (RIT)","UTTAR PRADESH",8090554271,"haidar,ali@utkarsh.bank",PO-23-07-019634,"EPSON (Printer - Inktank)","EPSON M3170 EPIL",X5TW018928,,,INK-005,"Maintaince Box",3,0,0,0,"0000-00-00 00:00:00","0000-00-00 00:00:00","0000-00-00 00:00:00"
1033,Pipraich,Gorakhpur,"Kabari Road,Pipraich,Near Railway Crossing,Pipraich,District ? Gorakhpur,Uttar Pradesh,Pin code ? 273163",MAHARAJGANJ,"UTTAR PRADESH",273163,"Beeru Singh",,7408846702,bm.pipraich@utkarsh.bank,,"Mr.Haidar Ali (RIT)","UTTAR PRADESH",8090554271,"haidar,ali@utkarsh.bank",PO-23-04-016383,"Samsung (Printer - LaserJet)",MFD-SL-M2876ND,CNB2L7DJ9Z,,,"ICON 116L (Toner)","ICON 116L (Drum Unit)",3,0.4,0,0,"0000-00-00 00:00:00","0000-00-00 00:00:00","0000-00-00 00:00:00"
1033,Pipraich,Gorakhpur,"Kabari Road,Pipraich,Near Railway Crossing,Pipraich,District ? Gorakhpur,Uttar Pradesh,Pin code ? 273163",MAHARAJGANJ,"UTTAR PRADESH",273163,"Beeru Singh",,7408846702,bm.pipraich@utkarsh.bank,,"Mr.Haidar Ali (RIT)","UTTAR PRADESH",8090554271,"haidar,ali@utkarsh.bank",PO-23-11-023335,"EPSON (Printer - Inktank)","EPSON M3170 EPIL",X5TW012040,,,INK-005,"Maintaince Box",3,0.4,0,0,"0000-00-00 00:00:00","0000-00-00 00:00:00","0000-00-00 00:00:00"
1034,Chakia,"Ghazipur Division","DULLAHPUR STATION, NEARALLAHABAD BANKPIN CODE- 275202, GHAZIPUR,Dullahpur-1034, 275202",GHAZIPUR,"UTTAR PRADESH",275202,"Ajay Kumar Kushawaha/Ajay ",,7004356124/9506057969,NA,,"Mr. Anil Kumar (RIT)","UTTAR PRADESH",7753811316,anil.yadav@utkarsh.bank,PO-23-04-016383,"Samsung (Printer - LaserJet)",MFD-SL-M2876ND,CNB1L9L548,,,"ICON 116L (Toner)","ICON 116L (Drum Unit)",3,0,0,0,"0000-00-00 00:00:00","0000-00-00 00:00:00","0000-00-00 00:00:00"
1034,Chakia,"Ghazipur Division","DULLAHPUR STATION, NEARALLAHABAD BANKPIN CODE- 275202, GHAZIPUR,Dullahpur-1034, 275202",GHAZIPUR,"UTTAR PRADESH",275202,"Ajay Kumar Kushawaha/Ajay ",,7004356124/9506057969,NA,,"Mr. Anil Kumar (RIT)","UTTAR PRADESH",7753811316,anil.yadav@utkarsh.bank,PO-22-11-011402,"HP (Printer - LaserJet)","HP-M226DW- MFP",CNBRPBFGVW,,,"ICON 88A",,1,0,0,0,"0000-00-00 00:00:00","0000-00-00 00:00:00","0000-00-00 00:00:00"
1034,Chakia,"Ghazipur Division","DULLAHPUR STATION, NEARALLAHABAD BANKPIN CODE- 275202, GHAZIPUR,Dullahpur-1034, 275202",GHAZIPUR,"UTTAR PRADESH",275202,"Ajay Kumar Kushawaha/Ajay ",,7004356124/9506057969,NA,,"Mr. Anil Kumar (RIT)","UTTAR PRADESH",7753811316,anil.yadav@utkarsh.bank,PO-23-07-019634,"EPSON (Printer - Inktank)","EPSON M3170 EPIL",X5TW019215,,,INK-005,"Maintaince Box",3,0,0,0,"0000-00-00 00:00:00","0000-00-00 00:00:00","0000-00-00 00:00:00"
1035,Naupedwa,Naupedwa,"Near post office,Mohammadpur,Naupedwa,District ? Jaunpur,Uttar Pradesh,Pin code - 222109",JAUNPUR,"UTTAR PRADESH",222109,"Vikash Mishra/Rohit",,7518022214,NA,,"Mr.Vishal Yadahav (RIT)","UTTAR PRADESH",8052868052,vishal.yadhav@utkarsh.bank,PO-23-04-016383,"Samsung (Printer - LaserJet)",MFD-SL-M2876ND,CNB2L7DJB1,,,"ICON 116L (Toner)","ICON 116L (Drum Unit)",3,0,0,0,"0000-00-00 00:00:00","0000-00-00 00:00:00","0000-00-00 00:00:00"
1035,Naupedwa,Naupedwa,"Near post office,Mohammadpur,Naupedwa,District ? Jaunpur,Uttar Pradesh,Pin code - 222109",JAUNPUR,"UTTAR PRADESH",222109,"Vikash Mishra/Rohit",,7518022214,NA,,"Mr.Vishal Yadahav (RIT)","UTTAR PRADESH",8052868052,vishal.yadhav@utkarsh.bank,PO-23-02-027389,"Kyocera (Printer - LaserJet)","Kyocera FS 2040 DN",VYB2Y22821,"ICON TK-1178",DK-1150,,,3,0,0,0,"0000-00-00 00:00:00","0000-00-00 00:00:00","0000-00-00 00:00:00"
1036,Kadipur,Sultapur,"Niralanagar, Kadipur, Sultanpur road, Pin code-228145",SULTANPUR,"UTTAR PRADESH",228145,"Ram Kumar",,9794748138,bm.kadipur@utkarsh.bank,,"Mr. Anil Kumar (RIT)","UTTAR PRADESH",7753811316,anil.yadav@utkarsh.bank,PO-23-11-023335,"EPSON (Printer - Inktank)","EPSON M3170 EPIL",X5TW011683,,,INK-005,"Maintaince Box",3,0.4,0,0,"0000-00-00 00:00:00","0000-00-00 00:00:00","0000-00-00 00:00:00"
1036,Kadipur,Sultapur,"Niralanagar, Kadipur, Sultanpur road, Pin code-228145",SULTANPUR,"UTTAR PRADESH",228145,"Ram Kumar",,9794748138,bm.kadipur@utkarsh.bank,,"Mr. Anil Kumar (RIT)","UTTAR PRADESH",7753811316,anil.yadav@utkarsh.bank,PO-23-04-016383,"Samsung (Printer - LaserJet)",MFD-SL-M2876ND,ZD4GB8KJ2D007DW,,,"ICON 116L (Toner)","ICON 116L (Drum Unit)",3,0.4,0,0,"0000-00-00 00:00:00","0000-00-00 00:00:00","0000-00-00 00:00:00"
1037,"Itwa (Erstwhile Putlighar)",Mirzapur,"Near HP Petrol Pump,Bikana Road,Itwa,District- Mirzapur,Uttar Pradesh,Pin code ? 231001",MIRZAPUR,"UTTAR PRADESH",231001,"Chandresh Kumar",,7897051320,abm.itwa@utkarsh.bank,,"Mr. Anil Kumar (RIT)","UTTAR PRADESH",7753811316,anil.yadav@utkarsh.bank,PO-23-04-016383,"Samsung (Printer - LaserJet)",MFD-SL-M2876ND,CNB2L7DJB2,,,"ICON 116L (Toner)","ICON 116L (Drum Unit)",3,0.4,0,0,"0000-00-00 00:00:00","0000-00-00 00:00:00","0000-00-00 00:00:00"
1037,"Itwa (Erstwhile Putlighar)",Mirzapur,"Near HP Petrol Pump,Bikana Road,Itwa,District- Mirzapur,Uttar Pradesh,Pin code ? 231001",MIRZAPUR,"UTTAR PRADESH",231001,"Chandresh Kumar",,7897051320,abm.itwa@utkarsh.bank,,"Mr. Anil Kumar (RIT)","UTTAR PRADESH",7753811316,anil.yadav@utkarsh.bank,PO-23-11-023335,"EPSON (Printer - Inktank)","EPSON M3170 EPIL",X5TW015443,,,INK-005,"Maintaince Box",3,0.4,0,0,"0000-00-00 00:00:00","0000-00-00 00:00:00","0000-00-00 00:00:00"
1037,"Itwa (Erstwhile Putlighar)",Mirzapur,"Near HP Petrol Pump,Bikana Road,Itwa,District- Mirzapur,Uttar Pradesh,Pin code ? 231001",MIRZAPUR,"UTTAR PRADESH",231001,"Chandresh Kumar",,7897051320,abm.itwa@utkarsh.bank,,"Mr. Anil Kumar (RIT)","UTTAR PRADESH",7753811316,anil.yadav@utkarsh.bank,PO-23-07-019634,"EPSON (Printer - Inktank)","EPSON M3170 EPIL",X5TW019667,,,INK-005,"Maintaince Box",3,0,0,0,"0000-00-00 00:00:00","0000-00-00 00:00:00","0000-00-00 00:00:00"
1038,Soraon,Naini,"Front of Sardar Patel Hotel,Pratapgarh Road,Soraon,District ? Allahabad,Uttar Pradesh,Pin code ? 212502",PRAYAGRAJ,"UTTAR PRADESH",212502,"Ganesh Prasad",,6389170669,bm.soraon@utkarsh.bank,,"Mr. Anil Kumar (RIT)","UTTAR PRADESH",7753811316,anil.yadav@utkarsh.bank,PO-23-04-016383,"Samsung (Printer - LaserJet)",MFD-SL-M2876ND,CNB1L9L54F,,,"ICON 116L (Toner)","ICON 116L (Drum Unit)",3,0.4,0,0,"0000-00-00 00:00:00","0000-00-00 00:00:00","0000-00-00 00:00:00"
1039,Narayanpur,"Mirzapur Division"," Near Ganga Nahar,Varanasi Road,Naraynapur,District ? Mirzapur,Uttar Pradesh,Pin code ? 231305",MIRZAPUR,"UTTAR PRADESH",231305,"Sonu Jaiswaal",,9935034250,NA,,"Mr. Anil Kumar (RIT)","UTTAR PRADESH",7753811316,anil.yadav@utkarsh.bank,PO-23-04-016383,"Samsung (Printer - LaserJet)",MFD-SL-M2876ND,CNB3KCMK3G,,,"ICON 116L (Toner)","ICON 116L (Drum Unit)",3,0,0,0,"0000-00-00 00:00:00","0000-00-00 00:00:00","0000-00-00 00:00:00"
1039,Narayanpur,"Mirzapur Division"," Near Ganga Nahar,Varanasi Road,Naraynapur,District ? Mirzapur,Uttar Pradesh,Pin code ? 231305",MIRZAPUR,"UTTAR PRADESH",231305,"Sonu Jaiswaal",,9935034250,NA,,"Mr. Anil Kumar (RIT)","UTTAR PRADESH",7753811316,anil.yadav@utkarsh.bank,PO-22-01-013029,"HP (Printer - LaserJet)","HP-M226DW- MFP",CNBRPBFFY4,,,"ICON 88A",,3,0,0,0,"0000-00-00 00:00:00","0000-00-00 00:00:00","0000-00-00 00:00:00"
1039,Narayanpur,"Mirzapur Division"," Near Ganga Nahar,Varanasi Road,Naraynapur,District ? Mirzapur,Uttar Pradesh,Pin code ? 231305",MIRZAPUR,"UTTAR PRADESH",231305,"Sonu Jaiswaal",,9935034250,NA,,"Mr. Anil Kumar (RIT)","UTTAR PRADESH",7753811316,anil.yadav@utkarsh.bank,PO-23-07-019634,"EPSON (Printer - Inktank)","EPSON M3170 EPIL",X5TW016046,,,INK-005,"Maintaince Box",3,0.4,0,0,"0000-00-00 00:00:00","0000-00-00 00:00:00","0000-00-00 00:00:00"
1040,"Amogpur (Erstwhile Alinagar)","Amogpur (Erstwhile Alinagar)"," Near RR Memorial Hospital,Alinagar,Amoghpur,District ? Chandauli,Uttar Pradesh,Pin Code ? 232101",CHANDAULI,"UTTAR PRADESH",232101,"Jyoti Singh",,7523947425,NA,,"Mr. Anil Kumar (RIT)","UTTAR PRADESH",7753811316,anil.yadav@utkarsh.bank,PO-23-04-016383,"Samsung (Printer - LaserJet)",MFD-SL-M2876ND,CNB1L9L54W,,,"ICON 116L (Toner)","ICON 116L (Drum Unit)",3,0.4,0,0,"0000-00-00 00:00:00","0000-00-00 00:00:00","0000-00-00 00:00:00"
1040,"Amogpur (Erstwhile Alinagar)","Amogpur (Erstwhile Alinagar)"," Near RR Memorial Hospital,Alinagar,Amoghpur,District ? Chandauli,Uttar Pradesh,Pin Code ? 232101",CHANDAULI,"UTTAR PRADESH",232101,"Jyoti Singh",,7523947425,NA,,"Mr. Anil Kumar (RIT)","UTTAR PRADESH",7753811316,anil.yadav@utkarsh.bank,PO-23-05-017661,"EPSON (Printer - Inktank)","EPSON M3170 EPIL",X5TW011289,,,INK-005,"Maintaince Box",3,0,0,0,"0000-00-00 00:00:00","0000-00-00 00:00:00","0000-00-00 00:00:00"
1041,Koirauna,Gopiganj,"Khedopur,Seetmarhi Road,Near Petrol Pump KSK,Koirauna,District ? Bhadohi,Uttar Pradesh,Pin Code ? 221309",BHADOHI,"UTTAR PRADESH",221309,Pappu,,8853802512,bm.koirauna@utkarsh.bank,,"Mr. Anil Kumar (RIT)","UTTAR PRADESH",7753811316,anil.yadav@utkarsh.bank,PO-23-05-017661,"EPSON (Printer - Inktank)","EPSON M3170 EPIL",X5TW012339,,,INK-005,"Maintaince Box",3,0.4,0,0,"0000-00-00 00:00:00","0000-00-00 00:00:00","0000-00-00 00:00:00"
1041,Koirauna,Gopiganj,"Khedopur,Seetmarhi Road,Near Petrol Pump KSK,Koirauna,District ? Bhadohi,Uttar Pradesh,Pin Code ? 221309",BHADOHI,"UTTAR PRADESH",221309,Pappu,,8853802512,bm.koirauna@utkarsh.bank,,"Mr. Anil Kumar (RIT)","UTTAR PRADESH",7753811316,anil.yadav@utkarsh.bank,PO-23-04-016383,"Samsung (Printer - LaserJet)",MFD-SL-M2876ND,ZD4GB8KJ2F006KP,,,"ICON 116L (Toner)","ICON 116L (Drum Unit)",3,0.4,0,0,"0000-00-00 00:00:00","0000-00-00 00:00:00","0000-00-00 00:00:00"
1042,Kurebhar,Sultapur,"Faizabad Main Road,Siddhiganeshpur,Chak Churamanpur,Kurebhar,District ? Sultanpur,Uttar Pradesh,Pin code - 228151",SULTANPUR,"UTTAR PRADESH",228151,"Krishna  ",,9993105053,bm.kurebhar@utkarsh.bank,,"Mr. Anil Kumar (RIT)","UTTAR PRADESH",7753811316,anil.yadav@utkarsh.bank,PO-23-04-016383,"Samsung (Printer - LaserJet)",MFD-SL-M2876ND,ZD5HB8KJ8C00DW,,,"ICON 116L (Toner)","ICON 116L (Drum Unit)",3,0.4,0,0,"0000-00-00 00:00:00","0000-00-00 00:00:00","0000-00-00 00:00:00"
1043,Kauriram,Gorakhpur,"Front of Sarvodaya inter collage,Kaudiram,District ? Gorakhpur,Uttar Pradesh,Pin code ? 273413",DEORIA,"UTTAR PRADESH",273413,"Amit Srivastav",,7355260932,bm.kauriram@utkarsh.bank,,"Mr.Haidar Ali (RIT)","UTTAR PRADESH",8090554271,"haidar,ali@utkarsh.bank",PO-23-05-017661,"EPSON (Printer - Inktank)","EPSON M3170 EPIL",X5TW012494,,,INK-005,"Maintaince Box",3,0.4,0,0,"0000-00-00 00:00:00","0000-00-00 00:00:00","0000-00-00 00:00:00"
1043,Kauriram,Gorakhpur,"Front of Sarvodaya inter collage,Kaudiram,District ? Gorakhpur,Uttar Pradesh,Pin code ? 273413",DEORIA,"UTTAR PRADESH",273413,"Amit Srivastav",,7355260932,bm.kauriram@utkarsh.bank,,"Mr.Haidar Ali (RIT)","UTTAR PRADESH",8090554271,"haidar,ali@utkarsh.bank",PO-23-07-019634,"EPSON (Printer - Inktank)","EPSON M3170 EPIL",X5TW016085,,,INK-005,"Maintaince Box",3,0,0,0,"0000-00-00 00:00:00","0000-00-00 00:00:00","0000-00-00 00:00:00"
1043,Kauriram,Gorakhpur,"Front of Sarvodaya inter collage,Kaudiram,District ? Gorakhpur,Uttar Pradesh,Pin code ? 273413",DEORIA,"UTTAR PRADESH",273413,"Amit Srivastav",,7355260932,bm.kauriram@utkarsh.bank,,"Mr.Haidar Ali (RIT)","UTTAR PRADESH",8090554271,"haidar,ali@utkarsh.bank",PO-23-04-016383,"Samsung (Printer - LaserJet)",MFD-SL-M2876ND,ZD5HB8KJ8F0297R,,,"ICON 116L (Toner)","ICON 116L (Drum Unit)",3,0.4,0,0,"0000-00-00 00:00:00","0000-00-00 00:00:00","0000-00-00 00:00:00"
1044,Behea,Behea,",First Floor,Umraoganj,Rajabazar,Near Power House,Bihiya,District ? Bhojpur,Bihar,Pin code ? 802162",BHOJPUR,BIHAR,802162,"Sumit Kumar/Anish Kr Singh",,7488657722,NA,,"Mr.kuldip Kumar (RIT)",BIHAR,9511133885,kuldip.kumar@utkarsh.bank,PO-23-11-024068,"EPSON (Printer - Inktank)","EPSON M3170 EPIL",X5TW017662,,,INK-005,"Maintaince Box",3,0,0,0,"0000-00-00 00:00:00","0000-00-00 00:00:00","0000-00-00 00:00:00"
1044,Behea,Behea,",First Floor,Umraoganj,Rajabazar,Near Power House,Bihiya,District ? Bhojpur,Bihar,Pin code ? 802162",BHOJPUR,BIHAR,802162,"Sumit Kumar/Anish Kr Singh",,7488657722,NA,,"Mr.kuldip Kumar (RIT)",BIHAR,9511133885,kuldip.kumar@utkarsh.bank,PO-22-08-010097,"Samsung (Printer - LaserJet)",MFD-SL-M2876ND,ZD4GB8KJ1D0008E,,,"ICON 116L (Toner)","ICON 116L (Drum Unit)",3,0,0,0,"0000-00-00 00:00:00","0000-00-00 00:00:00","0000-00-00 00:00:00"
1045,Soraon,Soraon,"Near Allhabad Bank ,Main Market,Jamalpur,District ? Mirzapur,Uttar Pradesh,Pin code ? 231302",MIRZAPUR,"UTTAR PRADESH",231302,"Vipin Tiwari",,7232900863,NA,,"Mr. Anil Kumar (RIT)","UTTAR PRADESH",7753811316,anil.yadav@utkarsh.bank,PO-23-05-017661,"EPSON (Printer - Inktank)","EPSON M3170 EPIL",X5TW012433,,,INK-005,"Maintaince Box",3,0,0,0,"0000-00-00 00:00:00","0000-00-00 00:00:00","0000-00-00 00:00:00"
1045,Soraon,Soraon,"Near Allhabad Bank ,Main Market,Jamalpur,District ? Mirzapur,Uttar Pradesh,Pin code ? 231302",MIRZAPUR,"UTTAR PRADESH",231302,"Vipin Tiwari",,7232900863,NA,,"Mr. Anil Kumar (RIT)","UTTAR PRADESH",7753811316,anil.yadav@utkarsh.bank,PO-23-04-016383,"Samsung (Printer - LaserJet)",MFD-SL-M2876ND,ZD4GB8KJ2F001EV,,,"ICON 116L (Toner)","ICON 116L (Drum Unit)",3,0.4,0,0,"0000-00-00 00:00:00","0000-00-00 00:00:00","0000-00-00 00:00:00"
1046,Danapur,Danapur,"First Floor,Above SBI Building,Takiyapar,Digha,Danapur,District ? Patna,Bihar,Pin code ? 800012",PATNA,BIHAR,800012,"Sujit Kumar Patel",,7033694079,NA,,"Mr.Shantanu Kanth(RIT)",BIHAR,7635093755,shantanu.kanth@utkarsh.bank,PO-23-05-017639,"Brother (Printer - LaserJet)","Brother- L2541DW",E73802A2N240880,"ICON TN-2365","ICON DR 2365",,,3,0.4,0,0,"0000-00-00 00:00:00","0000-00-00 00:00:00","0000-00-00 00:00:00"
1046,Danapur,Danapur,"First Floor,Above SBI Building,Takiyapar,Digha,Danapur,District ? Patna,Bihar,Pin code ? 800012",PATNA,BIHAR,800012,"Sujit Kumar Patel",,7033694079,NA,,"Mr.Shantanu Kanth(RIT)",BIHAR,7635093755,shantanu.kanth@utkarsh.bank,PO-22-08-010097,"Samsung (Printer - LaserJet)",MFD-SL-M2876ND,ZD4GB8KJ2F006TF,,,"ICON 116L (Toner)","ICON 116L (Drum Unit)",3,0.4,0,0,"0000-00-00 00:00:00","0000-00-00 00:00:00","0000-00-00 00:00:00"
1047,"Jain Collage Road (Ara) ","Jain Collage Road (Ara) "," Near Bank of Maharastra,Jain College Road,Purvi Get North complex,District ? Bhojpur,Bihar,Pin code ? 802301",BHOJPUR,BIHAR,802301,"Pramod Kumar ",,7905050337,NA,,"Mr.Priyatam Kumar Singh(RIT)",BIHAR,9504342712,priyatam.singh@utkarsh.bank,PO-22-11-011300,"Brother (Printer - LaserJet)","Brother- L2541DW",E73802J1N976350,"ICON TN-2365","ICON DR 2365",,,3,0.4,0,0,"0000-00-00 00:00:00","0000-00-00 00:00:00","0000-00-00 00:00:00"
1047,"Jain Collage Road (Ara) ","Jain Collage Road (Ara) "," Near Bank of Maharastra,Jain College Road,Purvi Get North complex,District ? Bhojpur,Bihar,Pin code ? 802301",BHOJPUR,BIHAR,802301,"Pramod Kumar ",,7905050337,NA,,"Mr.Priyatam Kumar Singh(RIT)",BIHAR,9504342712,priyatam.singh@utkarsh.bank,PO-23-07-019349,"EPSON (Printer - Inktank)","EPSON M3170 EPIL",X5TW019257,,,INK-005,"Maintaince Box",3,0,0,0,"0000-00-00 00:00:00","0000-00-00 00:00:00","0000-00-00 00:00:00"
1047,"Jain Collage Road (Ara) ","Jain Collage Road (Ara) "," Near Bank of Maharastra,Jain College Road,Purvi Get North complex,District ? Bhojpur,Bihar,Pin code ? 802301",BHOJPUR,BIHAR,802301,"Pramod Kumar ",,7905050337,NA,,"Mr.Priyatam Kumar Singh(RIT)",BIHAR,9504342712,priyatam.singh@utkarsh.bank,PO-22-08-010097,"Samsung (Printer - LaserJet)",MFD-SL-M2876ND,ZD4GB8KJ2F00FMD,,,"ICON 116L (Toner)","ICON 116L (Drum Unit)",3,0.4,0,0,"0000-00-00 00:00:00","0000-00-00 00:00:00","0000-00-00 00:00:00"
1048,Lalganj,Azamgarh,"Varanasi Road,Near Dheera Chauk,Hanumangordhi,Lalganj,District ? Azamgarh,Uttar Pradesh,Pin code ? 276202",AZAMGARH,"UTTAR PRADESH",276202,Pawan,,9792687859,bm.lalganj@utkarsh.bank,,"Mr.Haidar Ali (RIT)","UTTAR PRADESH",8090554271,"haidar,ali@utkarsh.bank",PO-23-04-016383,"Samsung (Printer - LaserJet)",MFD-SL-M2876ND,CNB1L9L54T,,,"ICON 116L (Toner)","ICON 116L (Drum Unit)",3,0.4,0,0,"0000-00-00 00:00:00","0000-00-00 00:00:00","0000-00-00 00:00:00"
1049,Khutahan,"Varanasi West Division","S-24/1-2, 1st Floor, Mahavir Nagar, Orderly Bazar,
Near Mahavir Mandir, Varanasi, Uttar Pradesh, India, PIN - 221002",VARANASI,"UTTAR PRADESH",221002,"Sumit Srivastava/Akash Patel",,6394258340/8318544024/8090053564,NA,,"Mr.Vishal Yadahav (RIT)","UTTAR PRADESH",8052868052,vishal.yadhav@utkarsh.bank,PO-23-04-016383,"Samsung (Printer - LaserJet)",MFD-SL-M2876ND,CNB2L7DJ9R,,,"ICON 116L (Toner)","ICON 116L (Drum Unit)",3,0,0,0,"0000-00-00 00:00:00","0000-00-00 00:00:00","0000-00-00 00:00:00"
1049,Khutahan,"Varanasi West Division","S-24/1-2, 1st Floor, Mahavir Nagar, Orderly Bazar,
Near Mahavir Mandir, Varanasi, Uttar Pradesh, India, PIN - 221002",VARANASI,"UTTAR PRADESH",221002,"Sumit Srivastava/Akash Patel",,6394258340/8318544024/8090053564,NA,,"Mr.Vishal Yadahav (RIT)","UTTAR PRADESH",8052868052,vishal.yadhav@utkarsh.bank,PO-22-01-013029,"Brother (Printer - LaserJet)","Brother- L2541DW",E73802J1N976503,"ICON TN-2365","ICON DR 2365",,,3,0,0,0,"0000-00-00 00:00:00","0000-00-00 00:00:00","0000-00-00 00:00:00"
1050,Mehnager,Azamgarh,"Ward No.- 8,Near Gaura Inter Collage,Mehnagar,District ? Azamgarh,Uttar Pradesh,Pin code - 276204",AZAMGARH,"UTTAR PRADESH",276204,"Anoop Kumar Maurya",,7458877440,bm.mehnagar@utkarsh.bank,,"Mr.Haidar Ali (RIT)","UTTAR PRADESH",8090554271,"haidar,ali@utkarsh.bank",PO-23-04-016383,"Samsung (Printer - LaserJet)",MFD-SL-M2876ND,CNB1L9L54H,,,"ICON 116L (Toner)","ICON 116L (Drum Unit)",3,0,0,0,"0000-00-00 00:00:00","0000-00-00 00:00:00","0000-00-00 00:00:00"
1050,Mehnager,Azamgarh,"Ward No.- 8,Near Gaura Inter Collage,Mehnagar,District ? Azamgarh,Uttar Pradesh,Pin code - 276204",AZAMGARH,"UTTAR PRADESH",276204,"Anoop Kumar Maurya",,7458877440,bm.mehnagar@utkarsh.bank,,"Mr.Haidar Ali (RIT)","UTTAR PRADESH",8090554271,"haidar,ali@utkarsh.bank",PO-22-11-011310,"Brother (Printer - LaserJet)","Brother- L2541DW",E73802K1N128286,"ICON TN-2365","ICON DR 2365",,,3,0.4,0,0,"0000-00-00 00:00:00","0000-00-00 00:00:00","0000-00-00 00:00:00"
1051,Koirauna,"Deoria Division"," Kharajarwa Road Saket Nagar,Beside Balvikash Pariyozana,Deoria,District - Uttar Pradesh,Pin code ? 274001",DEORIA,"UTTAR PRADESH",274001,VIKASH,,7355797200,NA,,"Mr.Haidar Ali (RIT)","UTTAR PRADESH",8090554271,"haidar,ali@utkarsh.bank",PO-23-04-016383,"Samsung (Printer - LaserJet)",MFD-SL-M2876ND,CNB3KDK4M1,,,"ICON 116L (Toner)","ICON 116L (Drum Unit)",3,0,0,0,"0000-00-00 00:00:00","0000-00-00 00:00:00","0000-00-00 00:00:00"
1051,Koirauna,"Deoria Division"," Kharajarwa Road Saket Nagar,Beside Balvikash Pariyozana,Deoria,District - Uttar Pradesh,Pin code ? 274001",DEORIA,"UTTAR PRADESH",274001,VIKASH,,7355797200,NA,,"Mr.Haidar Ali (RIT)","UTTAR PRADESH",8090554271,"haidar,ali@utkarsh.bank",PO-22-11-011336,"Brother (Printer - LaserJet)","Brother- L2541DW",E73802J1N976493,"ICON TN-2365","ICON DR 2365",,,3,0.4,0,0,"0000-00-00 00:00:00","0000-00-00 00:00:00","0000-00-00 00:00:00"
1052,Bihta,Bihta,"Near Durga Mandir,Pitambar Nagar,NH-30,Bihta,District ? Patna,Bihar,Pin code  - 801103",PATNA,BIHAR,801103,"Anuska Kumari/Jwala ",,8271418533,NA,,"Mr.Shantanu Kanth(RIT)",BIHAR,7635093755,shantanu.kanth@utkarsh.bank,PO-23-05-017639,"EPSON (Printer - Inktank)","EPSON M3170 EPIL",X5TW012412,,,INK-005,"Maintaince Box",3,0,0,0,"0000-00-00 00:00:00","0000-00-00 00:00:00","0000-00-00 00:00:00"
1052,Bihta,Bihta,"Near Durga Mandir,Pitambar Nagar,NH-30,Bihta,District ? Patna,Bihar,Pin code  - 801103",PATNA,BIHAR,801103,"Anuska Kumari/Jwala ",,8271418533,NA,,"Mr.Shantanu Kanth(RIT)",BIHAR,7635093755,shantanu.kanth@utkarsh.bank,PO-22-08-010097,"Samsung (Printer - LaserJet)",MFD-SL-M2876ND,ZD4GB8KJ2D002NR,,,"ICON 116L (Toner)","ICON 116L (Drum Unit)",3,0,0,0,"0000-00-00 00:00:00","0000-00-00 00:00:00","0000-00-00 00:00:00"
1053,Piro,Piro,",Ground Floor,Behiya road , Piro Bhojpur , District ? Bhojpur  Pin Code ? 802207",BHOJPUR,BIHAR,802207,"Manish Kumar Pathak/Divya Chaudhari",,8579020391,NA,,"Mr.kuldip Kumar (RIT)",BIHAR,9511133885,kuldip.kumar@utkarsh.bank,PO-22-08-010097,"Samsung (Printer - LaserJet)",MFD-SL-M2876ND,CNB2L7DJ76,,,"ICON 116L (Toner)","ICON 116L (Drum Unit)",3,0,0,0,"0000-00-00 00:00:00","0000-00-00 00:00:00","0000-00-00 00:00:00"
1054,Jagdispur,"Bhojpur Division","Ward No-6 Old New13 MauzaJagdishpur Paragana-Bihiya P. SJagdishpur
District-Bhojpur StateBihar Pin code-802158 Khata No447 Khesara No.1996
Thana 241, BHOJPUR, Jagdishpur-1054, 802158",BHOJPUR,BIHAR,802158,"Abhimanyu SinghDinesh Kr. Singh",,9616055472/9304440588,NA,,"Mr.kuldip Kumar (RIT)",BIHAR,9511133885,kuldip.kumar@utkarsh.bank,PO-22-08-010097,"Samsung (Printer - LaserJet)",MFD-SL-M2876ND,"CNB3KDK7PM & ZD5HB8KJCF01H4E",,,"ICON 116L (Toner)","ICON 116L (Drum Unit)",3,0,0,0,"0000-00-00 00:00:00","0000-00-00 00:00:00","0000-00-00 00:00:00"
1055,Barhaj,Deoria,"Rudrapur,Taxi Stand,Barhaj,District ? Deoria,Uttar Pradesh,Pin code ? 274601",DEORIA,"UTTAR PRADESH",274601,"Gopal Tripathi",,6393266831,bm.barhaj@utkarsh.bank,,"Mr.Haidar Ali (RIT)","UTTAR PRADESH",8090554271,"haidar,ali@utkarsh.bank",PO-23-11-023335,"EPSON (Printer - Inktank)","EPSON M3170 EPIL",X5TW015331,,,INK-005,"Maintaince Box",3,0.4,0,0,"0000-00-00 00:00:00","0000-00-00 00:00:00","0000-00-00 00:00:00"
1055,Barhaj,Deoria,"Rudrapur,Taxi Stand,Barhaj,District ? Deoria,Uttar Pradesh,Pin code ? 274601",DEORIA,"UTTAR PRADESH",274601,"Gopal Tripathi",,6393266831,bm.barhaj@utkarsh.bank,,"Mr.Haidar Ali (RIT)","UTTAR PRADESH",8090554271,"haidar,ali@utkarsh.bank",PO-23-04-016383,"Samsung (Printer - LaserJet)",MFD-SL-M2876ND,ZD5HB8KJ7F009D,,,"ICON 116L (Toner)","ICON 116L (Drum Unit)",3,0,0,0,"0000-00-00 00:00:00","0000-00-00 00:00:00","0000-00-00 00:00:00"
1057,Buxar,Buxar,"First Floor,Main Rord,Golamber Chowk,Sohan Patti,Buxar,District - Buxar,Bihar,Pin code ? 802101",BUXAR,BIHAR,802101,"Pravin Kumar Singh",,7393929798,NA,,"Mr.Shantanu Kanth(RIT)",BIHAR,7635093755,shantanu.kanth@utkarsh.bank,PO-23-11-023330,"EPSON (Printer - Inktank)","EPSON M3170 EPIL",X5TW011321,,,INK-005,"Maintaince Box",3,0,0,0,"0000-00-00 00:00:00","0000-00-00 00:00:00","0000-00-00 00:00:00"
1057,Buxar,Buxar,"First Floor,Main Rord,Golamber Chowk,Sohan Patti,Buxar,District - Buxar,Bihar,Pin code ? 802101",BUXAR,BIHAR,802101,"Pravin Kumar Singh",,7393929798,NA,,"Mr.Shantanu Kanth(RIT)",BIHAR,7635093755,shantanu.kanth@utkarsh.bank,PO-22-08-010097,"Samsung (Printer - LaserJet)",MFD-SL-M2876ND,ZD4GB8KJ1D002M,,,"ICON 116L (Toner)","ICON 116L (Drum Unit)",3,0,0,0,"0000-00-00 00:00:00","0000-00-00 00:00:00","0000-00-00 00:00:00"
1058,Nandan,"Bhojpur Division"," Dumrown Road,Nandan,District ? Bhojpur,Bihar,Pin code ? 802119",BUXAR,BIHAR,802119,"Gaurav Kumar/Phul Kumari Singh",,8507938388/7903166157,NA,,"Mr.Shantanu Kanth(RIT)",BIHAR,7635093755,shantanu.kanth@utkarsh.bank,PO-22-08-010097,"Samsung (Printer - LaserJet)",MFD-SL-M2876ND,"CNB1L9M5J3 & ZDSHB8KK9C01WGP",,,"ICON 116L (Toner)","ICON 116L (Drum Unit)",3,0,0,0,"0000-00-00 00:00:00","0000-00-00 00:00:00","0000-00-00 00:00:00"
1058,Nandan,"Bhojpur Division"," Dumrown Road,Nandan,District ? Bhojpur,Bihar,Pin code ? 802119",BUXAR,BIHAR,802119,"Gaurav Kumar/Phul Kumari Singh",,8507938388/7903166157,NA,,"Mr.Shantanu Kanth(RIT)",BIHAR,7635093755,shantanu.kanth@utkarsh.bank,PO-23-05-017639,"EPSON (Printer - Inktank)","EPSON M3170 EPIL",X5TW011290,,,INK-005,"Maintaince Box",3,0,0,0,"0000-00-00 00:00:00","0000-00-00 00:00:00","0000-00-00 00:00:00"
1059,"Dharahara (Erstwhile Dehri On Sone)","Dharahara (Erstwhile Dehri On Sone)","Vill-Dharhara,Dehri-Patna Road, PO+PS-Dharihat,Distt.-Rohtas,PIN-821306",ROHTAS,BIHAR,821306,"Anjali Kumari",,9334537293,NA,,"Mr.Priyatam Kumar Singh(RIT)",BIHAR,9504342712,priyatam.singh@utkarsh.bank,PO-22-08-010097,"Samsung (Printer - LaserJet)",MFD-SL-M2876ND,CNB1L9W6FH,,,"ICON 116L (Toner)","ICON 116L (Drum Unit)",3,0,0,0,"0000-00-00 00:00:00","0000-00-00 00:00:00","0000-00-00 00:00:00"
1060,"Kharjarwa Road (Erstwhile Deoria)","Patna Division","Zonal Office:- 2nd Floor,134-A, Patliputra Colony,
Opposite Polytechnic Gate,Patna Bihar, PIN ? 800013",PATNA,BIHAR,800013,"Reena kumari/Ravi Ranjan Singh",,8825329238/7070192648,NA,,"Mr.Shantanu Kanth(RIT)",BIHAR,7635093755,shantanu.kanth@utkarsh.bank,PO-22-08-010097,"Samsung (Printer - LaserJet)",MFD-SL-M2876ND,CNB1L9W6FF,,,"ICON 116L (Toner)","ICON 116L (Drum Unit)",3,0,0,0,"0000-00-00 00:00:00","0000-00-00 00:00:00","0000-00-00 00:00:00"
1060,"Kharjarwa Road (Erstwhile Deoria)","Patna Division","Zonal Office:- 2nd Floor,134-A, Patliputra Colony,
Opposite Polytechnic Gate,Patna Bihar, PIN ? 800013",PATNA,BIHAR,800013,"Reena kumari/Ravi Ranjan Singh",,8825329238/7070192648,NA,,"Mr.Shantanu Kanth(RIT)",BIHAR,7635093755,shantanu.kanth@utkarsh.bank,PO-22-01-013018,"Brother (Printer - LaserJet)","Brother- L2541DW",E73802K1N928846,"ICON TN-2365","ICON DR 2365",,,3,0,0,0,"0000-00-00 00:00:00","0000-00-00 00:00:00","0000-00-00 00:00:00"
1060,"Kharjarwa Road (Erstwhile Deoria)","Patna Division","Zonal Office:- 2nd Floor,134-A, Patliputra Colony,
Opposite Polytechnic Gate,Patna Bihar, PIN ? 800013",PATNA,BIHAR,800013,"Reena kumari/Ravi Ranjan Singh",,8825329238/7070192648,NA,,"Mr.Shantanu Kanth(RIT)",BIHAR,7635093755,shantanu.kanth@utkarsh.bank,PO-23-11-023330,"EPSON (Printer - Inktank)","EPSON M3170 EPIL",X5TW012662,,,INK-005,"Maintaince Box",3,0,0,0,"0000-00-00 00:00:00","0000-00-00 00:00:00","0000-00-00 00:00:00"
1061,Kudra,Kudra,"First floorNear Bank of Badoda,GT Road,Kudra,District - Kaimur,Bihar,Pin code - 821108","KAIMUR (BHABUA)",BIHAR,821108,"Niraj Kumar Mishra",,7033693985,NA,,"Mr.Priyatam Kumar Singh(RIT)",BIHAR,9504342712,priyatam.singh@utkarsh.bank,PO-23-11-023330,"EPSON (Printer - Inktank)","EPSON M3170 EPIL",X5TW015426,,,INK-005,"Maintaince Box",3,0,0,0,"0000-00-00 00:00:00","0000-00-00 00:00:00","0000-00-00 00:00:00"
1061,Kudra,Kudra,"First floorNear Bank of Badoda,GT Road,Kudra,District - Kaimur,Bihar,Pin code - 821108","KAIMUR (BHABUA)",BIHAR,821108,"Niraj Kumar Mishra",,7033693985,NA,,"Mr.Priyatam Kumar Singh(RIT)",BIHAR,9504342712,priyatam.singh@utkarsh.bank,PO-22-08-010097,"Brother (Printer - LaserJet)","Brother- L2541DW",ZD5HB8KJ8FO230F,"ICON TN-2365","ICON DR 2365",,,3,0,0,0,"0000-00-00 00:00:00","0000-00-00 00:00:00","0000-00-00 00:00:00"
1062,"Babura (Erstwhile Bhabhua)","Babura (Erstwhile Bhabhua)"," Bhabhua Road,Ward No.- 14,Near Maszid,Bhabhua,District - Kaimur,Bihar,Pin code ? 821101","KAIMUR (BHABUA)",BIHAR,821101,"Prabhakar Kumar/Yogendra Kumar",,7985468964,NA,,"Mr.Shantanu Kanth(RIT)",BIHAR,7635093755,shantanu.kanth@utkarsh.bank,PO-22-08-010097,"Samsung (Printer - LaserJet)",MFD-SL-M2876ND,CNB3KDK4GF,,,"ICON 116L (Toner)","ICON 116L (Drum Unit)",3,0,0,0,"0000-00-00 00:00:00","0000-00-00 00:00:00","0000-00-00 00:00:00"
1062,"Babura (Erstwhile Bhabhua)","Babura (Erstwhile Bhabhua)"," Bhabhua Road,Ward No.- 14,Near Maszid,Bhabhua,District - Kaimur,Bihar,Pin code ? 821101","KAIMUR (BHABUA)",BIHAR,821101,"Prabhakar Kumar/Yogendra Kumar",,7985468964,NA,,"Mr.Shantanu Kanth(RIT)",BIHAR,7635093755,shantanu.kanth@utkarsh.bank,PO-22-11-011398,"HP (Printer - LaserJet)","HP-M226DW- MFP",CNBRPBFFVT,,,"ICON 88A",,1,0,0,0,"0000-00-00 00:00:00","0000-00-00 00:00:00","0000-00-00 00:00:00"
1063,"Manpharpur (Erstwhile Durgawati)","Manpharpur (Erstwhile Durgawati)"," First floor,NH-2,Near Ariria Mode,Durgawati,Mnoharpur,Distirct ? Kaimur,Bihar,Pin Code ? 821105","KAIMUR (BHABUA)",BIHAR,821105,Harrish,,7544025988,NA,,"Mr.Shantanu Kanth(RIT)",BIHAR,7635093755,shantanu.kanth@utkarsh.bank,PO-22-08-010097,"Samsung (Printer - LaserJet)",MFD-SL-M2876ND,CNB1L9W6FJ,,,"ICON 116L (Toner)","ICON 116L (Drum Unit)",3,0,0,0,"0000-00-00 00:00:00","0000-00-00 00:00:00","0000-00-00 00:00:00"
1063,"Manpharpur (Erstwhile Durgawati)","Manpharpur (Erstwhile Durgawati)"," First floor,NH-2,Near Ariria Mode,Durgawati,Mnoharpur,Distirct ? Kaimur,Bihar,Pin Code ? 821105","KAIMUR (BHABUA)",BIHAR,821105,Harrish,,7544025988,NA,,"Mr.Shantanu Kanth(RIT)",BIHAR,7635093755,shantanu.kanth@utkarsh.bank,PO-23-11-023748,"EPSON (Printer - Inktank)","EPSON M3170 EPIL",X5TW017672,,,INK-005,"Maintaince Box",3,0,0,0,"0000-00-00 00:00:00","0000-00-00 00:00:00","0000-00-00 00:00:00"
1064,"Ramgarh Br.","Ramgarh Br.","Panday Complex,Ramgarh Devhaliya Road ,Ramgarh,District-Kaimur,Bihar,Pin code ? 821110","KAIMUR (BHABUA)",BIHAR,821110,"Sunil Kumar Patel",,7369017139,NA,,"Mr.Shantanu Kanth(RIT)",BIHAR,7635093755,shantanu.kanth@utkarsh.bank,PO-22-08-010097,"Samsung (Printer - LaserJet)",MFD-SL-M2876ND,CNB2L7DJ7C,,,"ICON 116L (Toner)","ICON 116L (Drum Unit)",3,0,0,0,"0000-00-00 00:00:00","0000-00-00 00:00:00","0000-00-00 00:00:00"
1064,"Ramgarh Br.","Ramgarh Br.","Panday Complex,Ramgarh Devhaliya Road ,Ramgarh,District-Kaimur,Bihar,Pin code ? 821110","KAIMUR (BHABUA)",BIHAR,821110,"Sunil Kumar Patel",,7369017139,NA,,"Mr.Shantanu Kanth(RIT)",BIHAR,7635093755,shantanu.kanth@utkarsh.bank,"Awaiting PO","EPSON (Printer - Inktank)","EPSON M3170 EPIL",X5TW012646,,,INK-005,"Maintaince Box",3,0,0,0,"0000-00-00 00:00:00","0000-00-00 00:00:00","0000-00-00 00:00:00"
1065,Brahampur,Brahampur,"NH ? 84,Buxur road,Osho Palace,Brahmpur,District ? Buxar,Pin Code - 802112",BHOJPUR,BIHAR,802112,"Manas Kumar",,9570963618,NA,,"Mr.kuldip Kumar (RIT)",BIHAR,9511133885,kuldip.kumar@utkarsh.bank,PO-22-08-010097,"Samsung (Printer - LaserJet)",MFD-SL-M2876ND,CNB1L9M5HF,,,"ICON 116L (Toner)","ICON 116L (Drum Unit)",3,0,4000,0,"0000-00-00 00:00:00","0000-00-00 00:00:00","0000-00-00 00:00:00"
1066,Hata,"Deoria Division","Arazi No.496,Village- Waghnath,Paragana- Silhat, Tehsil- Hata,Baghnath
Chauraha, NH-28, HataDistrict- Kushinagar, State- UttarPradesh, Pin code
- 274203, KUSHI NAGAR, Hata-1066, 274203","KUSHI NAGAR","UTTAR PRADESH",274203,"Rajkumar Sah/Vikash Pal",,9793172727/9565953953,NA,,"Mr.Haidar Ali (RIT)","UTTAR PRADESH",8090554271,"haidar,ali@utkarsh.bank",PO-23-04-016383,"Samsung (Printer - LaserJet)",MFD-SL-M2876ND,CNB1L9V6FY,,,"ICON 116L (Toner)","ICON 116L (Drum Unit)",3,0,0,0,"0000-00-00 00:00:00","0000-00-00 00:00:00","0000-00-00 00:00:00"
1066,Hata,"Deoria Division","Arazi No.496,Village- Waghnath,Paragana- Silhat, Tehsil- Hata,Baghnath
Chauraha, NH-28, HataDistrict- Kushinagar, State- UttarPradesh, Pin code
- 274203, KUSHI NAGAR, Hata-1066, 274203","KUSHI NAGAR","UTTAR PRADESH",274203,"Rajkumar Sah/Vikash Pal",,9793172727/9565953953,NA,,"Mr.Haidar Ali (RIT)","UTTAR PRADESH",8090554271,"haidar,ali@utkarsh.bank",PO-22-11-011310,"Brother (Printer - LaserJet)","Brother- L2541DW",E73802G1N128423,"ICON TN-2365","ICON DR 2365",,,3,0.4,0,0,"0000-00-00 00:00:00","0000-00-00 00:00:00","0000-00-00 00:00:00"
1067,"Meja Road",Naini,"First Floor,Near Kodhar Chauraha,Pandey Market,Patel Chauraha Meja Road,District ? Allahabad,Uttar Pradesh,Pin Code ? 212302",PRAYAGRAJ,"UTTAR PRADESH",212302,"KAMLESH KUMAR RAI ",,8756216575,"bm.meja road@utkarsh.bank",,"Mr. Anil Kumar (RIT)","UTTAR PRADESH",7753811316,anil.yadav@utkarsh.bank,PO-23-11-023335,"EPSON (Printer - Inktank)","EPSON M3170 EPIL",X5TW013489,,,INK-005,"Maintaince Box",3,0.4,0,0,"0000-00-00 00:00:00","0000-00-00 00:00:00","0000-00-00 00:00:00"
1067,"Meja Road",Naini,"First Floor,Near Kodhar Chauraha,Pandey Market,Patel Chauraha Meja Road,District ? Allahabad,Uttar Pradesh,Pin Code ? 212302",PRAYAGRAJ,"UTTAR PRADESH",212302,"KAMLESH KUMAR RAI ",,8756216575,"bm.meja road@utkarsh.bank",,"Mr. Anil Kumar (RIT)","UTTAR PRADESH",7753811316,anil.yadav@utkarsh.bank,PO-23-07-019634,"EPSON (Printer - Inktank)","EPSON M3170 EPIL",X5TW019259,,,INK-005,"Maintaince Box",3,0.4,0,0,"0000-00-00 00:00:00","0000-00-00 00:00:00","0000-00-00 00:00:00"
1067,"Meja Road",Naini,"First Floor,Near Kodhar Chauraha,Pandey Market,Patel Chauraha Meja Road,District ? Allahabad,Uttar Pradesh,Pin Code ? 212302",PRAYAGRAJ,"UTTAR PRADESH",212302,"KAMLESH KUMAR RAI ",,8756216575,"bm.meja road@utkarsh.bank",,"Mr. Anil Kumar (RIT)","UTTAR PRADESH",7753811316,anil.yadav@utkarsh.bank,PO-23-04-016383,"Samsung (Printer - LaserJet)",MFD-SL-M2876ND,ZD4GB8KJ2D0024M,,,"ICON 116L (Toner)","ICON 116L (Drum Unit)",3,0,0,0,"0000-00-00 00:00:00","0000-00-00 00:00:00","0000-00-00 00:00:00"
1068,MANAURI-1068,"Allahabad Division","First Floor, Plot No.- 707, MauzaBikha Alias Puramufti, ParaganaTehsil-Sadar, Manauri Road, RamJanki Mandir, District AllahabadUttar Pradesh212208, KAUSHAMBI, MANAURI-1068, 212208",PRAYAGRAJ,"UTTAR PRADESH",212208,"Manoj Kumar Dubey",,8423711746/6265337161,NA,,"Mr. Anil Kumar (RIT)","UTTAR PRADESH",7753811316,anil.yadav@utkarsh.bank,PO-23-07-019634,"EPSON (Printer - Inktank)","EPSON M3170 EPIL",X5TW018741,,,INK-005,"Maintaince Box",3,0,0,0,"0000-00-00 00:00:00","0000-00-00 00:00:00","0000-00-00 00:00:00"
1068,MANAURI-1068,"Allahabad Division","First Floor, Plot No.- 707, MauzaBikha Alias Puramufti, ParaganaTehsil-Sadar, Manauri Road, RamJanki Mandir, District AllahabadUttar Pradesh212208, KAUSHAMBI, MANAURI-1068, 212208",PRAYAGRAJ,"UTTAR PRADESH",212208,"Manoj Kumar Dubey",,8423711746/6265337161,NA,,"Mr. Anil Kumar (RIT)","UTTAR PRADESH",7753811316,anil.yadav@utkarsh.bank,PO-23-04-016383,"Samsung (Printer - LaserJet)",MFD-SL-M2876ND,ZD4GB8KJ1D0006,,,"ICON 116L (Toner)","ICON 116L (Drum Unit)",3,0.4,0,0,"0000-00-00 00:00:00","0000-00-00 00:00:00","0000-00-00 00:00:00"
1069,"Kuran Saray","Patna Division","Zonal Office:- 2nd Floor,134-A, Patliputra Colony,Opposite Polytechnic Gate,Patna Bihar, PIN ? 800013",PATNA,BIHAR,800013,"Govind Sharma",,9934753555,NA,,"Mr.Shantanu Kanth(RIT)",BIHAR,7635093755,shantanu.kanth@utkarsh.bank,PO-22-08-010097,"Samsung (Printer - LaserJet)",MFD-SL-M2876ND,"CNB1L9M5KG & ZD5HB8KK9C01XRF",,,"ICON 116L (Toner)","ICON 116L (Drum Unit)",3,0,0,0,"0000-00-00 00:00:00","0000-00-00 00:00:00","0000-00-00 00:00:00"
1069,"Kuran Saray","Patna Division","Zonal Office:- 2nd Floor,134-A, Patliputra Colony,Opposite Polytechnic Gate,Patna Bihar, PIN ? 800013",PATNA,BIHAR,800013,"Govind Sharma",,9934753555,NA,,"Mr.Shantanu Kanth(RIT)",BIHAR,7635093755,shantanu.kanth@utkarsh.bank,PO-22-01-013018,"Brother (Printer - LaserJet)","Brother- L2541DW",E73802J1N976330,"ICON TN-2365","ICON DR 2365",,,3,0,0,0,"0000-00-00 00:00:00","0000-00-00 00:00:00","0000-00-00 00:00:00"
1070,Kochas,"Rohtas Division","tkarsh Small finance Bank Sasaram Road Near Mahendra Agency Chandrashekhar Bhawan Kochas | Rohtas| Bihar|Pin-821112",ROHTAS,BIHAR,821112,"Pujari Lal",,6203169055,NA,,"Mr.Shantanu Kanth(RIT)",BIHAR,7635093755,shantanu.kanth@utkarsh.bank,PO-22-08-010097,"Samsung (Printer - LaserJet)",MFD-SL-M2876ND,CNB2L7DJ7H,,,"ICON 116L (Toner)","ICON 116L (Drum Unit)",3,0,0,0,"0000-00-00 00:00:00","0000-00-00 00:00:00","0000-00-00 00:00:00"
1070,Kochas,"Rohtas Division","tkarsh Small finance Bank Sasaram Road Near Mahendra Agency Chandrashekhar Bhawan Kochas | Rohtas| Bihar|Pin-821112",ROHTAS,BIHAR,821112,"Pujari Lal",,6203169055,NA,,"Mr.Shantanu Kanth(RIT)",BIHAR,7635093755,shantanu.kanth@utkarsh.bank,PO-23-07-019048,"EPSON (Printer - Inktank)","EPSON M3170 EPIL",X5TW015360,,,INK-005,"Maintaince Box",3,0,0,0,"0000-00-00 00:00:00","0000-00-00 00:00:00","0000-00-00 00:00:00"
1071,Chhapra,Chhapra," First floor,Shyam Chauk,Siwan Road,Chhapra,District - Saran,Bihar,Pin code ? 841301",SARAN,BIHAR,841301,Dikmala,,9262296935,NA,,"Mr.kuldip Kumar (RIT)",BIHAR,9511133885,kuldip.kumar@utkarsh.bank,PO-22-12-012235,"HP (Printer - LaserJet)","HP-M226DW- MFP",CNBRPBFFD3,,,"ICON 88A",,3,0,0,0,"0000-00-00 00:00:00","0000-00-00 00:00:00","0000-00-00 00:00:00"
1071,Chhapra,Chhapra," First floor,Shyam Chauk,Siwan Road,Chhapra,District - Saran,Bihar,Pin code ? 841301",SARAN,BIHAR,841301,Dikmala,,9262296935,NA,,"Mr.kuldip Kumar (RIT)",BIHAR,9511133885,kuldip.kumar@utkarsh.bank,PO-22-02-014378,"Brother (Printer - LaserJet)","Brother- L2541DW",E73802A2N240834,"ICON TN-2365","ICON DR 2365",,,3,0,0,0,"0000-00-00 00:00:00","0000-00-00 00:00:00","0000-00-00 00:00:00"
1071,Chhapra,Chhapra," First floor,Shyam Chauk,Siwan Road,Chhapra,District - Saran,Bihar,Pin code ? 841301",SARAN,BIHAR,841301,Dikmala,,9262296935,NA,,"Mr.kuldip Kumar (RIT)",BIHAR,9511133885,kuldip.kumar@utkarsh.bank,PO-22-08-010097,"Samsung (Printer - LaserJet)",MFD-SL-M2876ND,ZD5HB8KJ8F02B6Y,,,"ICON 116L (Toner)","ICON 116L (Drum Unit)",3,0,0,0,"0000-00-00 00:00:00","0000-00-00 00:00:00","0000-00-00 00:00:00"
1072,Mohammadganj,"Saran Division"," Near Raipura High School,Raipura,N.H. 102,Muzaffarpur Road,Garkha,District ? Chapra,Bihar,Pin code ? 841311",SARAN,BIHAR,841311,"Vikas Kumar",,8603573530,NA,,"Mr.kuldip Kumar (RIT)",BIHAR,9511133885,kuldip.kumar@utkarsh.bank,PO-22-08-010097,"Samsung (Printer - LaserJet)",MFD-SL-M2876ND,CNB1L9W6F4,,,"ICON 116L (Toner)","ICON 116L (Drum Unit)",3,0,0,0,"0000-00-00 00:00:00","0000-00-00 00:00:00","0000-00-00 00:00:00"
1072,Mohammadganj,"Saran Division"," Near Raipura High School,Raipura,N.H. 102,Muzaffarpur Road,Garkha,District ? Chapra,Bihar,Pin code ? 841311",SARAN,BIHAR,841311,"Vikas Kumar",,8603573530,NA,,"Mr.kuldip Kumar (RIT)",BIHAR,9511133885,kuldip.kumar@utkarsh.bank,PO-22-11-011398,"Brother (Printer - LaserJet)","Brother- L2541DW",E73802G1N910485,"ICON TN-2365","ICON DR 2365",,,1,0,0,0,"0000-00-00 00:00:00","0000-00-00 00:00:00","0000-00-00 00:00:00"
1072,Mohammadganj,"Saran Division"," Near Raipura High School,Raipura,N.H. 102,Muzaffarpur Road,Garkha,District ? Chapra,Bihar,Pin code ? 841311",SARAN,BIHAR,841311,"Vikas Kumar",,8603573530,NA,,"Mr.kuldip Kumar (RIT)",BIHAR,9511133885,kuldip.kumar@utkarsh.bank,PO-22-11-011300,"Brother (Printer - LaserJet)","Brother- L2541DW",E73802K1N128297,"ICON TN-2365","ICON DR 2365",,,3,0,0,0,"0000-00-00 00:00:00","0000-00-00 00:00:00","0000-00-00 00:00:00"
1073,Baniapur,"Saran Division"," Near Baniyapur Block,N.H.331,Chhapra Road,Konhouli Saran,Baniyapur,District Chhapra,Bihar,Pin code ? 841403",SARAN,BIHAR,841403,"Asmit Roy",,7033753618,NA,,"Mr.Priyatam Kumar Singh(RIT)",BIHAR,9504342712,priyatam.singh@utkarsh.bank,PO-22-08-010097,"Samsung (Printer - LaserJet)",MFD-SL-M2876ND,CNB1L9W6F3,,,"ICON 116L (Toner)","ICON 116L (Drum Unit)",3,0,0,0,"0000-00-00 00:00:00","0000-00-00 00:00:00","0000-00-00 00:00:00"
1073,Baniapur,"Saran Division"," Near Baniyapur Block,N.H.331,Chhapra Road,Konhouli Saran,Baniyapur,District Chhapra,Bihar,Pin code ? 841403",SARAN,BIHAR,841403,"Asmit Roy",,7033753618,NA,,"Mr.Priyatam Kumar Singh(RIT)",BIHAR,9504342712,priyatam.singh@utkarsh.bank,PO-22-11-011300,"Brother (Printer - LaserJet)","Brother- L2541DW",E73802A2N240924,"ICON TN-2365","ICON DR 2365",,,3,0,0,0,"0000-00-00 00:00:00","0000-00-00 00:00:00","0000-00-00 00:00:00"
1073,Baniapur,"Saran Division"," Near Baniyapur Block,N.H.331,Chhapra Road,Konhouli Saran,Baniyapur,District Chhapra,Bihar,Pin code ? 841403",SARAN,BIHAR,841403,"Asmit Roy",,7033753618,NA,,"Mr.Priyatam Kumar Singh(RIT)",BIHAR,9504342712,priyatam.singh@utkarsh.bank,PO-23-11-023330,"EPSON (Printer - Inktank)","EPSON M3170 EPIL",X5TW011274,,,INK-005,"Maintaince Box",3,0,0,0,"0000-00-00 00:00:00","0000-00-00 00:00:00","0000-00-00 00:00:00"
1073,Baniapur,"Saran Division"," Near Baniyapur Block,N.H.331,Chhapra Road,Konhouli Saran,Baniyapur,District Chhapra,Bihar,Pin code ? 841403",SARAN,BIHAR,841403,"Asmit Roy",,7033753618,NA,,"Mr.Priyatam Kumar Singh(RIT)",BIHAR,9504342712,priyatam.singh@utkarsh.bank,"Awaiting PO","EPSON (Printer - Inktank)","EPSON M3170 EPIL",X5TW015777,,,INK-005,"Maintaince Box",3,0,0,0,"0000-00-00 00:00:00","0000-00-00 00:00:00","0000-00-00 00:00:00"
1074,"Bombay Chowk","Bombay Chowk"," Ward No. 9,Near Shivam Utsav Palace,Pawan Niwas,Arrah Road,Nokha,District ? Rohtas,Bihar,Pin code ? 802215",ROHTAS,BIHAR,802215,"Saloni Kumari/Pradeep Kr Sharma",,9304666855,NA,,"Mr.Shantanu Kanth(RIT)",BIHAR,7635093755,shantanu.kanth@utkarsh.bank,PO-22-08-010097,"Samsung (Printer - LaserJet)",MFD-SL-M2876ND,CNB1L9W6FG,,,"ICON 116L (Toner)","ICON 116L (Drum Unit)",3,0,0,0,"0000-00-00 00:00:00","0000-00-00 00:00:00","0000-00-00 00:00:00"
1074,"Bombay Chowk","Bombay Chowk"," Ward No. 9,Near Shivam Utsav Palace,Pawan Niwas,Arrah Road,Nokha,District ? Rohtas,Bihar,Pin code ? 802215",ROHTAS,BIHAR,802215,"Saloni Kumari/Pradeep Kr Sharma",,9304666855,NA,,"Mr.Shantanu Kanth(RIT)",BIHAR,7635093755,shantanu.kanth@utkarsh.bank,PO-23-11-023330,"EPSON (Printer - Inktank)","EPSON M3170 EPIL",X5TW014157,,,INK-005,"Maintaince Box",3,0,0,0,"0000-00-00 00:00:00","0000-00-00 00:00:00","0000-00-00 00:00:00"
1075,Bharwari,Sirathu,"Manjhanpur road ,Sindhya Police Chauki,Bharwari,District ? Kaushambi,Uttar Pradesh,Pin Code ? 212201",KAUSHAMBI,"UTTAR PRADESH",212201,"Vipin Kumar",,7398107245,abm.bharwari@utkarsh.bank,,"Mr. Anil Kumar (RIT)","UTTAR PRADESH",7753811316,anil.yadav@utkarsh.bank,PO-23-11-023871,"EPSON (Printer - Inktank)","EPSON M3170 EPIL",X5TW017568,,,INK-005,"Maintaince Box",3,0.4,0,0,"0000-00-00 00:00:00","0000-00-00 00:00:00","0000-00-00 00:00:00"
1075,Bharwari,Sirathu,"Manjhanpur road ,Sindhya Police Chauki,Bharwari,District ? Kaushambi,Uttar Pradesh,Pin Code ? 212201",KAUSHAMBI,"UTTAR PRADESH",212201,"Vipin Kumar",,7398107245,abm.bharwari@utkarsh.bank,,"Mr. Anil Kumar (RIT)","UTTAR PRADESH",7753811316,anil.yadav@utkarsh.bank,PO-23-04-016383,"Samsung (Printer - LaserJet)",MFD-SL-M2876ND,ZD5HB8KJ8C00DCH,,,"ICON 116L (Toner)","ICON 116L (Drum Unit)",3,0.4,0,0,"0000-00-00 00:00:00","0000-00-00 00:00:00","0000-00-00 00:00:00"
1076,Bhatani,Deoria,"Hathwankahani , Tappa- Bhatni Paragana- Salempur ,Majhauli Deoria , Uttar Pradesh, India, PIN - 274701 ",GORAKHPUR,"UTTAR PRADESH",273001,"Kanhiya kumar",,7897424975,abm.bhatni@utkarsh.bank,,"Mr.Haidar Ali (RIT)","UTTAR PRADESH",8090554271,"haidar,ali@utkarsh.bank",PO-22-11-011402,"HP (Printer - LaserJet)","HP-M226DW- MFP",CNBRPBFGPQ,,,"ICON 88A",,1,0,0,0,"0000-00-00 00:00:00","0000-00-00 00:00:00","0000-00-00 00:00:00"
1076,Bhatani,Deoria,"Hathwankahani , Tappa- Bhatni Paragana- Salempur ,Majhauli Deoria , Uttar Pradesh, India, PIN - 274701 ",GORAKHPUR,"UTTAR PRADESH",273001,"Kanhiya kumar",,7897424975,abm.bhatni@utkarsh.bank,,"Mr.Haidar Ali (RIT)","UTTAR PRADESH",8090554271,"haidar,ali@utkarsh.bank",PO-23-04-016383,"Samsung (Printer - LaserJet)",MFD-SL-M2876ND,ZD5HB8KJ8F029E,,,"ICON 116L (Toner)","ICON 116L (Drum Unit)",3,0,0,0,"0000-00-00 00:00:00","0000-00-00 00:00:00","0000-00-00 00:00:00"
1077,Sahjanwa,"Sant Kabir nagar","NH-24,Near Hotel Fish King,Sahjanwa,District ? Gorakhpur,Uttar Pradesh,Pin code ? 273016",GORAKHPUR,"UTTAR PRADESH",273016,"Bheem Kumar",,7318083517,bm.sahjanwa@utkarsh.bank,,"Mr.Haidar Ali (RIT)","UTTAR PRADESH",8090554271,"haidar,ali@utkarsh.bank",PO-22-11-011402,"Brother (Printer - LaserJet)","Brother- L2541DW",E73802H1N928795,"ICON TN-2365","ICON DR 2365",,,1,0.4,0,0,"0000-00-00 00:00:00","0000-00-00 00:00:00","0000-00-00 00:00:00"
1077,Sahjanwa,"Sant Kabir nagar","NH-24,Near Hotel Fish King,Sahjanwa,District ? Gorakhpur,Uttar Pradesh,Pin code ? 273016",GORAKHPUR,"UTTAR PRADESH",273016,"Bheem Kumar",,7318083517,bm.sahjanwa@utkarsh.bank,,"Mr.Haidar Ali (RIT)","UTTAR PRADESH",8090554271,"haidar,ali@utkarsh.bank",PO-23-04-016383,"Samsung (Printer - LaserJet)",MFD-SL-M2876ND,ZD4GB8KJ2F006JZ,,,"ICON 116L (Toner)","ICON 116L (Drum Unit)",3,0,0,0,"0000-00-00 00:00:00","0000-00-00 00:00:00","0000-00-00 00:00:00"
1078,Panchkoshi,Panchkoshi," 1st Floor,Near Kashi Gomati Grameen Bank,Chandra Charmuhani,Ashapur to Sarnath Road,Panchkosi,District ? Varanasi,Uttar Pradesh Pin code - 221007",VARANASI,"UTTAR PRADESH",221007,"Anjali Yadav",,7266044124,NA,,"Mr.Vishal Yadahav (RIT)","UTTAR PRADESH",8052868052,vishal.yadhav@utkarsh.bank,PO-22-10-010844,"Kyocera (Printer - LaserJet)","Kyocera FS 2040 DN",VYB1667644,"ICON TK-1178",DK-1150,,,1,0,0,0,"0000-00-00 00:00:00","0000-00-00 00:00:00","0000-00-00 00:00:00"
1078,Panchkoshi,Panchkoshi," 1st Floor,Near Kashi Gomati Grameen Bank,Chandra Charmuhani,Ashapur to Sarnath Road,Panchkosi,District ? Varanasi,Uttar Pradesh Pin code - 221007",VARANASI,"UTTAR PRADESH",221007,"Anjali Yadav",,7266044124,NA,,"Mr.Vishal Yadahav (RIT)","UTTAR PRADESH",8052868052,vishal.yadhav@utkarsh.bank,PO-23-04-016383,"Samsung (Printer - LaserJet)",MFD-SL-M2876ND,ZD4GB8KJ2D001EW,,,"ICON 116L (Toner)","ICON 116L (Drum Unit)",3,0,0,0,"0000-00-00 00:00:00","0000-00-00 00:00:00","0000-00-00 00:00:00"
1079,"Satna ","Satna Division"," Ground floor,Krishan Nagar Kabadi tola,Near bharat lodge,Satna,Distt.-Satna, Madhya Pradesh ,PIN -485001",SATNA,"MADHYA PRADESH",485001,"Kamlesh Namdeo",,9630150537,NA,,"Mr. Neelish Soni (RIT)","MADHYA PRADESH",8090654540,neelesh.soni@utkarsh.bank,PO-24-09-010101,"Samsung (Printer - LaserJet)",MFD-SL-M2876ND,CNB1L9V6NP,,,"ICON 116L (Toner)","ICON 116L (Drum Unit)",3,0,0,0,"0000-00-00 00:00:00","0000-00-00 00:00:00","0000-00-00 00:00:00"
1079,"Satna ","Satna Division"," Ground floor,Krishan Nagar Kabadi tola,Near bharat lodge,Satna,Distt.-Satna, Madhya Pradesh ,PIN -485001",SATNA,"MADHYA PRADESH",485001,"Kamlesh Namdeo",,9630150537,NA,,"Mr. Neelish Soni (RIT)","MADHYA PRADESH",8090654540,neelesh.soni@utkarsh.bank,PO-22-11-011329,"EPSON (Printer - Inktank)","EPSON M3170 EPIL",X5TW011291,,,INK-005,"Maintaince Box",3,0.4,0,0,"0000-00-00 00:00:00","0000-00-00 00:00:00","0000-00-00 00:00:00"
1079,"Satna ","Satna Division"," Ground floor,Krishan Nagar Kabadi tola,Near bharat lodge,Satna,Distt.-Satna, Madhya Pradesh ,PIN -485001",SATNA,"MADHYA PRADESH",485001,"Kamlesh Namdeo",,9630150537,NA,,"Mr. Neelish Soni (RIT)","MADHYA PRADESH",8090654540,neelesh.soni@utkarsh.bank,"Awaiting PO","EPSON (Printer - Inktank)","EPSON M3170 EPIL",X5TW015519,,,INK-005,"Maintaince Box",3,0.4,4000,0,"0000-00-00 00:00:00","0000-00-00 00:00:00","0000-00-00 00:00:00"
1080,"Jagjeetpur ","Dehradun Division","Near Gururam Rai Pbulice School,Laksar Road,Jagjitpur,District ? Haridwar,Uttarakhand,Pin code ? 249408",HARIDWAR,UTTARAKHAND,249408,"Abhishek Rana/Dharmendra ",,8077188445/8368914777,NA,,"Mr. Jogindar Kumar (RIT)",UTTARAKHAND,9896984436,Joginder@utkarsh.bank,PO-22-11-011335,"Brother (Printer - LaserJet)","Brother- L2541DW",E73802A2N241042/E73802A2N241941,"ICON TN-2365","ICON DR 2365",,,3,0,0,0,"0000-00-00 00:00:00","0000-00-00 00:00:00","0000-00-00 00:00:00"
1080,"Jagjeetpur ","Dehradun Division","Near Gururam Rai Pbulice School,Laksar Road,Jagjitpur,District ? Haridwar,Uttarakhand,Pin code ? 249408",HARIDWAR,UTTARAKHAND,249408,"Abhishek Rana/Dharmendra ",,8077188445/8368914777,NA,,"Mr. Jogindar Kumar (RIT)",UTTARAKHAND,9896984436,Joginder@utkarsh.bank,PO-22-08-010107,"Samsung (Printer - LaserJet)",MFD-SL-M2876ND,ZD5HB8KJ4F01MTP,,,"ICON 116L (Toner)","ICON 116L (Drum Unit)",3,0.4,0,0,"0000-00-00 00:00:00","0000-00-00 00:00:00","0000-00-00 00:00:00"
1081,Bihasara,Mirzapur,"Near Arya Bhawan,Ramleela Maidan,Bihesra Bazar,Bihesrsa,District ? Mirzapur,Uttar Pradesh,Pin code ? 231303",MIRZAPUR,"UTTAR PRADESH",231303,"Mahendra singh",,7905926578,bm.bihasara@utkarsh.bank,,"Mr. Anil Kumar (RIT)","UTTAR PRADESH",7753811316,anil.yadav@utkarsh.bank,PO-23-04-016383,"Samsung (Printer - LaserJet)",MFD-SL-M2876ND,CNB3KDK4GN,,,"ICON 116L (Toner)","ICON 116L (Drum Unit)",3,0.4,0,0,"0000-00-00 00:00:00","0000-00-00 00:00:00","0000-00-00 00:00:00"
1081,Bihasara,Mirzapur,"Near Arya Bhawan,Ramleela Maidan,Bihesra Bazar,Bihesrsa,District ? Mirzapur,Uttar Pradesh,Pin code ? 231303",MIRZAPUR,"UTTAR PRADESH",231303,"Mahendra singh",,7905926578,bm.bihasara@utkarsh.bank,,"Mr. Anil Kumar (RIT)","UTTAR PRADESH",7753811316,anil.yadav@utkarsh.bank,PO-23-05-017661,"EPSON (Printer - Inktank)","EPSON M3170 EPIL",X5TW012268,,,INK-005,"Maintaince Box",3,0.4,0,0,"0000-00-00 00:00:00","0000-00-00 00:00:00","0000-00-00 00:00:00"
1082,Maihar,Satna,"Dhanwahi Road,Near TVS agency,Maihar,District- Satna,Pin code ? 486771",SIDHI,"MADHYA PRADESH",486771,"Pramod Patel",,9098225546,Bm.maihar@utkarsh.bank,,"Mr. Neelish Soni (RIT)","MADHYA PRADESH",8090654540,neelesh.soni@utkarsh.bank,PO-24-09-010101,"Samsung (Printer - LaserJet)",MFD-SL-M2876ND,"CNB1L1DR0V & ZD5HB8KKIC003AZ",,,"ICON 116L (Toner)","ICON 116L (Drum Unit)",3,0.4,0,0,"0000-00-00 00:00:00","0000-00-00 00:00:00","0000-00-00 00:00:00"
1082,Maihar,Satna,"Dhanwahi Road,Near TVS agency,Maihar,District- Satna,Pin code ? 486771",SIDHI,"MADHYA PRADESH",486771,"Pramod Patel",,9098225546,Bm.maihar@utkarsh.bank,,"Mr. Neelish Soni (RIT)","MADHYA PRADESH",8090654540,neelesh.soni@utkarsh.bank,PO-23-11-023386,"EPSON (Printer - Inktank)","EPSON M3170 EPIL",X5TW011622,,,INK-005,"Maintaince Box",3,0.4,0,0,"0000-00-00 00:00:00","0000-00-00 00:00:00","0000-00-00 00:00:00"
1084,"Jhabreda ","Jhabreda ",",Near nirankari bhawan,iqbalpur road,Jhabreda,District ? Haridwar,Uttarakhand,Pin code ? 247665",HARIDWAR,UTTARAKHAND,247665,"HARENDRA RANA",,8979899089,bm.jhabreda@utkarsh.ban,,"Mr. Jogindar Kumar (RIT)",UTTARAKHAND,9896984436,Joginder@utkarsh.bank,PO-22-08-010107,"Samsung (Printer - LaserJet)",MFD-SL-M2876ND,CNB1L9V5KD,,,"ICON 116L (Toner)","ICON 116L (Drum Unit)",3,0.4,0,0,"0000-00-00 00:00:00","0000-00-00 00:00:00","0000-00-00 00:00:00"
1084,"Jhabreda ","Jhabreda ",",Near nirankari bhawan,iqbalpur road,Jhabreda,District ? Haridwar,Uttarakhand,Pin code ? 247665",HARIDWAR,UTTARAKHAND,247665,"HARENDRA RANA",,8979899089,bm.jhabreda@utkarsh.ban,,"Mr. Jogindar Kumar (RIT)",UTTARAKHAND,9896984436,Joginder@utkarsh.bank,PO-22-11-011313,"Brother (Printer - LaserJet)","Brother- L2541DW",E73802A2N242995,"ICON TN-2365","ICON DR 2365",,,3,0.4,0,0,"0000-00-00 00:00:00","0000-00-00 00:00:00","0000-00-00 00:00:00"
1085,Dighwara,"Patna Division","Zonal Office:- 2nd Floor,134-A, Patliputra Colony,Opposite Polytechnic Gate,Patna Bihar, PIN ? 800013",PATNA,BIHAR,800013,"Dipak Kr Yadhav/Mithlesh Kr",,7390025837/9102999375,NA,,"Mr.Shantanu Kanth(RIT)",BIHAR,7635093755,shantanu.kanth@utkarsh.bank,PO-22-08-010097,"Samsung (Printer - LaserJet)",MFD-SL-M2876ND,"CNB3KDK7PR & ZD5HB8KJCF01H0J",,,"ICON 116L (Toner)","ICON 116L (Drum Unit)",3,0,0,0,"0000-00-00 00:00:00","0000-00-00 00:00:00","0000-00-00 00:00:00"
1085,Dighwara,"Patna Division","Zonal Office:- 2nd Floor,134-A, Patliputra Colony,Opposite Polytechnic Gate,Patna Bihar, PIN ? 800013",PATNA,BIHAR,800013,"Dipak Kr Yadhav/Mithlesh Kr",,7390025837/9102999375,NA,,"Mr.Shantanu Kanth(RIT)",BIHAR,7635093755,shantanu.kanth@utkarsh.bank,PO-22-11-011300,"Brother (Printer - LaserJet)","Brother- L2541DW",E73802K1N128309,"ICON TN-2365","ICON DR 2365",,,3,0,0,0,"0000-00-00 00:00:00","0000-00-00 00:00:00","0000-00-00 00:00:00"
1085,Dighwara,"Patna Division","Zonal Office:- 2nd Floor,134-A, Patliputra Colony,Opposite Polytechnic Gate,Patna Bihar, PIN ? 800013",PATNA,BIHAR,800013,"Dipak Kr Yadhav/Mithlesh Kr",,7390025837/9102999375,NA,,"Mr.Shantanu Kanth(RIT)",BIHAR,7635093755,shantanu.kanth@utkarsh.bank,PO-22-01-013018,"Brother (Printer - LaserJet)","Brother- L2541DW",E73802K1N28468,"ICON TN-2365","ICON DR 2365",,,3,0,0,0,"0000-00-00 00:00:00","0000-00-00 00:00:00","0000-00-00 00:00:00"
1086,Silhauri,Silhauri," Chhapra Madhaura Main Road,Silhauri,District ? Saran,Bihar,Pin code ? 841419",SARAN,BIHAR,841419,"Dhanjay Kisore/Pappu",,9504501237,NA,,"Mr.kuldip Kumar (RIT)",BIHAR,9511133885,kuldip.kumar@utkarsh.bank,PO-22-02-014799,"Brother (Printer - LaserJet)","Brother- L2541DW",E73802E1N806778,"ICON TN-2365","ICON DR 2365",,,3,0,0,0,"0000-00-00 00:00:00","0000-00-00 00:00:00","0000-00-00 00:00:00"
1086,Silhauri,Silhauri," Chhapra Madhaura Main Road,Silhauri,District ? Saran,Bihar,Pin code ? 841419",SARAN,BIHAR,841419,"Dhanjay Kisore/Pappu",,9504501237,NA,,"Mr.kuldip Kumar (RIT)",BIHAR,9511133885,kuldip.kumar@utkarsh.bank,PO-22-08-010097,"Samsung (Printer - LaserJet)",MFD-SL-M2876ND,ZD4GB8KJ2F006LN,,,"ICON 116L (Toner)","ICON 116L (Drum Unit)",3,0,0,0,"0000-00-00 00:00:00","0000-00-00 00:00:00","0000-00-00 00:00:00"
1087,"Mohanpura Mohammadpur, Roorkee ","Dehradun Division"," Double Faphak,Near KBN Public School,Mohammadpur,Mohanpura,Roorkee,District ? Haridwar,Uttrakhand,Pin code ? 247667",HARIDWAR,UTTARAKHAND,247667,"Niraj Kumar Tripathi",,7050646450,NA,,"Mr. Jogindar Kumar (RIT)",UTTARAKHAND,9896984436,Joginder@utkarsh.bank,PO-22-08-010107,"Samsung (Printer - LaserJet)",MFD-SL-M2876ND,CNB1KCBMWY,,,"ICON 116L (Toner)","ICON 116L (Drum Unit)",3,0,0,0,"0000-00-00 00:00:00","0000-00-00 00:00:00","0000-00-00 00:00:00"
1087,"Mohanpura Mohammadpur, Roorkee ","Dehradun Division"," Double Faphak,Near KBN Public School,Mohammadpur,Mohanpura,Roorkee,District ? Haridwar,Uttrakhand,Pin code ? 247667",HARIDWAR,UTTARAKHAND,247667,"Niraj Kumar Tripathi",,7050646450,NA,,"Mr. Jogindar Kumar (RIT)",UTTARAKHAND,9896984436,Joginder@utkarsh.bank,PO-23-10-023126,"EPSON (Printer - Inktank)","EPSON M3170 EPIL",X5TW018770,,,INK-005,"Maintaince Box",3,0,0,0,"0000-00-00 00:00:00","0000-00-00 00:00:00","0000-00-00 00:00:00"
1088,Rewa,Satna,"Ground floor,Ram Vishal dubey Complex,Highway no.7,Near Hotel Land Mark, Ratahra,Rewa Distt.-Rewa, Madhya Pradesh,PIN - 486001",REWA,"MADHYA PRADESH",486001,"Sandeep Pandey",,7828805663,bm.rewa@utkarsh.bank,,"Mr. Neelish Soni (RIT)","MADHYA PRADESH",8090654540,neelesh.soni@utkarsh.bank,"Awaiting PO","EPSON (Printer - Inktank)","EPSON M3170 EPIL",X5TW015515,,,INK-005,"Maintaince Box",3,0.4,0,0,"0000-00-00 00:00:00","0000-00-00 00:00:00","0000-00-00 00:00:00"
1088,Rewa,Satna,"Ground floor,Ram Vishal dubey Complex,Highway no.7,Near Hotel Land Mark, Ratahra,Rewa Distt.-Rewa, Madhya Pradesh,PIN - 486001",REWA,"MADHYA PRADESH",486001,"Sandeep Pandey",,7828805663,bm.rewa@utkarsh.bank,,"Mr. Neelish Soni (RIT)","MADHYA PRADESH",8090654540,neelesh.soni@utkarsh.bank,PO-24-09-010101,"Samsung (Printer - LaserJet)",MFD-SL-M2876ND,"ZD5HB8KK9C04K2M- CNB1L9V6DQ",,,"ICON 116L (Toner)","ICON 116L (Drum Unit)",3,0,0,0,"0000-00-00 00:00:00","0000-00-00 00:00:00","0000-00-00 00:00:00"
1089,Sonepur,Sonepur,",VIP Colony Gautam chowk , Sonpur , District ? Saran , Pin Code ? 841101",SARAN,BIHAR,841101,"Sarvsh Kumar",,9695209612,bm.sonepur@utkarsh.bank,,"Mr.Ajeet Kumar(RIT)",BIHAR,9608953407,ajeet.kumar@utkarsh.bank,PO-22-08-010097,"Samsung (Printer - LaserJet)",MFD-SL-M2876ND,CNB1L9M5KN,,,"ICON 116L (Toner)","ICON 116L (Drum Unit)",3,0.4,0,0,"0000-00-00 00:00:00","0000-00-00 00:00:00","0000-00-00 00:00:00"
1089,Sonepur,Sonepur,",VIP Colony Gautam chowk , Sonpur , District ? Saran , Pin Code ? 841101",SARAN,BIHAR,841101,"Sarvsh Kumar",,9695209612,bm.sonepur@utkarsh.bank,,"Mr.Ajeet Kumar(RIT)",BIHAR,9608953407,ajeet.kumar@utkarsh.bank,PO-22-01-013018,"Brother (Printer - LaserJet)","Brother- L2541DW",E73802J1N978474,"ICON TN-2365","ICON DR 2365",,,3,0.4,0,0,"0000-00-00 00:00:00","0000-00-00 00:00:00","0000-00-00 00:00:00"
1090,Garkha,"Rewa Division","AJIT UPADHYAY
BM, Micro Banking
Branch Office: NEAR CHILDREN PUBLIC SCHOOL GURH ROAD MANGAWAN REWA MADHYA PRADESH 486111",REWA,"MADHYA PRADESH",486111,"Shubham Shrivastava",,7379194434,NA,,"Mr. Neelish Soni (RIT)","MADHYA PRADESH",8090654540,neelesh.soni@utkarsh.bank,PO-24-09-010101,"Samsung (Printer - LaserJet)",MFD-SL-M2876ND,ZD5HB8KK7F01K5M-CNB2L7DJGW,,,"ICON 116L (Toner)","ICON 116L (Drum Unit)",3,0,0,0,"0000-00-00 00:00:00","0000-00-00 00:00:00","0000-00-00 00:00:00"
1091,"Herbertpur ","Herbertpur ",",Ground Floor,Paonta Sahib Road,Near Gurudwara,Herbertpur Dehradoon,Pin-248142",DEHRADUN,UTTARAKHAND,248142,"ASHISH ",,9412118391,bm.herbertpur@utkarsh.bank,,"Mr. Jogindar Kumar (RIT)",UTTARAKHAND,9896984436,Joginder@utkarsh.bank,PO-22-08-010107,"Samsung (Printer - LaserJet)",MFD-SL-M2876ND,CNB3KDK74H,,,"ICON 116L (Toner)","ICON 116L (Drum Unit)",3,0.4,0,0,"0000-00-00 00:00:00","0000-00-00 00:00:00","0000-00-00 00:00:00"
1092,"Zonal Office-Patna - 7","Patna Division","Zonal Office:- 2nd Floor,134-A, Patliputra Colony,Opposite Polytechnic Gate,Patna Bihar, PIN ? 800013",PATNA,BIHAR,800013,"Jalauddin Ahmed",,9908973190,NA,,"Mr.Shantanu Kanth(RIT)",BIHAR,7635093755,shantanu.kanth@utkarsh.bank,PO-22-12-012235,"HP (Printer - LaserJet)","HP-M226DW- MFP",CNBRPBFFVS,,,"ICON 88A",,3,0,0,0,"0000-00-00 00:00:00","0000-00-00 00:00:00","0000-00-00 00:00:00"
1092,"Zonal Office-Patna - 7","Patna Division","Zonal Office:- 2nd Floor,134-A, Patliputra Colony,Opposite Polytechnic Gate,Patna Bihar, PIN ? 800013",PATNA,BIHAR,800013,"Jalauddin Ahmed",,9908973190,NA,,"Mr.Shantanu Kanth(RIT)",BIHAR,7635093755,shantanu.kanth@utkarsh.bank,PO-22-11-011324,"Brother (Printer - LaserJet)","Brother- L2541DW",E73802A2N240856,"ICON TN-2365","ICON DR 2365",,,3,0,0,0,"0000-00-00 00:00:00","0000-00-00 00:00:00","0000-00-00 00:00:00"
1092,"Zonal Office-Patna - 7","Patna Division","Zonal Office:- 2nd Floor,134-A, Patliputra Colony,Opposite Polytechnic Gate,Patna Bihar, PIN ? 800013",PATNA,BIHAR,800013,"Jalauddin Ahmed",,9908973190,NA,,"Mr.Shantanu Kanth(RIT)",BIHAR,7635093755,shantanu.kanth@utkarsh.bank,PO-22-08-010097,"Samsung (Printer - LaserJet)",MFD-SL-M2876ND,ZD4GB8KJ2F008PT,,,"ICON 116L (Toner)","ICON 116L (Drum Unit)",3,0,0,0,"0000-00-00 00:00:00","0000-00-00 00:00:00","0000-00-00 00:00:00"
1093,"Gazipur? Delhi ","Gazipur? Delhi "," RDC GHAZIABAD, D17 OPP. BSNL OFFIC, NEAR PIZZA HUT, GHAZIABAD - 201009","GAUTAM BUDDHA NAGAR","UTTAR PRADESH",201009,#N/A,,#N/A,NA,,"Mr.Vishal Yadahav (RIT)","UTTAR PRADESH",8052868052,vishal.yadhav@utkarsh.bank,PO-22-08-010104,"Samsung (Printer - LaserJet)",MFD-SL-M2876ND,CNB1L9V5JR,,,"ICON 116L (Toner)","ICON 116L (Drum Unit)",3,0,0,0,"0000-00-00 00:00:00","0000-00-00 00:00:00","0000-00-00 00:00:00"
1094,"Geeta Vatika","Gorakhpur Division","Arazi No1426 min,MauzaBasharatpur, Paragana- Haveli,Khajanchi Chowk,

Fatma BypassRoad, Geeta Vatika, District -Gorakhpur, State-U.P- Pin-
273003, GORAKHPUR, Geeta Vatika-1094, 273003",GORAKHPUR,"UTTAR PRADESH",273003,"Preeti Chauhan",,9517146082,NA,,"Mr.Haidar Ali (RIT)","UTTAR PRADESH",8090554271,"haidar,ali@utkarsh.bank",PO-23-04-016383,"Samsung (Printer - LaserJet)",MFD-SL-M2876ND,CNB1KCAM4W,,,"ICON 116L (Toner)","ICON 116L (Drum Unit)",3,0,0,0,"0000-00-00 00:00:00","0000-00-00 00:00:00","0000-00-00 00:00:00"
1094,"Geeta Vatika","Gorakhpur Division","Arazi No1426 min,MauzaBasharatpur, Paragana- Haveli,Khajanchi Chowk,

Fatma BypassRoad, Geeta Vatika, District -Gorakhpur, State-U.P- Pin-
273003, GORAKHPUR, Geeta Vatika-1094, 273003",GORAKHPUR,"UTTAR PRADESH",273003,"Preeti Chauhan",,9517146082,NA,,"Mr.Haidar Ali (RIT)","UTTAR PRADESH",8090554271,"haidar,ali@utkarsh.bank",PO-22-11-011310,"Brother (Printer - LaserJet)","Brother- L2541DW",E73802A2N240973,"ICON TN-2365","ICON DR 2365",,,3,0.4,0,0,"0000-00-00 00:00:00","0000-00-00 00:00:00","0000-00-00 00:00:00"
1094,"Geeta Vatika","Gorakhpur Division","Arazi No1426 min,MauzaBasharatpur, Paragana- Haveli,Khajanchi Chowk,

Fatma BypassRoad, Geeta Vatika, District -Gorakhpur, State-U.P- Pin-
273003, GORAKHPUR, Geeta Vatika-1094, 273003",GORAKHPUR,"UTTAR PRADESH",273003,"Preeti Chauhan",,9517146082,NA,,"Mr.Haidar Ali (RIT)","UTTAR PRADESH",8090554271,"haidar,ali@utkarsh.bank",PO-22-10-010844,"Kyocera (Printer - LaserJet)","Kyocera FS 2040 DN",VYB1667654,"ICON TK-1178",DK-1150,,,1,0.4,0,2500,"0000-00-00 00:00:00","0000-00-00 00:00:00","0000-00-00 00:00:00"
1095,Naini,Naini,"Near By Ganga Sweet House,Mukta Vihar,Kala Complex,Naini,District ? Allahabad,Uttar Predesh,Pin code ? 211008",PRAYAGRAJ,"UTTAR PRADESH",211008,"Anjali Maddhesiya",,9454509926,bm.naini@utkarsh.bank,,"Mr. Anil Kumar (RIT)","UTTAR PRADESH",7753811316,anil.yadav@utkarsh.bank,PO-23-04-016383,"Samsung (Printer - LaserJet)",MFD-SL-M2876ND,CNB2L7DJB0,,,"ICON 116L (Toner)","ICON 116L (Drum Unit)",3,0.4,0,0,"0000-00-00 00:00:00","0000-00-00 00:00:00","0000-00-00 00:00:00"
1096,Pathardewa,"Azamgarh Division"," Haideel Chauraha,Chatwara Road,Sidhari,Azamgarh,District ? Azamgarh,Uttar Pradesh,Pin code ? 276001",AZAMGARH,"UTTAR PRADESH",276001,"Vipeen Kumar Naee",,9935185220/9935185520,NA,,"Mr.Haidar Ali (RIT)","UTTAR PRADESH",8090554271,"haidar,ali@utkarsh.bank",PO-23-04-016383,"Samsung (Printer - LaserJet)",MFD-SL-M2876ND,CNB1L9L54K,,,"ICON 116L (Toner)","ICON 116L (Drum Unit)",3,0,0,0,"0000-00-00 00:00:00","0000-00-00 00:00:00","0000-00-00 00:00:00"
1096,Pathardewa,"Azamgarh Division"," Haideel Chauraha,Chatwara Road,Sidhari,Azamgarh,District ? Azamgarh,Uttar Pradesh,Pin code ? 276001",AZAMGARH,"UTTAR PRADESH",276001,"Vipeen Kumar Naee",,9935185220/9935185520,NA,,"Mr.Haidar Ali (RIT)","UTTAR PRADESH",8090554271,"haidar,ali@utkarsh.bank",PO-23-05-017661,"EPSON (Printer - Inktank)","EPSON M3170 EPIL",X5TW012383,,,INK-005,"Maintaince Box",3,0.4,0,0,"0000-00-00 00:00:00","0000-00-00 00:00:00","0000-00-00 00:00:00"
1097,"Bhatpar Rani","Kotwari mode, Rasra","Ground Floor,Belpar Chauraha, Tahsil Raod, Bhatparrani, Dist- Deoria, UP, Pin code-274702",DEORIA,"UTTAR PRADESH",274702,"Indradev Pandey",,7355229458,bm.bhatparrani@utkarsh.bank,,"Mr.Haidar Ali (RIT)","UTTAR PRADESH",8090554271,"haidar,ali@utkarsh.bank",PO-23-11-023335,"EPSON (Printer - Inktank)","EPSON M3170 EPIL",X5TW011619,,,INK-005,"Maintaince Box",3,0.4,0,0,"0000-00-00 00:00:00","0000-00-00 00:00:00","0000-00-00 00:00:00"
1098,Majhi,"Saran Division",",First Floor,Near Block Office,Tower Road,Manjhi,District ? Saran,Bihar,Pin code ? 841313",SARAN,BIHAR,841313,"Niraj Kumar",,7545975233/7454975233,NA,,"Mr.Shantanu Kanth(RIT)",BIHAR,7635093755,shantanu.kanth@utkarsh.bank,PO-22-08-010097,"Samsung (Printer - LaserJet)",MFD-SL-M2876ND,"CNB3KDK7Q0 & ZD5HB8KJCF01GSY",,,"ICON 116L (Toner)","ICON 116L (Drum Unit)",3,0,0,0,"0000-00-00 00:00:00","0000-00-00 00:00:00","0000-00-00 00:00:00"
1098,Majhi,"Saran Division",",First Floor,Near Block Office,Tower Road,Manjhi,District ? Saran,Bihar,Pin code ? 841313",SARAN,BIHAR,841313,"Niraj Kumar",,7545975233/7454975233,NA,,"Mr.Shantanu Kanth(RIT)",BIHAR,7635093755,shantanu.kanth@utkarsh.bank,PO-23-05-017639,"Brother (Printer - LaserJet)","Brother- L2541DW",E73802A2N243036,"ICON TN-2365","ICON DR 2365",,,3,0,0,0,"0000-00-00 00:00:00","0000-00-00 00:00:00","0000-00-00 00:00:00"
1099,"Sandha (Umraha)","Sandha (Umraha)"," Near Shivay Hospital,Ghazipur Road Sandaha,Umaraha,District - Varanasi,Uttar Pradesh,Pin code ? 221007",VARANASI,"UTTAR PRADESH",221007,"Goldi Singh",,7860380603,NA,,"Mr.Vishal Yadahav (RIT)","UTTAR PRADESH",8052868052,vishal.yadhav@utkarsh.bank,PO-23-05-017661,"EPSON (Printer - Inktank)","EPSON M3170 EPIL",X5TW012264,,,INK-005,"Maintaince Box",3,0,0,0,"0000-00-00 00:00:00","0000-00-00 00:00:00","0000-00-00 00:00:00"
1099,"Sandha (Umraha)","Sandha (Umraha)"," Near Shivay Hospital,Ghazipur Road Sandaha,Umaraha,District - Varanasi,Uttar Pradesh,Pin code ? 221007",VARANASI,"UTTAR PRADESH",221007,"Goldi Singh",,7860380603,NA,,"Mr.Vishal Yadahav (RIT)","UTTAR PRADESH",8052868052,vishal.yadhav@utkarsh.bank,PO-23-04-016383,"Samsung (Printer - LaserJet)",MFD-SL-M2876ND,ZD4GB8KJ2D0023R,,,"ICON 116L (Toner)","ICON 116L (Drum Unit)",3,0,0,0,"0000-00-00 00:00:00","0000-00-00 00:00:00","0000-00-00 00:00:00"
1100,Parasa,Parasa,"First floor,Daroga Chowk,Near SBI,Bhola Singh Complex,Hospital Road,District - Saran,Bihar,Pin Code - 841219",SARAN,BIHAR,841219,"Ravi Kumar Ranjan",,8825299497,NA,,"Mr.Shantanu Kanth(RIT)",BIHAR,7635093755,shantanu.kanth@utkarsh.bank,PO-23-11-023330,"EPSON (Printer - Inktank)","EPSON M3170 EPIL",X5TW012671,,,INK-005,"Maintaince Box",3,0,0,0,"0000-00-00 00:00:00","0000-00-00 00:00:00","0000-00-00 00:00:00"
1100,Parasa,Parasa,"First floor,Daroga Chowk,Near SBI,Bhola Singh Complex,Hospital Road,District - Saran,Bihar,Pin Code - 841219",SARAN,BIHAR,841219,"Ravi Kumar Ranjan",,8825299497,NA,,"Mr.Shantanu Kanth(RIT)",BIHAR,7635093755,shantanu.kanth@utkarsh.bank,PO-22-08-010097,"Samsung (Printer - LaserJet)",MFD-SL-M2876ND,ZD5HB8KJ8F029BZ,,,"ICON 116L (Toner)","ICON 116L (Drum Unit)",3,0,0,0,"0000-00-00 00:00:00","0000-00-00 00:00:00","0000-00-00 00:00:00"
1101,"Prem nagar ","Prem nagar "," Smith Nagar chowk,Premnagar,District ? Dehradun,Uttarakhand,Pin code? ? 248001",DEHRADUN,UTTARAKHAND,248001,"Kanchan Kumari/Rajesh",,8791651565,NA,,"Mr. Jogindar Kumar (RIT)",UTTARAKHAND,9896984436,Joginder@utkarsh.bank,PO-22-08-010107,"Samsung (Printer - LaserJet)",MFD-SL-M2876ND,CNB1L9V5JT,,,"ICON 116L (Toner)","ICON 116L (Drum Unit)",3,0,0,0,"0000-00-00 00:00:00","0000-00-00 00:00:00","0000-00-00 00:00:00"
1102,Amarpatan,Satna,"Ground floor,Near Allahabad Bank,Rewa Road,Amarpatan,Dist- Satna, MP. Pin code- 485775",SATNA,"MADHYA PRADESH",485775,"Rajesh Malvi",,6261365654,bm.amarpatan@utkarsh.bank,,"Mr. Neelish Soni (RIT)","MADHYA PRADESH",8090654540,neelesh.soni@utkarsh.bank,"Awaiting PO","EPSON (Printer - Inktank)","EPSON M3170 EPIL",X5TW015531,,,INK-005,"Maintaince Box",3,0.4,0,0,"0000-00-00 00:00:00","0000-00-00 00:00:00","0000-00-00 00:00:00"
1102,Amarpatan,Satna,"Ground floor,Near Allahabad Bank,Rewa Road,Amarpatan,Dist- Satna, MP. Pin code- 485775",SATNA,"MADHYA PRADESH",485775,"Rajesh Malvi",,6261365654,bm.amarpatan@utkarsh.bank,,"Mr. Neelish Soni (RIT)","MADHYA PRADESH",8090654540,neelesh.soni@utkarsh.bank,PO-24-09-010101,"Samsung (Printer - LaserJet)",MFD-SL-M2876ND,ZD5HB8KK9C04S6Y-CNB1L9V6DD,,,"ICON 116L (Toner)","ICON 116L (Drum Unit)",3,0,0,0,"0000-00-00 00:00:00","0000-00-00 00:00:00","0000-00-00 00:00:00"
1103,Bhatani,"Rewa Division","Near Court Beside Union bank of India| Ghurehata Kala Hanumana Road

Mauganj Rewa M.P Pin.486331 ",REWA,"MADHYA PRADESH",486331,"Jai Kumar Vishwakarma/Murarilal Gupta ",,9827694589/6394667026,NA,,"Mr. Neelish Soni (RIT)","MADHYA PRADESH",8090654540,neelesh.soni@utkarsh.bank,PO-24-09-010101,"Samsung (Printer - LaserJet)",MFD-SL-M2876ND,ZD5HB8KJ8F028S,,,"ICON 116L (Toner)","ICON 116L (Drum Unit)",3,0,0,0,"0000-00-00 00:00:00","0000-00-00 00:00:00","0000-00-00 00:00:00"
1104,Karanjiya,"Siwan Division"," Near Bus stand,Ghorgahiya,Kothi,Tarwara More,District - Siwan,Bihar,Pin code ? 841226",SIWAN,BIHAR,841226,"Rajeev Kumar",,7485807704/7859008502,NA,,"Mr.Shantanu Kanth(RIT)",BIHAR,7635093755,shantanu.kanth@utkarsh.bank,PO-22-08-010097,"Samsung (Printer - LaserJet)",MFD-SL-M2876ND,CNB1KCBMX8,,,"ICON 116L (Toner)","ICON 116L (Drum Unit)",3,0,0,0,"0000-00-00 00:00:00","0000-00-00 00:00:00","0000-00-00 00:00:00"
1104,Karanjiya,"Siwan Division"," Near Bus stand,Ghorgahiya,Kothi,Tarwara More,District - Siwan,Bihar,Pin code ? 841226",SIWAN,BIHAR,841226,"Rajeev Kumar",,7485807704/7859008502,NA,,"Mr.Shantanu Kanth(RIT)",BIHAR,7635093755,shantanu.kanth@utkarsh.bank,PO-22-01-013018,"Brother (Printer - LaserJet)","Brother- L2541DW",E73802J1N978453,"ICON TN-2365","ICON DR 2365",,,3,0,0,0,"0000-00-00 00:00:00","0000-00-00 00:00:00","0000-00-00 00:00:00"
1104,Karanjiya,"Siwan Division"," Near Bus stand,Ghorgahiya,Kothi,Tarwara More,District - Siwan,Bihar,Pin code ? 841226",SIWAN,BIHAR,841226,"Rajeev Kumar",,7485807704/7859008502,NA,,"Mr.Shantanu Kanth(RIT)",BIHAR,7635093755,shantanu.kanth@utkarsh.bank,PO-22-11-011300,"EPSON (Printer - Inktank)","EPSON M3170 EPIL",X5TW011280,,,INK-005,"Maintaince Box",3,0,0,0,"0000-00-00 00:00:00","0000-00-00 00:00:00","0000-00-00 00:00:00"
1105,Mairwa,Mairwa," Near Hanuman Mandir,Hareram high school,Langarpurwra,Mairwa,District - Siwar,Bihar,Pin code ? 841239",SIWAN,BIHAR,841239,"Avino Prakash Tiwari/Rahul Dev",,8210176693,NA,,"Mr.Priyatam Kumar Singh(RIT)",BIHAR,9504342712,priyatam.singh@utkarsh.bank,PO-23-11-023330,"EPSON (Printer - Inktank)","EPSON M3170 EPIL",X5TW012608,,,INK-005,"Maintaince Box",3,0,0,0,"0000-00-00 00:00:00","0000-00-00 00:00:00","0000-00-00 00:00:00"
1105,Mairwa,Mairwa," Near Hanuman Mandir,Hareram high school,Langarpurwra,Mairwa,District - Siwar,Bihar,Pin code ? 841239",SIWAN,BIHAR,841239,"Avino Prakash Tiwari/Rahul Dev",,8210176693,NA,,"Mr.Priyatam Kumar Singh(RIT)",BIHAR,9504342712,priyatam.singh@utkarsh.bank,PO-22-08-010097,"Samsung (Printer - LaserJet)",MFD-SL-M2876ND,ZD5HB8KJ8F028ZP,,,"ICON 116L (Toner)","ICON 116L (Drum Unit)",3,0,0,0,"0000-00-00 00:00:00","0000-00-00 00:00:00","0000-00-00 00:00:00"
1106,Sahson,Gopiganj,"Near Ram Janki Temple,Bargad Nagar,Sahson,District ? Allahabad,Uttar pradesh,Pin code - 221507",PRAYAGRAJ,"UTTAR PRADESH",221507,"Mithun Kumar Goshwami",,8726232437,bm.sahson@utkarsh.bank,,"Mr. Anil Kumar (RIT)","UTTAR PRADESH",7753811316,anil.yadav@utkarsh.bank,PO-23-04-016383,"Samsung (Printer - LaserJet)",MFD-SL-M2876ND,ZD5HB8KJ8F02ERE,,,"ICON 116L (Toner)","ICON 116L (Drum Unit)",3,0.4,0,0,"0000-00-00 00:00:00","0000-00-00 00:00:00","0000-00-00 00:00:00"
1107,"Mangawan ","Mangawan "," Kuswaha Morh,Selhaur Road,Ghutani,District - Siwan,Bihar,Pin code ? 841435",SIWAN,BIHAR,841435,"Manjit Kumar Pandey",,9939384221,NA,,"Mr.Priyatam Kumar Singh(RIT)",BIHAR,9504342712,priyatam.singh@utkarsh.bank,PO-23-11-023330,"EPSON (Printer - Inktank)","EPSON M3170 EPIL",X5TW013561,,,INK-005,"Maintaince Box",3,0,0,0,"0000-00-00 00:00:00","0000-00-00 00:00:00","0000-00-00 00:00:00"
1107,"Mangawan ","Mangawan "," Kuswaha Morh,Selhaur Road,Ghutani,District - Siwan,Bihar,Pin code ? 841435",SIWAN,BIHAR,841435,"Manjit Kumar Pandey",,9939384221,NA,,"Mr.Priyatam Kumar Singh(RIT)",BIHAR,9504342712,priyatam.singh@utkarsh.bank,PO-22-08-010097,"Samsung (Printer - LaserJet)",MFD-SL-M2876ND,ZD5HB8KJ8F0283T,,,"ICON 116L (Toner)","ICON 116L (Drum Unit)",3,0,0,0,"0000-00-00 00:00:00","0000-00-00 00:00:00","0000-00-00 00:00:00"
1108,"Dilshad Garden ","Delhi East Division"," Infront Of Red Rose Public School,Sewadham road,Mandoli,Dilshad Garden,Delhi,Pin Code ? 110093","NORTH EAST",DELHI,110093,"Vikash Singh",,6306101085,NA,,"Mr Ramesh (RIT)",DELHI,7060504211,ramesh.kumar@utkarsh.bank,PO-22-08-010104,"Samsung (Printer - LaserJet)",MFD-SL-M2876ND,CNB1L9V5JQ,,,"ICON 116L (Toner)","ICON 116L (Drum Unit)",3,0,0,0,"0000-00-00 00:00:00","0000-00-00 00:00:00","0000-00-00 00:00:00"
1108,"Dilshad Garden ","Delhi East Division"," Infront Of Red Rose Public School,Sewadham road,Mandoli,Dilshad Garden,Delhi,Pin Code ? 110093","NORTH EAST",DELHI,110093,"Vikash Singh",,6306101085,NA,,"Mr Ramesh (RIT)",DELHI,7060504211,ramesh.kumar@utkarsh.bank,PO-22-08-010104,"Samsung (Printer - LaserJet)",MFD-SL-M2876ND,CNB1LDBX25,,,"ICON 116L (Toner)","ICON 116L (Drum Unit)",3,0,0,0,"0000-00-00 00:00:00","0000-00-00 00:00:00","0000-00-00 00:00:00"
1108,"Dilshad Garden ","Delhi East Division"," Infront Of Red Rose Public School,Sewadham road,Mandoli,Dilshad Garden,Delhi,Pin Code ? 110093","NORTH EAST",DELHI,110093,"Vikash Singh",,6306101085,NA,,"Mr Ramesh (RIT)",DELHI,7060504211,ramesh.kumar@utkarsh.bank,PO-23-02-027491,"Kyocera (Printer - LaserJet)","Kyocera FS 2040 DN",VYB2Y23183,"ICON TK-1178",DK-1150,,,3,0,0,0,"0000-00-00 00:00:00","0000-00-00 00:00:00","0000-00-00 00:00:00"
1109,Kakarmatta,"Varanasi West Division",",Uper Ground floor,Near  Radix Hospital, Kakarmatta, Dist- Varanasi, UP, Pin code- 221004",VARANASI,"UTTAR PRADESH",221004,"Akriti Singh/tara Sharma",,9670669950/9616699219,NA,,"Mr.Vishal Yadahav (RIT)","UTTAR PRADESH",8052868052,vishal.yadhav@utkarsh.bank,PO-23-04-016383,"Samsung (Printer - LaserJet)",MFD-SL-M2876ND,"CNB3KDK4G3 & ZD5HB8KJCC005MK",,,"ICON 116L (Toner)","ICON 116L (Drum Unit)",3,0,0,0,"0000-00-00 00:00:00","0000-00-00 00:00:00","0000-00-00 00:00:00"
1109,Kakarmatta,"Varanasi West Division",",Uper Ground floor,Near  Radix Hospital, Kakarmatta, Dist- Varanasi, UP, Pin code- 221004",VARANASI,"UTTAR PRADESH",221004,"Akriti Singh/tara Sharma",,9670669950/9616699219,NA,,"Mr.Vishal Yadahav (RIT)","UTTAR PRADESH",8052868052,vishal.yadhav@utkarsh.bank,PO-23-07-019634,"EPSON (Printer - Inktank)","EPSON M3170 EPIL",X5TW019129,,,INK-005,"Maintaince Box",3,0,0,0,"0000-00-00 00:00:00","0000-00-00 00:00:00","0000-00-00 00:00:00"
1110,Kasya,Deoria," ,Near Saraswati Shishu Mandir School Purani Fazilnagar Road Kasaya? Distt. Kushinagar? Uttar Pradesh PIN_ 274402","KUSHI NAGAR","UTTAR PRADESH",274402,"Suneel kumar",,8299631245,bm.kasya@utkarsh.bank,,"Mr.Haidar Ali (RIT)","UTTAR PRADESH",8090554271,"haidar,ali@utkarsh.bank",PO-23-04-016383,"Samsung (Printer - LaserJet)",MFD-SL-M2876ND,CNB1L9L54Y,,,"ICON 116L (Toner)","ICON 116L (Drum Unit)",3,0.4,0,0,"0000-00-00 00:00:00","0000-00-00 00:00:00","0000-00-00 00:00:00"
1110,Kasya,Deoria," ,Near Saraswati Shishu Mandir School Purani Fazilnagar Road Kasaya? Distt. Kushinagar? Uttar Pradesh PIN_ 274402","KUSHI NAGAR","UTTAR PRADESH",274402,"Suneel kumar",,8299631245,bm.kasya@utkarsh.bank,,"Mr.Haidar Ali (RIT)","UTTAR PRADESH",8090554271,"haidar,ali@utkarsh.bank",PO-22-01-013029,"Brother (Printer - LaserJet)","Brother- L2541DW",E73802J1N976373,"ICON TN-2365","ICON DR 2365",,,3,0.4,0,0,"0000-00-00 00:00:00","0000-00-00 00:00:00","0000-00-00 00:00:00"
1110,Kasya,Deoria," ,Near Saraswati Shishu Mandir School Purani Fazilnagar Road Kasaya? Distt. Kushinagar? Uttar Pradesh PIN_ 274402","KUSHI NAGAR","UTTAR PRADESH",274402,"Suneel kumar",,8299631245,bm.kasya@utkarsh.bank,,"Mr.Haidar Ali (RIT)","UTTAR PRADESH",8090554271,"haidar,ali@utkarsh.bank",PO-23-07-019634,"EPSON (Printer - Inktank)","EPSON M3170 EPIL",X5TW019200,,,INK-005,"Maintaince Box",3,0,0,0,"0000-00-00 00:00:00","0000-00-00 00:00:00","0000-00-00 00:00:00"
1111,"Purana Dasphalla","Saharanpur Division",",Near State Bank of India,Ground floor Near Dehradun Road, Phatehpur, Dist- Sharanpur, UP, Pin code-247662",HARIDWAR,UTTARAKHAND,247662,"MOHIT KAMBOJ",,9794843380,NA,,"Mr. Jogindar Kumar (RIT)",UTTARAKHAND,9896984436,Joginder@utkarsh.bank,PO-23-04-016383,"Samsung (Printer - LaserJet)",MFD-SL-M2876ND,CNB3KDK72B,,,"ICON 116L (Toner)","ICON 116L (Drum Unit)",3,0,0,0,"0000-00-00 00:00:00","0000-00-00 00:00:00","0000-00-00 00:00:00"
1111,"Purana Dasphalla","Saharanpur Division",",Near State Bank of India,Ground floor Near Dehradun Road, Phatehpur, Dist- Sharanpur, UP, Pin code-247662",HARIDWAR,UTTARAKHAND,247662,"MOHIT KAMBOJ",,9794843380,NA,,"Mr. Jogindar Kumar (RIT)",UTTARAKHAND,9896984436,Joginder@utkarsh.bank,PO-23-11-023335,"EPSON (Printer - Inktank)","EPSON M3170 EPIL",X5TW011276,,,INK-005,"Maintaince Box",3,0,0,0,"0000-00-00 00:00:00","0000-00-00 00:00:00","0000-00-00 00:00:00"
1112,Jamankhira,"Siwan Division"," Near Jogi Baba Mandir,Pateri,Maharajganj,Deuriya,District - Saran,Bihar,Pin code ? 841238",SIWAN,BIHAR,841238,"Chabi Kumar",,9523845261,NA,,"Mr.Priyatam Kumar Singh(RIT)",BIHAR,9504342712,priyatam.singh@utkarsh.bank,PO-22-08-010097,"Samsung (Printer - LaserJet)",MFD-SL-M2876ND,"CNB2KCYMOX- ZD5HB8KJBF01LYK",,,"ICON 116L (Toner)","ICON 116L (Drum Unit)",3,0,0,0,"0000-00-00 00:00:00","0000-00-00 00:00:00","0000-00-00 00:00:00"
1112,Jamankhira,"Siwan Division"," Near Jogi Baba Mandir,Pateri,Maharajganj,Deuriya,District - Saran,Bihar,Pin code ? 841238",SIWAN,BIHAR,841238,"Chabi Kumar",,9523845261,NA,,"Mr.Priyatam Kumar Singh(RIT)",BIHAR,9504342712,priyatam.singh@utkarsh.bank,PO-22-11-011300,"Brother (Printer - LaserJet)","Brother- L2541DW",E73802A2N240892,"ICON TN-2365","ICON DR 2365",,,3,0,0,0,"0000-00-00 00:00:00","0000-00-00 00:00:00","0000-00-00 00:00:00"
1113,Bangra,"Patna Division","Zonal Office:- 2nd Floor,134-A, Patliputra Colony,
Opposite Polytechnic Gate,Patna Bihar, PIN ? 800013",PATNA,BIHAR,800013,"Mantosh Kumar",,9097438580/7667953009,NA,,"Mr.Shantanu Kanth(RIT)",BIHAR,7635093755,shantanu.kanth@utkarsh.bank,PO-22-08-010097,"Samsung (Printer - LaserJet)",MFD-SL-M2876ND,CNB1L9W6BN,,,"ICON 116L (Toner)","ICON 116L (Drum Unit)",3,0,0,0,"0000-00-00 00:00:00","0000-00-00 00:00:00","0000-00-00 00:00:00"
1113,Bangra,"Patna Division","Zonal Office:- 2nd Floor,134-A, Patliputra Colony,
Opposite Polytechnic Gate,Patna Bihar, PIN ? 800013",PATNA,BIHAR,800013,"Mantosh Kumar",,9097438580/7667953009,NA,,"Mr.Shantanu Kanth(RIT)",BIHAR,7635093755,shantanu.kanth@utkarsh.bank,PO-22-01-013018,"Brother (Printer - LaserJet)","Brother- L2541DW",E73802K1N126435,"ICON TN-2365","ICON DR 2365",,,3,0,0,0,"0000-00-00 00:00:00","0000-00-00 00:00:00","0000-00-00 00:00:00"
1114,Sirathu,Sirathu,"Near Indian Bank,Saini Road Sirathu, Distt.Kaushambhi  Uttar Pradesh ,Pin code-212217",KAUSHAMBI,"UTTAR PRADESH",212217,"Krishna Das Singh",,8853614071,bm.sirathu@utkarsh.bank,,"Mr. Anil Kumar (RIT)","UTTAR PRADESH",7753811316,anil.yadav@utkarsh.bank,PO-23-04-016383,"Samsung (Printer - LaserJet)",MFD-SL-M2876ND,CNB1L9L54N,,,"ICON 116L (Toner)","ICON 116L (Drum Unit)",3,0.4,0,0,"0000-00-00 00:00:00","0000-00-00 00:00:00","0000-00-00 00:00:00"
1115,"SHIV VIHAR ","Delhi East Division","Upper Ground Floor, Plot No.C-1/10A, Yamuna Vihar, Delhi-110053","NORTH EAST",DELHI,110053,"Sakshi Lala",,8887753917,NA,,"Mr Ramesh (RIT)",DELHI,7060504211,ramesh.kumar@utkarsh.bank,PO-22-08-010104,"Samsung (Printer - LaserJet)",MFD-SL-M2876ND,CNB1L9T6F5,,,"ICON 116L (Toner)","ICON 116L (Drum Unit)",3,0,0,0,"0000-00-00 00:00:00","0000-00-00 00:00:00","0000-00-00 00:00:00"
1115,"SHIV VIHAR ","Delhi East Division","Upper Ground Floor, Plot No.C-1/10A, Yamuna Vihar, Delhi-110053","NORTH EAST",DELHI,110053,"Sakshi Lala",,8887753917,NA,,"Mr Ramesh (RIT)",DELHI,7060504211,ramesh.kumar@utkarsh.bank,PO-22-08-010104,"Samsung (Printer - LaserJet)",MFD-SL-M2876ND,CNB2M4JS8P,,,"ICON 116L (Toner)","ICON 116L (Drum Unit)",3,0,0,0,"0000-00-00 00:00:00","0000-00-00 00:00:00","0000-00-00 00:00:00"
1115,"SHIV VIHAR ","Delhi East Division","Upper Ground Floor, Plot No.C-1/10A, Yamuna Vihar, Delhi-110053","NORTH EAST",DELHI,110053,"Sakshi Lala",,8887753917,NA,,"Mr Ramesh (RIT)",DELHI,7060504211,ramesh.kumar@utkarsh.bank,PO-23-11-023549,"EPSON (Printer - Inktank)","EPSON M3170 EPIL",X5TW015764,,,INK-005,"Maintaince Box",3,0.4,0,0,"0000-00-00 00:00:00","0000-00-00 00:00:00","0000-00-00 00:00:00"
1116,"Belthara Road","Kotwari mode, Rasra","Mishrauli Road,Near Purwanchal Hall,Belthara Road,District ? Ballia,Uttar Pradesh,Pin Code ? 221715",BALLIA,"UTTAR PRADESH",221715,"Amit Yadav",,7317514149,bm.belthararoad@utkarsh.bank,,"Mr.Haidar Ali (RIT)","UTTAR PRADESH",8090554271,"haidar,ali@utkarsh.bank",PO-23-04-016383,"Samsung (Printer - LaserJet)",MFD-SL-M2876ND,CNB1L9L54R,,,"ICON 116L (Toner)","ICON 116L (Drum Unit)",3,0.4,0,0,"0000-00-00 00:00:00","0000-00-00 00:00:00","0000-00-00 00:00:00"
1116,"Belthara Road","Kotwari mode, Rasra","Mishrauli Road,Near Purwanchal Hall,Belthara Road,District ? Ballia,Uttar Pradesh,Pin Code ? 221715",BALLIA,"UTTAR PRADESH",221715,"Amit Yadav",,7317514149,bm.belthararoad@utkarsh.bank,,"Mr.Haidar Ali (RIT)","UTTAR PRADESH",8090554271,"haidar,ali@utkarsh.bank",PO-23-04-016383,"Samsung (Printer - LaserJet)",MFD-SL-M2876ND,ZD5HB8KJ8C0096,,,"ICON 116L (Toner)","ICON 116L (Drum Unit)",3,0,0,0,"0000-00-00 00:00:00","0000-00-00 00:00:00","0000-00-00 00:00:00"
1117,"PAONTA SAHIB ","PAONTA SAHIB "," Ward No. 13,House No. 22,Near Vishal Mega Mart Samserpur,Poanta sahib,District - Simaur,Himanchal Pradesh,Pin code-173025",SIRMAUR,"HIMACHAL PRADESH",173025,"Pankaj Kumar/Rupanshu",,7752902468,NA,,"Mr. Jogindar Kumar (RIT)",UTTARAKHAND,9896984436,Joginder@utkarsh.bank,PO-22-08-009428,"Samsung (Printer - LaserJet)",MFD-SL-M2876ND,ZD5HB8KJ8F02CZJ,,,"ICON 116L (Toner)","ICON 116L (Drum Unit)",3,0,0,0,"0000-00-00 00:00:00","0000-00-00 00:00:00","0000-00-00 00:00:00"
1118,Khanpur,"Patna Division","Zonal Office:- 2nd Floor,134-A, Patliputra Colony,
Opposite Polytechnic Gate,Patna Bihar, PIN ? 800013",PATNA,BIHAR,800013,"Jay Bahadur Rai",,9973196141/8271847247/,NA,,"Mr.Shantanu Kanth(RIT)",BIHAR,7635093755,shantanu.kanth@utkarsh.bank,PO-22-08-010097,"Samsung (Printer - LaserJet)",MFD-SL-M2876ND,CNB1L9W6DY,,,"ICON 116L (Toner)","ICON 116L (Drum Unit)",3,0,0,0,"0000-00-00 00:00:00","0000-00-00 00:00:00","0000-00-00 00:00:00"
1118,Khanpur,"Patna Division","Zonal Office:- 2nd Floor,134-A, Patliputra Colony,
Opposite Polytechnic Gate,Patna Bihar, PIN ? 800013",PATNA,BIHAR,800013,"Jay Bahadur Rai",,9973196141/8271847247/,NA,,"Mr.Shantanu Kanth(RIT)",BIHAR,7635093755,shantanu.kanth@utkarsh.bank,PO-22-01-013018,"Brother (Printer - LaserJet)","Brother- L2541DW",E73802K1N126434,"ICON TN-2365","ICON DR 2365",,,3,0,0,0,"0000-00-00 00:00:00","0000-00-00 00:00:00","0000-00-00 00:00:00"
1118,Khanpur,"Patna Division","Zonal Office:- 2nd Floor,134-A, Patliputra Colony,
Opposite Polytechnic Gate,Patna Bihar, PIN ? 800013",PATNA,BIHAR,800013,"Jay Bahadur Rai",,9973196141/8271847247/,NA,,"Mr.Shantanu Kanth(RIT)",BIHAR,7635093755,shantanu.kanth@utkarsh.bank,PO-22-11-011300,"EPSON (Printer - Inktank)","EPSON M3170 EPIL",X5TW011247,,,INK-005,"Maintaince Box",3,0,0,0,"0000-00-00 00:00:00","0000-00-00 00:00:00","0000-00-00 00:00:00"
1119,"Burari ","Burari "," HN. 167, A Black, Near Gopeswar Mandir,Bhagat Colony,Sant Nagar,Burari,Delhi ? 110084",NORTH,DELHI,110084,"Sanju Bharti/Bishnu",,9536924872,NA,,"Mr Ramesh (RIT)",DELHI,7060504211,ramesh.kumar@utkarsh.bank,PO-22-08-010104,"Samsung (Printer - LaserJet)",MFD-SL-M2876ND,CNB1L9V5JV,,,"ICON 116L (Toner)","ICON 116L (Drum Unit)",3,0,0,0,"0000-00-00 00:00:00","0000-00-00 00:00:00","0000-00-00 00:00:00"
1119,"Burari ","Burari "," HN. 167, A Black, Near Gopeswar Mandir,Bhagat Colony,Sant Nagar,Burari,Delhi ? 110084",NORTH,DELHI,110084,"Sanju Bharti/Bishnu",,9536924872,NA,,"Mr Ramesh (RIT)",DELHI,7060504211,ramesh.kumar@utkarsh.bank,PO-23-12-025662,"Kyocera (Printer - LaserJet)","Kyocera FS 2040 DN",VYB2X15810,"ICON TK-1178",DK-1150,,,3,0,0,0,"0000-00-00 00:00:00","0000-00-00 00:00:00","0000-00-00 00:00:00"
1120,"Nangloi ","Nangloi "," HO.NO.40, Nangloi Extention-2A,New Delhi,Pin code -110041",WEST,DELHI,110041,"Mamta /Amit Kr Ojha",,7053995167,NA,,"Mr Ramesh (RIT)",DELHI,7060504211,ramesh.kumar@utkarsh.bank,PO-22-08-010104,"Samsung (Printer - LaserJet)",MFD-SL-M2876ND,CNB1L9T69S,,,"ICON 116L (Toner)","ICON 116L (Drum Unit)",3,0,0,0,"0000-00-00 00:00:00","0000-00-00 00:00:00","0000-00-00 00:00:00"
1121,"Uttam Nagar ","Uttam Nagar "," WZ 1128 Minakshi garden , Near Shubhas Nagar Metro Station, Pillar no. 482, Tilak Nagar, East Delhi - 110018",WEST,DELHI,110018,"Mamta /Amit Kr Ojha",,7053995167,NA,,"Mr Ramesh (RIT)",DELHI,7060504211,ramesh.kumar@utkarsh.bank,PO-22-08-010104,"Samsung (Printer - LaserJet)",MFD-SL-M2876ND,CNB1L9T69C,,,"ICON 116L (Toner)","ICON 116L (Drum Unit)",3,0,0,0,"0000-00-00 00:00:00","0000-00-00 00:00:00","0000-00-00 00:00:00"
1122,Rasra,"Kotwari mode, Rasra","Pradhanpur Road,Near New Bihar Tent House,Nai Basti Kotwari mode,District ? Ballia,Uttar Pradesh,Pin Code ? 221712",BALLIA,"UTTAR PRADESH",221712,"Deenesh Kumar",,8756399831,Bm.kotwarimode@utkarsh.bank,,"Mr.Haidar Ali (RIT)","UTTAR PRADESH",8090554271,"haidar,ali@utkarsh.bank",PO-22-11-011336,"Brother (Printer - LaserJet)","Brother- L2541DW",E73802A2N243050,"ICON TN-2365","ICON DR 2365",,,3,0.4,0,0,"0000-00-00 00:00:00","0000-00-00 00:00:00","0000-00-00 00:00:00"
1122,Rasra,"Kotwari mode, Rasra","Pradhanpur Road,Near New Bihar Tent House,Nai Basti Kotwari mode,District ? Ballia,Uttar Pradesh,Pin Code ? 221712",BALLIA,"UTTAR PRADESH",221712,"Deenesh Kumar",,8756399831,Bm.kotwarimode@utkarsh.bank,,"Mr.Haidar Ali (RIT)","UTTAR PRADESH",8090554271,"haidar,ali@utkarsh.bank",PO-23-04-016383,"Samsung (Printer - LaserJet)",MFD-SL-M2876ND,NA,,,"ICON 116L (Toner)","ICON 116L (Drum Unit)",3,0,0,0,"0000-00-00 00:00:00","0000-00-00 00:00:00","0000-00-00 00:00:00"
1123,BALLIA,"Ballia Division",",Ground Floor,ITI Chauraha, Near HANUMAN MANDIR), Distt.-BALLIA ,Uttar Pradesh PIN  277001",BALLIA,"UTTAR PRADESH",277001,"Pradeep Kumar Patel/Shailesh Sriwastava",,8318102694/7234901543/7234901493,NA,,"Mr.Haidar Ali (RIT)","UTTAR PRADESH",8090554271,"haidar,ali@utkarsh.bank",PO-23-04-016383,"Samsung (Printer - LaserJet)",MFD-SL-M2876ND,CNB1L9555,,,"ICON 116L (Toner)","ICON 116L (Drum Unit)",3,0,0,0,"0000-00-00 00:00:00","0000-00-00 00:00:00","0000-00-00 00:00:00"
1123,BALLIA,"Ballia Division",",Ground Floor,ITI Chauraha, Near HANUMAN MANDIR), Distt.-BALLIA ,Uttar Pradesh PIN  277001",BALLIA,"UTTAR PRADESH",277001,"Pradeep Kumar Patel/Shailesh Sriwastava",,8318102694/7234901543/7234901493,NA,,"Mr.Haidar Ali (RIT)","UTTAR PRADESH",8090554271,"haidar,ali@utkarsh.bank",PO-23-05-017661,"EPSON (Printer - Inktank)","EPSON M3170 EPIL",X5TW011318,,,INK-005,"Maintaince Box",3,0.4,0,0,"0000-00-00 00:00:00","0000-00-00 00:00:00","0000-00-00 00:00:00"
1123,BALLIA,"Ballia Division",",Ground Floor,ITI Chauraha, Near HANUMAN MANDIR), Distt.-BALLIA ,Uttar Pradesh PIN  277001",BALLIA,"UTTAR PRADESH",277001,"Pradeep Kumar Patel/Shailesh Sriwastava",,8318102694/7234901543/7234901493,NA,,"Mr.Haidar Ali (RIT)","UTTAR PRADESH",8090554271,"haidar,ali@utkarsh.bank",PO-23-07-019634,"EPSON (Printer - Inktank)","EPSON M3170 EPIL",X5TW018862,,,INK-005,"Maintaince Box",3,0,0,0,"0000-00-00 00:00:00","0000-00-00 00:00:00","0000-00-00 00:00:00"
1124,Gopalganj,"Siwan Division","Ground floor,Saraiya ward No-01,Lakhpatiya More,Jadopur Road,Gopalganj,Distt.-Gopalganj,Bihar,PIN-841428
",GOPALGANJ,BIHAR,841428,"Sanjeev Kumar/Sandeep Kr",,9525568584/9939016756,NA,,"Mr.Priyatam Kumar Singh(RIT)",BIHAR,9504342712,priyatam.singh@utkarsh.bank,PO-22-08-010097,"Samsung (Printer - LaserJet)",MFD-SL-M2876ND,CNB1L9W6F2,,,"ICON 116L (Toner)","ICON 116L (Drum Unit)",3,0,0,0,"0000-00-00 00:00:00","0000-00-00 00:00:00","0000-00-00 00:00:00"
1124,Gopalganj,"Siwan Division","Ground floor,Saraiya ward No-01,Lakhpatiya More,Jadopur Road,Gopalganj,Distt.-Gopalganj,Bihar,PIN-841428
",GOPALGANJ,BIHAR,841428,"Sanjeev Kumar/Sandeep Kr",,9525568584/9939016756,NA,,"Mr.Priyatam Kumar Singh(RIT)",BIHAR,9504342712,priyatam.singh@utkarsh.bank,PO-22-01-013018,"Brother (Printer - LaserJet)","Brother- L2541DW",E73802J1N976352,"ICON TN-2365","ICON DR 2365",,,3,0,0,0,"0000-00-00 00:00:00","0000-00-00 00:00:00","0000-00-00 00:00:00"
1124,Gopalganj,"Siwan Division","Ground floor,Saraiya ward No-01,Lakhpatiya More,Jadopur Road,Gopalganj,Distt.-Gopalganj,Bihar,PIN-841428
",GOPALGANJ,BIHAR,841428,"Sanjeev Kumar/Sandeep Kr",,9525568584/9939016756,NA,,"Mr.Priyatam Kumar Singh(RIT)",BIHAR,9504342712,priyatam.singh@utkarsh.bank,PO-22-11-011300,"EPSON (Printer - Inktank)","EPSON M3170 EPIL",X5TW011302,,,INK-005,"Maintaince Box",3,0,0,0,"0000-00-00 00:00:00","0000-00-00 00:00:00","0000-00-00 00:00:00"
1124,Gopalganj,"Siwan Division","Ground floor,Saraiya ward No-01,Lakhpatiya More,Jadopur Road,Gopalganj,Distt.-Gopalganj,Bihar,PIN-841428
",GOPALGANJ,BIHAR,841428,"Sanjeev Kumar/Sandeep Kr",,9525568584/9939016756,NA,,"Mr.Priyatam Kumar Singh(RIT)",BIHAR,9504342712,priyatam.singh@utkarsh.bank,PO-23-07-019349,"EPSON (Printer - Inktank)","EPSON M3170 EPIL",X5TW017599,,,INK-005,"Maintaince Box",3,0,0,0,"0000-00-00 00:00:00","0000-00-00 00:00:00","0000-00-00 00:00:00"
1125,"Laksar ","Laksar "," Near Purkaji Bus stand, Bhurna Road,Simli,Laksar,District - Haridwar,Uttarakhand,Pin code ? 247663",HARIDWAR,UTTARAKHAND,247663,"VINAY KUMAR",,7982872261,bm.laksar@utkarsh.bank,,"Mr. Jogindar Kumar (RIT)",UTTARAKHAND,9896984436,Joginder@utkarsh.bank,PO-22-08-010107,"Samsung (Printer - LaserJet)",MFD-SL-M2876ND,CNB3KDK4LW,,,"ICON 116L (Toner)","ICON 116L (Drum Unit)",3,0.4,0,0,"0000-00-00 00:00:00","0000-00-00 00:00:00","0000-00-00 00:00:00"
1125,"Laksar ","Laksar "," Near Purkaji Bus stand, Bhurna Road,Simli,Laksar,District - Haridwar,Uttarakhand,Pin code ? 247663",HARIDWAR,UTTARAKHAND,247663,"VINAY KUMAR",,7982872261,bm.laksar@utkarsh.bank,,"Mr. Jogindar Kumar (RIT)",UTTARAKHAND,9896984436,Joginder@utkarsh.bank,PO-23-05-017446,"EPSON (Printer - Inktank)","EPSON M3170 EPIL",X5TW013449,,,INK-005,"Maintaince Box",3,0.4,0,0,"0000-00-00 00:00:00","0000-00-00 00:00:00","0000-00-00 00:00:00"
1125,"Laksar ","Laksar "," Near Purkaji Bus stand, Bhurna Road,Simli,Laksar,District - Haridwar,Uttarakhand,Pin code ? 247663",HARIDWAR,UTTARAKHAND,247663,"VINAY KUMAR",,7982872261,bm.laksar@utkarsh.bank,,"Mr. Jogindar Kumar (RIT)",UTTARAKHAND,9896984436,Joginder@utkarsh.bank,"Awaiting PO","EPSON (Printer - Inktank)","EPSON M3170 EPIL",X5TW016142,,,INK-005,"Maintaince Box",3,0,0,0,"0000-00-00 00:00:00","0000-00-00 00:00:00","0000-00-00 00:00:00"
1126,Sikandarpur,"Varanasi West Division","S-24/1-2, 1st Floor, Mahavir Nagar, Orderly Bazar,
Near Mahavir Mandir, Varanasi, Uttar Pradesh, India, PIN - 221002",VARANASI,"UTTAR PRADESH",221002,"Abhay Shanker Dubey",,9807483897,NA,,"Mr.Vishal Yadahav (RIT)","UTTAR PRADESH",8052868052,vishal.yadhav@utkarsh.bank,PO-23-04-016383,"Samsung (Printer - LaserJet)",MFD-SL-M2876ND,CNB1L9L54Z,,,"ICON 116L (Toner)","ICON 116L (Drum Unit)",3,0,0,0,"0000-00-00 00:00:00","0000-00-00 00:00:00","0000-00-00 00:00:00"
1126,Sikandarpur,"Varanasi West Division","S-24/1-2, 1st Floor, Mahavir Nagar, Orderly Bazar,
Near Mahavir Mandir, Varanasi, Uttar Pradesh, India, PIN - 221002",VARANASI,"UTTAR PRADESH",221002,"Abhay Shanker Dubey",,9807483897,NA,,"Mr.Vishal Yadahav (RIT)","UTTAR PRADESH",8052868052,vishal.yadhav@utkarsh.bank,PO-23-05-017661,"EPSON (Printer - Inktank)","EPSON M3170 EPIL",X5TW012511,,,INK-005,"Maintaince Box",3,0.4,0,0,"0000-00-00 00:00:00","0000-00-00 00:00:00","0000-00-00 00:00:00"
1127,Bhore,Bhore," Near By ESSAR Petrol Pump,Yaduvansi Complex,Mirganj Road Bhore,District - Gopalganj,Bihar,Pin code ? 841426",GOPALGANJ,BIHAR,841426,"Dhananjay Kumar Gupta",,9771662872,NA,,"Mr.kuldip Kumar (RIT)",BIHAR,9511133885,kuldip.kumar@utkarsh.bank,PO-22-11-011300,"Brother (Printer - LaserJet)","Brother- L2541DW",E73802K1N128305,"ICON TN-2365","ICON DR 2365",,,3,0,0,0,"0000-00-00 00:00:00","0000-00-00 00:00:00","0000-00-00 00:00:00"
1127,Bhore,Bhore," Near By ESSAR Petrol Pump,Yaduvansi Complex,Mirganj Road Bhore,District - Gopalganj,Bihar,Pin code ? 841426",GOPALGANJ,BIHAR,841426,"Dhananjay Kumar Gupta",,9771662872,NA,,"Mr.kuldip Kumar (RIT)",BIHAR,9511133885,kuldip.kumar@utkarsh.bank,PO-23-07-019349,"EPSON (Printer - Inktank)","EPSON M3170 EPIL",X5TW018440,,,INK-005,"Maintaince Box",3,0,0,0,"0000-00-00 00:00:00","0000-00-00 00:00:00","0000-00-00 00:00:00"
1127,Bhore,Bhore," Near By ESSAR Petrol Pump,Yaduvansi Complex,Mirganj Road Bhore,District - Gopalganj,Bihar,Pin code ? 841426",GOPALGANJ,BIHAR,841426,"Dhananjay Kumar Gupta",,9771662872,NA,,"Mr.kuldip Kumar (RIT)",BIHAR,9511133885,kuldip.kumar@utkarsh.bank,PO-22-11-011300,"EPSON (Printer - Inktank)","EPSON M3170 EPIL",X5TW019208,,,INK-005,"Maintaince Box",3,0,0,0,"0000-00-00 00:00:00","0000-00-00 00:00:00","0000-00-00 00:00:00"
1127,Bhore,Bhore," Near By ESSAR Petrol Pump,Yaduvansi Complex,Mirganj Road Bhore,District - Gopalganj,Bihar,Pin code ? 841426",GOPALGANJ,BIHAR,841426,"Dhananjay Kumar Gupta",,9771662872,NA,,"Mr.kuldip Kumar (RIT)",BIHAR,9511133885,kuldip.kumar@utkarsh.bank,PO-22-08-010097,"Samsung (Printer - LaserJet)",MFD-SL-M2876ND,ZD5HB8KJ8F02AJH,,,"ICON 116L (Toner)","ICON 116L (Drum Unit)",3,0,0,0,"0000-00-00 00:00:00","0000-00-00 00:00:00","0000-00-00 00:00:00"
1128,Chahania,Chahania,",Upper Ground Floor,Bhupauli Road,Front of Block Office Khandwari, Chahaniya, Dist- Chandauli, UP, Pin code- 232109",CHANDAULI,"UTTAR PRADESH",232109,"Ramashankar Santlal",,7753811319,NA,,"Mr. Anil Kumar (RIT)","UTTAR PRADESH",7753811316,anil.yadav@utkarsh.bank,PO-23-04-016383,"Samsung (Printer - LaserJet)",MFD-SL-M2876ND,"CNB3KDK7PG & ZD5HB8KJBF01GBK",,,"ICON 116L (Toner)","ICON 116L (Drum Unit)",3,0,0,0,"0000-00-00 00:00:00","0000-00-00 00:00:00","0000-00-00 00:00:00"
1128,Chahania,Chahania,",Upper Ground Floor,Bhupauli Road,Front of Block Office Khandwari, Chahaniya, Dist- Chandauli, UP, Pin code- 232109",CHANDAULI,"UTTAR PRADESH",232109,"Ramashankar Santlal",,7753811319,NA,,"Mr. Anil Kumar (RIT)","UTTAR PRADESH",7753811316,anil.yadav@utkarsh.bank,PO-22-12-012415,"HP (Printer - LaserJet)","HP-M226DW- MFP",CNBRPBFFW1,,,"ICON 88A",,3,0,0,0,"0000-00-00 00:00:00","0000-00-00 00:00:00","0000-00-00 00:00:00"
1128,Chahania,Chahania,",Upper Ground Floor,Bhupauli Road,Front of Block Office Khandwari, Chahaniya, Dist- Chandauli, UP, Pin code- 232109",CHANDAULI,"UTTAR PRADESH",232109,"Ramashankar Santlal",,7753811319,NA,,"Mr. Anil Kumar (RIT)","UTTAR PRADESH",7753811316,anil.yadav@utkarsh.bank,PO-22-12-012276,"HP (Printer - LaserJet)","HP-M226DW- MFP",CNBRPBFFYX,,,"ICON 88A",,3,0,0,0,"0000-00-00 00:00:00","0000-00-00 00:00:00","0000-00-00 00:00:00"
1129,Mirzapur,"Siwan Division",",Ground Floor,Rupan Chak Road, Mirzapur, Dist- Gopalganj, Bihar, Pin code-841405",GOPALGANJ,BIHAR,841405,"Pintu Kumar Ojha",,7485094896/8797219305,NA,,"Mr.kuldip Kumar (RIT)",BIHAR,9511133885,kuldip.kumar@utkarsh.bank,PO-22-08-010097,"Samsung (Printer - LaserJet)",MFD-SL-M2876ND,CNB3KDK71R,,,"ICON 116L (Toner)","ICON 116L (Drum Unit)",3,0,0,0,"0000-00-00 00:00:00","0000-00-00 00:00:00","0000-00-00 00:00:00"
1129,Mirzapur,"Siwan Division",",Ground Floor,Rupan Chak Road, Mirzapur, Dist- Gopalganj, Bihar, Pin code-841405",GOPALGANJ,BIHAR,841405,"Pintu Kumar Ojha",,7485094896/8797219305,NA,,"Mr.kuldip Kumar (RIT)",BIHAR,9511133885,kuldip.kumar@utkarsh.bank,PO-23-11-023330,"EPSON (Printer - Inktank)","EPSON M3170 EPIL",X5TW011283,,,INK-005,"Maintaince Box",3,0,0,0,"0000-00-00 00:00:00","0000-00-00 00:00:00","0000-00-00 00:00:00"
1130,"Tamkuhi Road",Padrauna,"Near Life Line Boarding School,Sevrahi Block,Tamkuhi Road,District - Kushinagar,Uttar Pradesh,Pin code ? 274406","KUSHI NAGAR","UTTAR PRADESH",274406,"Sanjay Singh",,9005444424,bm.tamkuhiroad@utkarsh.bank,,"Mr.Haidar Ali (RIT)","UTTAR PRADESH",8090554271,"haidar,ali@utkarsh.bank",PO-23-04-016383,"Samsung (Printer - LaserJet)",MFD-SL-M2876ND,CNB1KCVWNH,,,"ICON 116L (Toner)","ICON 116L (Drum Unit)",3,0.4,0,0,"0000-00-00 00:00:00","0000-00-00 00:00:00","0000-00-00 00:00:00"
1130,"Tamkuhi Road",Padrauna,"Near Life Line Boarding School,Sevrahi Block,Tamkuhi Road,District - Kushinagar,Uttar Pradesh,Pin code ? 274406","KUSHI NAGAR","UTTAR PRADESH",274406,"Sanjay Singh",,9005444424,bm.tamkuhiroad@utkarsh.bank,,"Mr.Haidar Ali (RIT)","UTTAR PRADESH",8090554271,"haidar,ali@utkarsh.bank",PO-23-11-023195,"EPSON (Printer - Inktank)","EPSON M3170 EPIL",X5TW018772,,,INK-005,"Maintaince Box",3,0.4,0,0,"0000-00-00 00:00:00","0000-00-00 00:00:00","0000-00-00 00:00:00"
1130,"Tamkuhi Road",Padrauna,"Near Life Line Boarding School,Sevrahi Block,Tamkuhi Road,District - Kushinagar,Uttar Pradesh,Pin code ? 274406","KUSHI NAGAR","UTTAR PRADESH",274406,"Sanjay Singh",,9005444424,bm.tamkuhiroad@utkarsh.bank,,"Mr.Haidar Ali (RIT)","UTTAR PRADESH",8090554271,"haidar,ali@utkarsh.bank",PO-23-07-019634,"EPSON (Printer - Inktank)","EPSON M3170 EPIL",X5TW019167,,,INK-005,"Maintaince Box",3,0,0,0,"0000-00-00 00:00:00","0000-00-00 00:00:00","0000-00-00 00:00:00"
1131,"Rishikesh ","Rishikesh "," Kelal road,Near Shyampur Police Chauki,Shyampur,Rishikesh,District ? DehradunUttarakhand,Pin code ? 249204",DEHRADUN,UTTARAKHAND,249204,Akshit,,7895206637,bm.rishikesh@utkarsh.bank,,"Mr. Jogindar Kumar (RIT)",UTTARAKHAND,9896984436,Joginder@utkarsh.bank,PO-22-08-010107,"Samsung (Printer - LaserJet)",MFD-SL-M2876ND,CNB1L9V5KG,,,"ICON 116L (Toner)","ICON 116L (Drum Unit)",3,0.4,0,0,"0000-00-00 00:00:00","0000-00-00 00:00:00","0000-00-00 00:00:00"
1132,"Badarpur ","New Delhi South Division"," J-13 SAURABH VIHAR JAITPUR BADARPUR, NEW DELHI,PIN CODE -110044",SOUTH,DELHI,110044,"Shivam Kumar Tripathi",,7052321264,NA,,"Mr Ramesh (RIT)",DELHI,7060504211,ramesh.kumar@utkarsh.bank,PO-22-08-010104,"Samsung (Printer - LaserJet)",MFD-SL-M2876ND,"CNB1L9T68Z & ZD5H88KK9D02RSH",,,"ICON 116L (Toner)","ICON 116L (Drum Unit)",3,0,0,0,"0000-00-00 00:00:00","0000-00-00 00:00:00","0000-00-00 00:00:00"
1132,"Badarpur ","New Delhi South Division"," J-13 SAURABH VIHAR JAITPUR BADARPUR, NEW DELHI,PIN CODE -110044",SOUTH,DELHI,110044,"Shivam Kumar Tripathi",,7052321264,NA,,"Mr Ramesh (RIT)",DELHI,7060504211,ramesh.kumar@utkarsh.bank,PO-23-11-023342,"EPSON (Printer - Inktank)","EPSON M3170 EPIL",X5TW010493,,,INK-005,"Maintaince Box",3,0,0,0,"0000-00-00 00:00:00","0000-00-00 00:00:00","0000-00-00 00:00:00"
1133,Dattawadi,Nagpur,"Ground Floor,Plot No.- 15, Sabhachar Society , Ridhi Siddhi Bhawan, Dattawadi, Dist- Nagpur, Pin code- 440032",NAGPUR,MAHARASHTRA,440032,"Ganesh Waman Rao",,7385409206,bm.dattawadi@utkarsh.bank,,"Mr. Rahul Chauhan (RIT) & Mr. Kamal (RIT)",MAHARASHTRA,7021828776/7525048585,rahul.chauhan1@utkarsh.bank,PO-22-08-010102,"Samsung (Printer - LaserJet)",MFD-SL-M2876ND,CNB1L9M5KV,,,"ICON 116L (Toner)","ICON 116L (Drum Unit)",3,0.4,0,0,"0000-00-00 00:00:00","0000-00-00 00:00:00","0000-00-00 00:00:00"
1133,Dattawadi,Nagpur,"Ground Floor,Plot No.- 15, Sabhachar Society , Ridhi Siddhi Bhawan, Dattawadi, Dist- Nagpur, Pin code- 440032",NAGPUR,MAHARASHTRA,440032,"Ganesh Waman Rao",,7385409206,bm.dattawadi@utkarsh.bank,,"Mr. Rahul Chauhan (RIT) & Mr. Kamal (RIT)",MAHARASHTRA,7021828776/7525048585,rahul.chauhan1@utkarsh.bank,PO-22-12-012408,"Brother (Printer - LaserJet)","Brother- L2541DW",E73802J1N978514,"ICON TN-2365","ICON DR 2365",,,3,0.4,0,0,"0000-00-00 00:00:00","0000-00-00 00:00:00","0000-00-00 00:00:00"
1134,Katol,Nagpur," Near Reliance Petrol Pump, Ground Floor, Jalalkheda Road, Katol, Dist-Nagpur- 441302",NAGPUR,MAHARASHTRA,441302,"Suchit Ramkrushna Rathod",,8805533008,bm.katol@utkarsh.bank,,"Mr. Rahul Chauhan (RIT) & Mr. Kamal (RIT)",MAHARASHTRA,7021828776/7525048585,rahul.chauhan1@utkarsh.bank,PO-22-08-010102,"Samsung (Printer - LaserJet)",MFD-SL-M2876ND,CNB1L9M5L6,,,"ICON 116L (Toner)","ICON 116L (Drum Unit)",3,0.4,0,0,"0000-00-00 00:00:00","0000-00-00 00:00:00","0000-00-00 00:00:00"
1134,Katol,Nagpur," Near Reliance Petrol Pump, Ground Floor, Jalalkheda Road, Katol, Dist-Nagpur- 441302",NAGPUR,MAHARASHTRA,441302,"Suchit Ramkrushna Rathod",,8805533008,bm.katol@utkarsh.bank,,"Mr. Rahul Chauhan (RIT) & Mr. Kamal (RIT)",MAHARASHTRA,7021828776/7525048585,rahul.chauhan1@utkarsh.bank,"Awaiting PO","EPSON (Printer - Inktank)","EPSON M3170 EPIL",X5TW016027,,,INK-005,"Maintaince Box",3,0.4,0,0,"0000-00-00 00:00:00","0000-00-00 00:00:00","0000-00-00 00:00:00"
1135,Bariyarpur,Bariyarpur,"Bada Bariyarpur Baypass chowk, Near Central Bank Of India, PO-Civil Court Motihari,PS-Chitauni,Distt.-Motihari, Bihar PIN-845401","PURBI CHAMPARAN",BIHAR,845401,"Saurabh Kumar",,9284060360,bom.bariyarpur@utkarsh.bank,,"Mr.Ajeet Kumar(RIT)",BIHAR,9608953407,ajeet.kumar@utkarsh.bank,PO-22-08-010097,"Samsung (Printer - LaserJet)",MFD-SL-M2876ND,CNB1L9W6F6,,,"ICON 116L (Toner)","ICON 116L (Drum Unit)",3,0.4,0,0,"0000-00-00 00:00:00","0000-00-00 00:00:00","0000-00-00 00:00:00"
1135,Bariyarpur,Bariyarpur,"Bada Bariyarpur Baypass chowk, Near Central Bank Of India, PO-Civil Court Motihari,PS-Chitauni,Distt.-Motihari, Bihar PIN-845401","PURBI CHAMPARAN",BIHAR,845401,"Saurabh Kumar",,9284060360,bom.bariyarpur@utkarsh.bank,,"Mr.Ajeet Kumar(RIT)",BIHAR,9608953407,ajeet.kumar@utkarsh.bank,PO-22-11-011324,"Brother (Printer - LaserJet)","Brother- L2541DW",E73802A2N240951/E73802A2N240920,"ICON TN-2365","ICON DR 2365",,,3,0.4,0,0,"0000-00-00 00:00:00","0000-00-00 00:00:00","0000-00-00 00:00:00"
1135,Bariyarpur,Bariyarpur,"Bada Bariyarpur Baypass chowk, Near Central Bank Of India, PO-Civil Court Motihari,PS-Chitauni,Distt.-Motihari, Bihar PIN-845401","PURBI CHAMPARAN",BIHAR,845401,"Saurabh Kumar",,9284060360,bom.bariyarpur@utkarsh.bank,,"Mr.Ajeet Kumar(RIT)",BIHAR,9608953407,ajeet.kumar@utkarsh.bank,PO-22-11-011300,"Brother (Printer - LaserJet)","Brother- L2541DW",E73802K1N128285,"ICON TN-2365","ICON DR 2365",,,3,0.4,0,0,"0000-00-00 00:00:00","0000-00-00 00:00:00","0000-00-00 00:00:00"
1135,Bariyarpur,Bariyarpur,"Bada Bariyarpur Baypass chowk, Near Central Bank Of India, PO-Civil Court Motihari,PS-Chitauni,Distt.-Motihari, Bihar PIN-845401","PURBI CHAMPARAN",BIHAR,845401,"Saurabh Kumar",,9284060360,bom.bariyarpur@utkarsh.bank,,"Mr.Ajeet Kumar(RIT)",BIHAR,9608953407,ajeet.kumar@utkarsh.bank,PO-23-07-019349,"EPSON (Printer - Inktank)","EPSON M3170 EPIL",X5TW018759,,,INK-005,"Maintaince Box",3,0,0,0,"0000-00-00 00:00:00","0000-00-00 00:00:00","0000-00-00 00:00:00"
1136,"Katni ","Jabalpur Division",",Ground Floor,Near Mai Nadi,Rajeev Ghandhi Ward, Katni, District- Katni, MP, Pin code- 483501",KATNI,"MADHYA PRADESH",483501,"Basant Koshta",,8349589375,NA,,"Mr. Neelish Soni (RIT)","MADHYA PRADESH",8090654540,neelesh.soni@utkarsh.bank,PO-24-09-010101,"Samsung (Printer - LaserJet)",MFD-SL-M2876ND,ZD5HB8KJBF01C0E-CNB1KCAMH4,,,"ICON 116L (Toner)","ICON 116L (Drum Unit)",3,0,0,0,"0000-00-00 00:00:00","0000-00-00 00:00:00","0000-00-00 00:00:00"
1137,Areraj,Areraj,"Sangrampur Road,Hardiya Chowk,Janerwa,Jogiyar,Areraj,District - East Champaran,Bihar,Pin code ? 845411","PURBI CHAMPARAN",BIHAR,845411,"Guddu Shaw",,6202692046,bm.areraj@utkarsh.bank,,"Mr.Ajeet Kumar(RIT)",BIHAR,9608953407,ajeet.kumar@utkarsh.bank,PO-22-08-010097,"Samsung (Printer - LaserJet)",MFD-SL-M2876ND,CNB2L7DJ71,,,"ICON 116L (Toner)","ICON 116L (Drum Unit)",3,0.4,0,0,"0000-00-00 00:00:00","0000-00-00 00:00:00","0000-00-00 00:00:00"
1137,Areraj,Areraj,"Sangrampur Road,Hardiya Chowk,Janerwa,Jogiyar,Areraj,District - East Champaran,Bihar,Pin code ? 845411","PURBI CHAMPARAN",BIHAR,845411,"Guddu Shaw",,6202692046,bm.areraj@utkarsh.bank,,"Mr.Ajeet Kumar(RIT)",BIHAR,9608953407,ajeet.kumar@utkarsh.bank,PO-22-11-011300,"EPSON (Printer - Inktank)","EPSON M3170 EPIL",E73802A2N243077,,,INK-005,"Maintaince Box",3,0.4,0,0,"0000-00-00 00:00:00","0000-00-00 00:00:00","0000-00-00 00:00:00"
1137,Areraj,Areraj,"Sangrampur Road,Hardiya Chowk,Janerwa,Jogiyar,Areraj,District - East Champaran,Bihar,Pin code ? 845411","PURBI CHAMPARAN",BIHAR,845411,"Guddu Shaw",,6202692046,bm.areraj@utkarsh.bank,,"Mr.Ajeet Kumar(RIT)",BIHAR,9608953407,ajeet.kumar@utkarsh.bank,PO-22-11-011300,"Brother (Printer - LaserJet)","Brother- L2541DW",X5TW010973,"ICON TN-2365","ICON DR 2365",,,3,0.4,4000,0,"0000-00-00 00:00:00","0000-00-00 00:00:00","0000-00-00 00:00:00"
1137,Areraj,Areraj,"Sangrampur Road,Hardiya Chowk,Janerwa,Jogiyar,Areraj,District - East Champaran,Bihar,Pin code ? 845411","PURBI CHAMPARAN",BIHAR,845411,"Guddu Shaw",,6202692046,bm.areraj@utkarsh.bank,,"Mr.Ajeet Kumar(RIT)",BIHAR,9608953407,ajeet.kumar@utkarsh.bank,PO-23-07-019349,"EPSON (Printer - Inktank)","EPSON M3170 EPIL",X5TW018423,,,INK-005,"Maintaince Box",3,0,0,0,"0000-00-00 00:00:00","0000-00-00 00:00:00","0000-00-00 00:00:00"
1138,"Bara Chakia","Bara Chakia","WFront of sugar meel gate,Ward No. 9,Badhuban Road,Bara Chakia,District - East Champaran,Bihar,Pin code ? 845412","PURBI CHAMPARAN",BIHAR,845412,"Ashok Kumar",,9939718474,ops.barachakiya@utkarsh.bank,,"Mr.Ajeet Kumar(RIT)",BIHAR,9608953407,ajeet.kumar@utkarsh.bank,PO-22-08-010097,"Samsung (Printer - LaserJet)",MFD-SL-M2876ND,"CNB2L7DJ75- ZD5HB8KK7F01CGN",,,"ICON 116L (Toner)","ICON 116L (Drum Unit)",3,0.4,0,0,"0000-00-00 00:00:00","0000-00-00 00:00:00","0000-00-00 00:00:00"
1138,"Bara Chakia","Bara Chakia","WFront of sugar meel gate,Ward No. 9,Badhuban Road,Bara Chakia,District - East Champaran,Bihar,Pin code ? 845412","PURBI CHAMPARAN",BIHAR,845412,"Ashok Kumar",,9939718474,ops.barachakiya@utkarsh.bank,,"Mr.Ajeet Kumar(RIT)",BIHAR,9608953407,ajeet.kumar@utkarsh.bank,PO-22-11-011300,"Brother (Printer - LaserJet)","Brother- L2541DW",E73802K1N128291,"ICON TN-2365","ICON DR 2365",,,3,0.4,0,0,"0000-00-00 00:00:00","0000-00-00 00:00:00","0000-00-00 00:00:00"
1138,"Bara Chakia","Bara Chakia","WFront of sugar meel gate,Ward No. 9,Badhuban Road,Bara Chakia,District - East Champaran,Bihar,Pin code ? 845412","PURBI CHAMPARAN",BIHAR,845412,"Ashok Kumar",,9939718474,ops.barachakiya@utkarsh.bank,,"Mr.Ajeet Kumar(RIT)",BIHAR,9608953407,ajeet.kumar@utkarsh.bank,PO-22-11-011300,"Brother (Printer - LaserJet)","Brother- L2541DW",E73802K1N128794,"ICON TN-2365","ICON DR 2365",,,3,0.4,0,0,"0000-00-00 00:00:00","0000-00-00 00:00:00","0000-00-00 00:00:00"
1138,"Bara Chakia","Bara Chakia","WFront of sugar meel gate,Ward No. 9,Badhuban Road,Bara Chakia,District - East Champaran,Bihar,Pin code ? 845412","PURBI CHAMPARAN",BIHAR,845412,"Ashok Kumar",,9939718474,ops.barachakiya@utkarsh.bank,,"Mr.Ajeet Kumar(RIT)",BIHAR,9608953407,ajeet.kumar@utkarsh.bank,PO-23-07-019349,"EPSON (Printer - Inktank)","EPSON M3170 EPIL",X5TW018439,,,INK-005,"Maintaince Box",3,0,0,0,"0000-00-00 00:00:00","0000-00-00 00:00:00","0000-00-00 00:00:00"
1139,Gadarwara,Betul,"Ranapratap Ward, Near ITI Colony, Gadarwara,District - Narsinghpur,Madhya Pradesh,Pin code - 487551",NARSINGHPUR,"MADHYA PRADESH",487551,"Tinku yaduvanshi",,7415110194,bm.gadarwara@utkarsh.bank,,"Mr. Neelish Soni (RIT)","MADHYA PRADESH",8090654540,neelesh.soni@utkarsh.bank,PO-24-09-010101,"Samsung (Printer - LaserJet)",MFD-SL-M2876ND,CNB1L9V6DZ,,,"ICON 116L (Toner)","ICON 116L (Drum Unit)",3,0.4,0,0,"0000-00-00 00:00:00","0000-00-00 00:00:00","0000-00-00 00:00:00"
1140,"Sihora ","Jabalpur Division","Ground floor,Station road,Near Allhabad Bank,Sihora,Jabalpur,M.P,Pin code ? 483225",JABALPUR,"MADHYA PRADESH",483225,"Ayodhya Prasad Yadav/Surbhi Sahu",,8889854795/7999916799,NA,,"Mr. Neelish Soni (RIT)","MADHYA PRADESH",8090654540,neelesh.soni@utkarsh.bank,PO-24-09-010101,"Samsung (Printer - LaserJet)",MFD-SL-M2876ND,"ZD5HB8KK9C04K9A- CNB1L9V6DY",,,"ICON 116L (Toner)","ICON 116L (Drum Unit)",3,0,4000,0,"0000-00-00 00:00:00","0000-00-00 00:00:00","0000-00-00 00:00:00"
1141,"Ballabhgarh, Faridabad ","Ballabhgarh, Faridabad ","Near Indian Overseas Bank,Plot No. 207,Yadav Colony,Ballabagarh,District ? Faridabad,Harayan,Pin Code ? 121004",PALWAL,HARYANA,121004,"Hari Singh",,7091768652,NA,,"Mr.Haidar Ali (RIT)","UTTAR PRADESH",8090554271,"haidar,ali@utkarsh.bank",PO-22-9-010098,"Samsung (Printer - LaserJet)",MFD-SL-M2876ND,CNB1L9T697,,,"ICON 116L (Toner)","ICON 116L (Drum Unit)",3,0,0,0,"0000-00-00 00:00:00","0000-00-00 00:00:00","0000-00-00 00:00:00"
1141,"Ballabhgarh, Faridabad ","Ballabhgarh, Faridabad ","Near Indian Overseas Bank,Plot No. 207,Yadav Colony,Ballabagarh,District ? Faridabad,Harayan,Pin Code ? 121004",PALWAL,HARYANA,121004,"Hari Singh",,7091768652,NA,,"Mr.Haidar Ali (RIT)","UTTAR PRADESH",8090554271,"haidar,ali@utkarsh.bank",PO-22-12-012240,"HP (Printer - LaserJet)","HP-M226DW- MFP",CNBRPBFGZC,,,"ICON 88A",,3,0,0,0,"0000-00-00 00:00:00","0000-00-00 00:00:00","0000-00-00 00:00:00"
1142,"Narela ","Narela ","2369, Bawana, Raod, Narela, Delhi-110040","NORTH WEST",DELHI,110040,"Sanjit Kumar",,8409216989,NA,,"Mr Ramesh (RIT)",DELHI,7060504211,ramesh.kumar@utkarsh.bank,PO-22-08-010104,"Samsung (Printer - LaserJet)",MFD-SL-M2876ND,"CNB1L9V5JS & ZD5HB8KK9C03SRW",,,"ICON 116L (Toner)","ICON 116L (Drum Unit)",3,0,0,0,"0000-00-00 00:00:00","0000-00-00 00:00:00","0000-00-00 00:00:00"
1142,"Narela ","Narela ","2369, Bawana, Raod, Narela, Delhi-110040","NORTH WEST",DELHI,110040,"Sanjit Kumar",,8409216989,NA,,"Mr Ramesh (RIT)",DELHI,7060504211,ramesh.kumar@utkarsh.bank,PO-22-08-010104,"Samsung (Printer - LaserJet)",MFD-SL-M2876ND,CNB2M41H96,,,"ICON 116L (Toner)","ICON 116L (Drum Unit)",3,0,0,0,"0000-00-00 00:00:00","0000-00-00 00:00:00","0000-00-00 00:00:00"
1143,Saoner,Ramtek,"Ward no. 4, Near telephone exchange office, Saoner, District - Nagpur, Maharashtra, 441107",NAGPUR,MAHARASHTRA,441107,"Rahul Pradip Panhekar",,8999524048,bm.saoner@utkarsh.bank,,"Mr. Rahul Chauhan (RIT) & Mr. Kamal (RIT)",MAHARASHTRA,7021828776/7525048585,rahul.chauhan1@utkarsh.bank,PO-22-08-010102,"Samsung (Printer - LaserJet)",MFD-SL-M2876ND,CNB1L9V5NN,,,"ICON 116L (Toner)","ICON 116L (Drum Unit)",3,0.4,0,0,"0000-00-00 00:00:00","0000-00-00 00:00:00","0000-00-00 00:00:00"
1144,Nandanvan,Nagpur,"Plot NO-39, Khata No- 359/3, Harpur CTS No- 541, Ward No. 21, Kharbi Chowk, Hasan bagh Road, Nandanvan, Nagpur, Maharashtra, India Pin code-440009",Nagpur,Maharashtra,440009,"Pravin Sudamrao Pangul",,7507884344,bm.nandanvan@utkarsh.bank,,"Mr. Rahul Chauhan (RIT) & Mr. Kamal (RIT)",MAHARASHTRA,7021828776/7525048585,rahul.chauhan1@utkarsh.bank,PO-22-08-010102,"Samsung (Printer - LaserJet)",MFD-SL-M2876ND,CNB1L9M5KZ,,,"ICON 116L (Toner)","ICON 116L (Drum Unit)",3,0.4,0,0,"0000-00-00 00:00:00","0000-00-00 00:00:00","0000-00-00 00:00:00"
1145,"Maharajganj (Up)",Padrauna,"Mau Pakar Chauraha,Michalaul Road,Near Durga Mandir,Maharajganj,District ? Maharajganj,Uttar Pradesh,Pin code - 273303",MAHARAJGANJ,"UTTAR PRADESH",273303,"Sunil Kant",,7755006531,bm.maharajganjup@utkarsh.bank,,"Mr.Haidar Ali (RIT)","UTTAR PRADESH",8090554271,"haidar,ali@utkarsh.bank",PO-23-04-016383,"Samsung (Printer - LaserJet)",MFD-SL-M2876ND,CNB1L9L544,,,"ICON 116L (Toner)","ICON 116L (Drum Unit)",3,0.4,0,0,"0000-00-00 00:00:00","0000-00-00 00:00:00","0000-00-00 00:00:00"
1146,"Ora (Erstwhile Aurangabad)","AurangabadBihar Division",",Ground Floor,Gramin Bank  Building,Vill-Ora,PO-Kanbehri, PS-Mussafil, Distt.-Aurangabad,PIN-824102 (BR)",AURANGABAD,BIHAR,824102,"Deepak Kumar",,7988176605/9262359260,NA,,"Mr.Ajeet Kumar(RIT)",BIHAR,9608953407,ajeet.kumar@utkarsh.bank,PO-22-08-010097,"Samsung (Printer - LaserJet)",MFD-SL-M2876ND,CNB1L9W6FB,,,"ICON 116L (Toner)","ICON 116L (Drum Unit)",3,0,0,0,"0000-00-00 00:00:00","0000-00-00 00:00:00","0000-00-00 00:00:00"
1146,"Ora (Erstwhile Aurangabad)","AurangabadBihar Division",",Ground Floor,Gramin Bank  Building,Vill-Ora,PO-Kanbehri, PS-Mussafil, Distt.-Aurangabad,PIN-824102 (BR)",AURANGABAD,BIHAR,824102,"Deepak Kumar",,7988176605/9262359260,NA,,"Mr.Ajeet Kumar(RIT)",BIHAR,9608953407,ajeet.kumar@utkarsh.bank,PO-22-11-011324,"Brother (Printer - LaserJet)","Brother- L2541DW",E73802A2N240922,"ICON TN-2365","ICON DR 2365",,,3,0,0,0,"0000-00-00 00:00:00","0000-00-00 00:00:00","0000-00-00 00:00:00"
1146,"Ora (Erstwhile Aurangabad)","AurangabadBihar Division",",Ground Floor,Gramin Bank  Building,Vill-Ora,PO-Kanbehri, PS-Mussafil, Distt.-Aurangabad,PIN-824102 (BR)",AURANGABAD,BIHAR,824102,"Deepak Kumar",,7988176605/9262359260,NA,,"Mr.Ajeet Kumar(RIT)",BIHAR,9608953407,ajeet.kumar@utkarsh.bank,PO-22-01-013018,"Brother (Printer - LaserJet)","Brother- L2541DW",E73802J1N978263,"ICON TN-2365","ICON DR 2365",,,3,0,0,0,"0000-00-00 00:00:00","0000-00-00 00:00:00","0000-00-00 00:00:00"
1146,"Ora (Erstwhile Aurangabad)","AurangabadBihar Division",",Ground Floor,Gramin Bank  Building,Vill-Ora,PO-Kanbehri, PS-Mussafil, Distt.-Aurangabad,PIN-824102 (BR)",AURANGABAD,BIHAR,824102,"Deepak Kumar",,7988176605/9262359260,NA,,"Mr.Ajeet Kumar(RIT)",BIHAR,9608953407,ajeet.kumar@utkarsh.bank,PO-22-11-011324,"EPSON (Printer - Inktank)","EPSON M3170 EPIL",X5TW011035,,,INK-005,"Maintaince Box",3,0,0,0,"0000-00-00 00:00:00","0000-00-00 00:00:00","0000-00-00 00:00:00"
1147,Mankapur,Nagpur,"Opposite-Alexis Hospital,Laxmi Plaza,Mankapur Square,Saoner Road,Mankapur,District ? Nagpur,Maharashtra,Pin code ? 440030",NAGPUR,MAHARASHTRA,440030,"Mr.Anmol Prabhudas Bodele",,7588880506,ops.mankapur@utkarsh.bank,,"Mr. Rahul Chauhan (RIT) & Mr. Kamal (RIT)",MAHARASHTRA,7021828776/7525048585,rahul.chauhan1@utkarsh.bank,PO-23-05-017647,"EPSON (Printer - Inktank)","EPSON M3170 EPIL",X5TW011317,,,INK-005,"Maintaince Box",3,0.4,0,0,"0000-00-00 00:00:00","0000-00-00 00:00:00","0000-00-00 00:00:00"
1147,Mankapur,Nagpur,"Opposite-Alexis Hospital,Laxmi Plaza,Mankapur Square,Saoner Road,Mankapur,District ? Nagpur,Maharashtra,Pin code ? 440030",NAGPUR,MAHARASHTRA,440030,"Mr.Anmol Prabhudas Bodele",,7588880506,ops.mankapur@utkarsh.bank,,"Mr. Rahul Chauhan (RIT) & Mr. Kamal (RIT)",MAHARASHTRA,7021828776/7525048585,rahul.chauhan1@utkarsh.bank,PO-22-08-010102,"Samsung (Printer - LaserJet)",MFD-SL-M2876ND,ZD5HB8KJ8F022T,,,"ICON 116L (Toner)","ICON 116L (Drum Unit)",3,0.4,0,0,"0000-00-00 00:00:00","0000-00-00 00:00:00","0000-00-00 00:00:00"
1148,Kutumba,Kutumba,"In side of Thana Mode,Refral Hospital,Near Panchayat Bhawan,Kutumba, Aurangabad,Bihar Pin code-824124",AURANGABAD,BIHAR,824124,"Endrajeet Patel",,7752802042,NA,,"Mr.Priyatam Kumar Singh(RIT)",BIHAR,9504342712,priyatam.singh@utkarsh.bank,PO-22-08-010097,"Samsung (Printer - LaserJet)",MFD-SL-M2876ND,CNB1L1DR0Y,,,"ICON 116L (Toner)","ICON 116L (Drum Unit)",3,0,0,0,"0000-00-00 00:00:00","0000-00-00 00:00:00","0000-00-00 00:00:00"
1149,"Banu Chappar","Banu Chappar","Chhavani Chowk,Chanpatiya Road,Bettiah,District - West Champaran,Bihar,Pin code ? 845455","PASHCHIM CHAMPARAN",BIHAR,845455,"Rohit Kumar",,6361714587,bm.banuchappar@utkarsh.bank,,"Mr.Ajeet Kumar(RIT)",BIHAR,9608953407,ajeet.kumar@utkarsh.bank,PO-22-08-010097,"Samsung (Printer - LaserJet)",MFD-SL-M2876ND,CNB2L7DJ73,,,"ICON 116L (Toner)","ICON 116L (Drum Unit)",3,0.4,0,0,"0000-00-00 00:00:00","0000-00-00 00:00:00","0000-00-00 00:00:00"
1149,"Banu Chappar","Banu Chappar","Chhavani Chowk,Chanpatiya Road,Bettiah,District - West Champaran,Bihar,Pin code ? 845455","PASHCHIM CHAMPARAN",BIHAR,845455,"Rohit Kumar",,6361714587,bm.banuchappar@utkarsh.bank,,"Mr.Ajeet Kumar(RIT)",BIHAR,9608953407,ajeet.kumar@utkarsh.bank,PO-22-02-014378,"Brother (Printer - LaserJet)","Brother- L2541DW",E73802A2N240949,"ICON TN-2365","ICON DR 2365",,,3,0.4,0,0,"0000-00-00 00:00:00","0000-00-00 00:00:00","0000-00-00 00:00:00"
1149,"Banu Chappar","Banu Chappar","Chhavani Chowk,Chanpatiya Road,Bettiah,District - West Champaran,Bihar,Pin code ? 845455","PASHCHIM CHAMPARAN",BIHAR,845455,"Rohit Kumar",,6361714587,bm.banuchappar@utkarsh.bank,,"Mr.Ajeet Kumar(RIT)",BIHAR,9608953407,ajeet.kumar@utkarsh.bank,PO-22-11-011300,"Brother (Printer - LaserJet)","Brother- L2541DW",E73802K1N128292,"ICON TN-2365","ICON DR 2365",,,3,0.4,0,0,"0000-00-00 00:00:00","0000-00-00 00:00:00","0000-00-00 00:00:00"
1150,"Jakiyari ","Jakiyari ","Bhelghi road,Ghada Sohan Kainal,Jaqiyari,East Champaran,District ? Champaran,Bihar,Pin code ? 845305","PURBI CHAMPARAN",BIHAR,845305,"Nitish Kumar",,7903985391,abm.jakiyari@utkarsh.bank,,"Mr.Ajeet Kumar(RIT)",BIHAR,9608953407,ajeet.kumar@utkarsh.bank,PO-22-08-010097,"Samsung (Printer - LaserJet)",MFD-SL-M2876ND,"CNB1L1DR18- ZD5HB8KK1C003PH",,,"ICON 116L (Toner)","ICON 116L (Drum Unit)",3,0.4,0,0,"0000-00-00 00:00:00","0000-00-00 00:00:00","0000-00-00 00:00:00"
1150,"Jakiyari ","Jakiyari ","Bhelghi road,Ghada Sohan Kainal,Jaqiyari,East Champaran,District ? Champaran,Bihar,Pin code ? 845305","PURBI CHAMPARAN",BIHAR,845305,"Nitish Kumar",,7903985391,abm.jakiyari@utkarsh.bank,,"Mr.Ajeet Kumar(RIT)",BIHAR,9608953407,ajeet.kumar@utkarsh.bank,PO-22-11-011300,"Brother (Printer - LaserJet)","Brother- L2541DW",E73802K1N128882,"ICON TN-2365","ICON DR 2365",,,3,0.4,0,0,"0000-00-00 00:00:00","0000-00-00 00:00:00","0000-00-00 00:00:00"
1151,Kaptanganj,Kaptanganj,"Arazi Khata No.00318 VillageBasahiya or Kaptanganj DistrictKushinagarState Uttar Pradeshpin code 279301, KUSHI NAGAR, Kaptanganj-1151, 279301",Kaptanganj,"Uttar Pradesh",279301,"Arjun ",,7080999837,NA,,"Mr. Anil Kumar (RIT)","UTTAR PRADESH",7753811316,anil.yadav@utkarsh.bank,PO-23-04-016383,"Samsung (Printer - LaserJet)",MFD-SL-M2876ND,CNB3KDK7PN,,,"ICON 116L (Toner)","ICON 116L (Drum Unit)",3,0,0,0,"0000-00-00 00:00:00","0000-00-00 00:00:00","0000-00-00 00:00:00"
1151,Kaptanganj,Kaptanganj,"Arazi Khata No.00318 VillageBasahiya or Kaptanganj DistrictKushinagarState Uttar Pradeshpin code 279301, KUSHI NAGAR, Kaptanganj-1151, 279301",Kaptanganj,"Uttar Pradesh",279301,"Arjun ",,7080999837,NA,,"Mr. Anil Kumar (RIT)","UTTAR PRADESH",7753811316,anil.yadav@utkarsh.bank,PO-22-10-010844,"Kyocera (Printer - LaserJet)","Kyocera FS 2040 DN",VYB1668817,"ICON TK-1178",DK-1150,,,1,0.4,0,2500,"0000-00-00 00:00:00","0000-00-00 00:00:00","0000-00-00 00:00:00"
1152,Chanpatiya,Chanpatiya,"Block Chauk,Tikuliya, Betia Road,Chanpatiya,District - Pashchimi Champaran,Bihar,Pin code - 845449","PASHCHIM CHAMPARAN",BIHAR,845449,"Amresh Kumar",,7091193513,bom.chanpatiya@utkarsh.bank,,"Mr.Ajeet Kumar(RIT)",BIHAR,9608953407,ajeet.kumar@utkarsh.bank,PO-22-11-011300,"Brother (Printer - LaserJet)","Brother- L2541DW",E73802A2N242999,"ICON TN-2365","ICON DR 2365",,,3,0.4,0,0,"0000-00-00 00:00:00","0000-00-00 00:00:00","0000-00-00 00:00:00"
1152,Chanpatiya,Chanpatiya,"Block Chauk,Tikuliya, Betia Road,Chanpatiya,District - Pashchimi Champaran,Bihar,Pin code - 845449","PASHCHIM CHAMPARAN",BIHAR,845449,"Amresh Kumar",,7091193513,bom.chanpatiya@utkarsh.bank,,"Mr.Ajeet Kumar(RIT)",BIHAR,9608953407,ajeet.kumar@utkarsh.bank,PO-22-08-010097,"Samsung (Printer - LaserJet)",MFD-SL-M2876ND,ZD5HB8KJ8F02BBD,,,"ICON 116L (Toner)","ICON 116L (Drum Unit)",3,0.4,0,0,"0000-00-00 00:00:00","0000-00-00 00:00:00","0000-00-00 00:00:00"
1153,Padrauna,Padrauna,"Kasya Road,Near Tahsheel,Kiduse Nagar In Front Of Chauari,Padrauna,District - Kushinagar,Uttar Pradesh,Pin code ? 274304","KUSHI NAGAR","UTTAR PRADESH",274304,"Navanit Yadav",,9792941869,bm.Padrauna@utkarsh.bank,,"Mr.Haidar Ali (RIT)","UTTAR PRADESH",8090554271,"haidar,ali@utkarsh.bank",PO-23-04-016383,"Samsung (Printer - LaserJet)",MFD-SL-M2876ND,CNB2KC8FF7,,,"ICON 116L (Toner)","ICON 116L (Drum Unit)",3,0.4,0,0,"0000-00-00 00:00:00","0000-00-00 00:00:00","0000-00-00 00:00:00"
1153,Padrauna,Padrauna,"Kasya Road,Near Tahsheel,Kiduse Nagar In Front Of Chauari,Padrauna,District - Kushinagar,Uttar Pradesh,Pin code ? 274304","KUSHI NAGAR","UTTAR PRADESH",274304,"Navanit Yadav",,9792941869,bm.Padrauna@utkarsh.bank,,"Mr.Haidar Ali (RIT)","UTTAR PRADESH",8090554271,"haidar,ali@utkarsh.bank",PO-23-07-019634,"EPSON (Printer - Inktank)","EPSON M3170 EPIL",X5TW016049,,,INK-005,"Maintaince Box",3,0.4,0,0,"0000-00-00 00:00:00","0000-00-00 00:00:00","0000-00-00 00:00:00"
1153,Padrauna,Padrauna,"Kasya Road,Near Tahsheel,Kiduse Nagar In Front Of Chauari,Padrauna,District - Kushinagar,Uttar Pradesh,Pin code ? 274304","KUSHI NAGAR","UTTAR PRADESH",274304,"Navanit Yadav",,9792941869,bm.Padrauna@utkarsh.bank,,"Mr.Haidar Ali (RIT)","UTTAR PRADESH",8090554271,"haidar,ali@utkarsh.bank",PO-23-07-019634,"EPSON (Printer - Inktank)","EPSON M3170 EPIL",X5TW019079,,,INK-005,"Maintaince Box",3,0,0,0,"0000-00-00 00:00:00","0000-00-00 00:00:00","0000-00-00 00:00:00"
1154,Barhalganj,Azamgarh,"Front of Mahesh Hotel,Deoria Road,Barhalganj,DistRICT ? Gorakhpur,Uttar Pradesh,Pin code ? 273402",GORAKHPUR,"UTTAR PRADESH",273402,Ramdhani,,8299185328,abm.barhalganj@utkarsh.bank,,"Mr.Haidar Ali (RIT)","UTTAR PRADESH",8090554271,"haidar,ali@utkarsh.bank",PO-23-04-016383,"Samsung (Printer - LaserJet)",MFD-SL-M2876ND,ZD5HB8KJ8F02CD,,,"ICON 116L (Toner)","ICON 116L (Drum Unit)",3,0.4,0,0,"0000-00-00 00:00:00","0000-00-00 00:00:00","0000-00-00 00:00:00"
1155,"RO Jabalpur Garha",Jabalpur,"H.No.398 Garha Road,oposit,post office,indra gandhi word,Garha,District - Jabalpur,Madhya Pradesh,Pin Code - 482003",JABALPUR,"MADHYA PRADESH",482003,"Vijay kumar Raj",,8109643136,bm.garha@utkarsh.bank,,"Mr. Neelish Soni (RIT)","MADHYA PRADESH",8090654540,neelesh.soni@utkarsh.bank,PO-22-08-009011,"Kyocera (Printer - LaserJet)","Kyocera FS 2040 DN",VYB1667723,"ICON TK-1178",DK-1150,,,1,0.4,0,2500,"0000-00-00 00:00:00","0000-00-00 00:00:00","0000-00-00 00:00:00"
1155,"RO Jabalpur Garha",Jabalpur,"H.No.398 Garha Road,oposit,post office,indra gandhi word,Garha,District - Jabalpur,Madhya Pradesh,Pin Code - 482003",JABALPUR,"MADHYA PRADESH",482003,"Vijay kumar Raj",,8109643136,bm.garha@utkarsh.bank,,"Mr. Neelish Soni (RIT)","MADHYA PRADESH",8090654540,neelesh.soni@utkarsh.bank,PO-24-09-010101,"Samsung (Printer - LaserJet)",MFD-SL-M2876ND,ZD5HB8KJ8C007RA,,,"ICON 116L (Toner)","ICON 116L (Drum Unit)",3,0,0,0,"0000-00-00 00:00:00","0000-00-00 00:00:00","0000-00-00 00:00:00"
1156,Ramtek,Ramtek,"Near T point,Suvidha Complex,Nagpur Road,Ramtek,District - Nagpur,Maharashtra,Pin code ? 441106",NAGPUR,MAHARASHTRA,441106,"Mr. Sudhakar Khodankar",,8308496859,bm.ramtek@utkarsh.bank,,"Mr. Rahul Chauhan (RIT) & Mr. Kamal (RIT)",MAHARASHTRA,7021828776/7525048585,rahul.chauhan1@utkarsh.bank,PO-22-08-010102,"Samsung (Printer - LaserJet)",MFD-SL-M2876ND,CNB1L9M5L9,,,"ICON 116L (Toner)","ICON 116L (Drum Unit)",3,0.4,0,0,"0000-00-00 00:00:00","0000-00-00 00:00:00","0000-00-00 00:00:00"
1156,Ramtek,Ramtek,"Near T point,Suvidha Complex,Nagpur Road,Ramtek,District - Nagpur,Maharashtra,Pin code ? 441106",NAGPUR,MAHARASHTRA,441106,"Mr. Sudhakar Khodankar",,8308496859,bm.ramtek@utkarsh.bank,,"Mr. Rahul Chauhan (RIT) & Mr. Kamal (RIT)",MAHARASHTRA,7021828776/7525048585,rahul.chauhan1@utkarsh.bank,PO-23-01-026418,"Kyocera (Printer - LaserJet)","Kyocera FS 2040 DN",VYB2Y22944,"ICON TK-1178",DK-1150,,,3,0,0,0,"0000-00-00 00:00:00","0000-00-00 00:00:00","0000-00-00 00:00:00"
1157,Khalilabad,"Sant Kabir nagar","Bhitwa Tsla,Sabji Mandi,Khalilabad,District ? Gorkhpur,Uttar Pradesh,Pin Code ? 272175","SANT KABEER NAGAR","UTTAR PRADESH",272175,"Munna Yadav",,8840063797,bm.khalilabad@utkarsh.bank,,"Mr.Haidar Ali (RIT)","UTTAR PRADESH",8090554271,"haidar,ali@utkarsh.bank",PO-23-04-016383,"Samsung (Printer - LaserJet)",MFD-SL-M2876ND,CNB3KDK724,,,"ICON 116L (Toner)","ICON 116L (Drum Unit)",3,0.4,0,0,"0000-00-00 00:00:00","0000-00-00 00:00:00","0000-00-00 00:00:00"
1157,Khalilabad,"Sant Kabir nagar","Bhitwa Tsla,Sabji Mandi,Khalilabad,District ? Gorkhpur,Uttar Pradesh,Pin Code ? 272175","SANT KABEER NAGAR","UTTAR PRADESH",272175,"Munna Yadav",,8840063797,bm.khalilabad@utkarsh.bank,,"Mr.Haidar Ali (RIT)","UTTAR PRADESH",8090554271,"haidar,ali@utkarsh.bank",PO-23-11-023335,"EPSON (Printer - Inktank)","EPSON M3170 EPIL",X5TW012518,,,INK-005,"Maintaince Box",3,0.4,0,0,"0000-00-00 00:00:00","0000-00-00 00:00:00","0000-00-00 00:00:00"
1158,Sherghati,"AurangabadBihar Division",",Ground floor,SDO Aavas,Satsang Nagar,Gola Bajar,, Sherghati , Dist- Gaya, Bihar, Pin code- 824211",GAYA,BIHAR,824211,"Deepak Kumar Pal",,8651521887,NA,,"Mr.Ajeet Kumar(RIT)",BIHAR,9608953407,ajeet.kumar@utkarsh.bank,PO-22-08-010097,"Samsung (Printer - LaserJet)",MFD-SL-M2876ND,CNB3KDK4G8,,,"ICON 116L (Toner)","ICON 116L (Drum Unit)",3,0,0,0,"0000-00-00 00:00:00","0000-00-00 00:00:00","0000-00-00 00:00:00"
1158,Sherghati,"AurangabadBihar Division",",Ground floor,SDO Aavas,Satsang Nagar,Gola Bajar,, Sherghati , Dist- Gaya, Bihar, Pin code- 824211",GAYA,BIHAR,824211,"Deepak Kumar Pal",,8651521887,NA,,"Mr.Ajeet Kumar(RIT)",BIHAR,9608953407,ajeet.kumar@utkarsh.bank,PO-22-11-011300,"Brother (Printer - LaserJet)","Brother- L2541DW",E73802K1N128306,"ICON TN-2365","ICON DR 2365",,,3,0,0,0,"0000-00-00 00:00:00","0000-00-00 00:00:00","0000-00-00 00:00:00"
1159,"Repura (Erstwhile Daudnagar)","Repura (Erstwhile Daudnagar)"," Ground floor,Gaya Road,Near Manar Panchayat Bhawan,Repura,District ? Aurangabad,Pin Code ? 824113",AURANGABAD,BIHAR,824113,"Vikash Kumar Singh",,9798609671,NA,,"Mr.Ajeet Kumar(RIT)",BIHAR,9608953407,ajeet.kumar@utkarsh.bank,PO-22-08-010097,"Samsung (Printer - LaserJet)",MFD-SL-M2876ND,CNB1L9W6FC,,,"ICON 116L (Toner)","ICON 116L (Drum Unit)",3,0,0,0,"0000-00-00 00:00:00","0000-00-00 00:00:00","0000-00-00 00:00:00"
1159,"Repura (Erstwhile Daudnagar)","Repura (Erstwhile Daudnagar)"," Ground floor,Gaya Road,Near Manar Panchayat Bhawan,Repura,District ? Aurangabad,Pin Code ? 824113",AURANGABAD,BIHAR,824113,"Vikash Kumar Singh",,9798609671,NA,,"Mr.Ajeet Kumar(RIT)",BIHAR,9608953407,ajeet.kumar@utkarsh.bank,PO-22-12-012413,"HP (Printer - LaserJet)","HP-M226DW- MFP",CNBRPBFFVD,,,"ICON 88A",,3,0,0,0,"0000-00-00 00:00:00","0000-00-00 00:00:00","0000-00-00 00:00:00"
1160,Narkatiaganj,Narkatiaganj,"Ground Floor,Near Yamaha Agency,Pakdi Dhala, P.O Narkatiyaganj, Bihar , Pin Code ? 845455","PASHCHIM CHAMPARAN",BIHAR,845455,"Bipin Kumar",,6200772636,bm.narkatiyaganj@utkarsh.bank,,"Mr.Ajeet Kumar(RIT)",BIHAR,9608953407,ajeet.kumar@utkarsh.bank,PO-22-08-010097,"Samsung (Printer - LaserJet)",MFD-SL-M2876ND,CNB1L9W6F7,,,"ICON 116L (Toner)","ICON 116L (Drum Unit)",3,0.4,0,0,"0000-00-00 00:00:00","0000-00-00 00:00:00","0000-00-00 00:00:00"
1160,Narkatiaganj,Narkatiaganj,"Ground Floor,Near Yamaha Agency,Pakdi Dhala, P.O Narkatiyaganj, Bihar , Pin Code ? 845455","PASHCHIM CHAMPARAN",BIHAR,845455,"Bipin Kumar",,6200772636,bm.narkatiyaganj@utkarsh.bank,,"Mr.Ajeet Kumar(RIT)",BIHAR,9608953407,ajeet.kumar@utkarsh.bank,PO-22-11-011300,"Brother (Printer - LaserJet)","Brother- L2541DW",E73802K1N128782,"ICON TN-2365","ICON DR 2365",,,3,0.4,0,0,"0000-00-00 00:00:00","0000-00-00 00:00:00","0000-00-00 00:00:00"
1161,Goh,Goh," Ground Floor Rafiganj Road,Near Bridge,Goh,District,Aurangabad,Bihar,Pin code ? 824203",AURANGABAD,BIHAR,824203,"Sujit Kumar",,7033351440,NA,,"Mr.Priyatam Kumar Singh(RIT)",BIHAR,9504342712,priyatam.singh@utkarsh.bank,PO-22-08-010097,"Samsung (Printer - LaserJet)",MFD-SL-M2876ND,ZD5HB8KJ8F029X,,,"ICON 116L (Toner)","ICON 116L (Drum Unit)",3,0,0,0,"0000-00-00 00:00:00","0000-00-00 00:00:00","0000-00-00 00:00:00"
1162,Sugauli,Sugauli,"Union bank of india Building,taxi stand,NH 28,Chawk,Sugauli,District ? East Champaran,Bihar,Pin code ? 845456","PURBI CHAMPARAN",BIHAR,845456,"Shambhu Kumar Yadav",,7079043369,bm.sugauli@utkarsh.bank,,"Mr.Ajeet Kumar(RIT)",BIHAR,9608953407,ajeet.kumar@utkarsh.bank,PO-22-08-010097,"Samsung (Printer - LaserJet)",MFD-SL-M2876ND,"CNB1L1DR16- ZD5HB8KK1C003ME",,,"ICON 116L (Toner)","ICON 116L (Drum Unit)",3,0.4,0,0,"0000-00-00 00:00:00","0000-00-00 00:00:00","0000-00-00 00:00:00"
1162,Sugauli,Sugauli,"Union bank of india Building,taxi stand,NH 28,Chawk,Sugauli,District ? East Champaran,Bihar,Pin code ? 845456","PURBI CHAMPARAN",BIHAR,845456,"Shambhu Kumar Yadav",,7079043369,bm.sugauli@utkarsh.bank,,"Mr.Ajeet Kumar(RIT)",BIHAR,9608953407,ajeet.kumar@utkarsh.bank,PO-22-11-011300,"Brother (Printer - LaserJet)","Brother- L2541DW",E73802K1N128246,"ICON TN-2365","ICON DR 2365",,,3,0.4,0,0,"0000-00-00 00:00:00","0000-00-00 00:00:00","0000-00-00 00:00:00"
1162,Sugauli,Sugauli,"Union bank of india Building,taxi stand,NH 28,Chawk,Sugauli,District ? East Champaran,Bihar,Pin code ? 845456","PURBI CHAMPARAN",BIHAR,845456,"Shambhu Kumar Yadav",,7079043369,bm.sugauli@utkarsh.bank,,"Mr.Ajeet Kumar(RIT)",BIHAR,9608953407,ajeet.kumar@utkarsh.bank,PO-23-07-019349,"EPSON (Printer - Inktank)","EPSON M3170 EPIL",X5TW018417,,,INK-005,"Maintaince Box",3,0.4,0,0,"0000-00-00 00:00:00","0000-00-00 00:00:00","0000-00-00 00:00:00"
1163,Narkhed,Nagpur,"Near Nagar Parishad School no. 1, Narkhed, Maharashtra, India-441304",NAGPUR,MAHARASHTRA,441304,"Nitesh Madhukar Ingole",,7447415753/8888969291,NA,,"Mr. Rahul Chauhan (RIT) & Mr. Kamal (RIT)",MAHARASHTRA,7021828776/7525048585,rahul.chauhan1@utkarsh.bank,PO-22-08-010102,"Samsung (Printer - LaserJet)",MFD-SL-M2876ND,CNB1L9M5L1,,,"ICON 116L (Toner)","ICON 116L (Drum Unit)",3,0.4,0,0,"0000-00-00 00:00:00","0000-00-00 00:00:00","0000-00-00 00:00:00"
1164,Motipur,"Muzaffarpur Division"," Front of Indane Gas Agency,Varuraj Road,Motipur,District - Muzaffarpur,Bihar,Pin code ? 843111",MUZAFFARPUR,BIHAR,843111,"Vicky Shrivastava",,7480958083,NA,,"Mr.Ajeet Kumar(RIT)",BIHAR,9608953407,ajeet.kumar@utkarsh.bank,PO-22-08-010097,"Samsung (Printer - LaserJet)",MFD-SL-M2876ND,CNB2L7DJ7F,,,"ICON 116L (Toner)","ICON 116L (Drum Unit)",3,0,0,0,"0000-00-00 00:00:00","0000-00-00 00:00:00","0000-00-00 00:00:00"
1164,Motipur,"Muzaffarpur Division"," Front of Indane Gas Agency,Varuraj Road,Motipur,District - Muzaffarpur,Bihar,Pin code ? 843111",MUZAFFARPUR,BIHAR,843111,"Vicky Shrivastava",,7480958083,NA,,"Mr.Ajeet Kumar(RIT)",BIHAR,9608953407,ajeet.kumar@utkarsh.bank,PO-22-12-012235,"HP (Printer - LaserJet)","HP-M226DW- MFP",CNBRPBFFVK,,,"ICON 88A",,3,0,0,0,"0000-00-00 00:00:00","0000-00-00 00:00:00","0000-00-00 00:00:00"
1164,Motipur,"Muzaffarpur Division"," Front of Indane Gas Agency,Varuraj Road,Motipur,District - Muzaffarpur,Bihar,Pin code ? 843111",MUZAFFARPUR,BIHAR,843111,"Vicky Shrivastava",,7480958083,NA,,"Mr.Ajeet Kumar(RIT)",BIHAR,9608953407,ajeet.kumar@utkarsh.bank,PO-22-11-011300,"Brother (Printer - LaserJet)","Brother- L2541DW",E73802K1N128289,"ICON TN-2365","ICON DR 2365",,,3,0,0,0,"0000-00-00 00:00:00","0000-00-00 00:00:00","0000-00-00 00:00:00"
1164,Motipur,"Muzaffarpur Division"," Front of Indane Gas Agency,Varuraj Road,Motipur,District - Muzaffarpur,Bihar,Pin code ? 843111",MUZAFFARPUR,BIHAR,843111,"Vicky Shrivastava",,7480958083,NA,,"Mr.Ajeet Kumar(RIT)",BIHAR,9608953407,ajeet.kumar@utkarsh.bank,PO-23-07-019349,"EPSON (Printer - Inktank)","EPSON M3170 EPIL",X5TW019639,,,INK-005,"Maintaince Box",3,0,0,0,"0000-00-00 00:00:00","0000-00-00 00:00:00","0000-00-00 00:00:00"
1165,"Mauganj ","Mauganj ","Ground floor,Hospital Road,Babu ganj,Saara India Building,Rafiganj, Distt.-Aurangabad, Bihar,PIN-824125",AURANGABAD,BIHAR,824125,"Dhananjay Kumar/Amit",,8969722580,NA,,"Mr.kuldip Kumar (RIT)",BIHAR,9511133885,kuldip.kumar@utkarsh.bank,PO-22-08-010097,"Samsung (Printer - LaserJet)",MFD-SL-M2876ND,CNB1L9W6FD,,,"ICON 116L (Toner)","ICON 116L (Drum Unit)",3,0,0,0,"0000-00-00 00:00:00","0000-00-00 00:00:00","0000-00-00 00:00:00"
1166,Panagar,Katni,"Near Shiv Shanti Gass Agancy,Binowa Bhabe ward,Arihat colony,Panagar,District ? Jabalpur,Madhay Pradesh,Pin code - 483220",JABALPUR,"MADHYA PRADESH",483220,"Awdhesh Kumar Joshi",,9752219344,bm.panagar@utkarsh.bank,,"Mr. Neelish Soni (RIT)","MADHYA PRADESH",8090654540,neelesh.soni@utkarsh.bank,PO-22-11-011329,"Brother (Printer - LaserJet)","Brother- L2541DW",E73802A2N240940,"ICON TN-2365","ICON DR 2365",,,3,0.4,0,0,"0000-00-00 00:00:00","0000-00-00 00:00:00","0000-00-00 00:00:00"
1166,Panagar,Katni,"Near Shiv Shanti Gass Agancy,Binowa Bhabe ward,Arihat colony,Panagar,District ? Jabalpur,Madhay Pradesh,Pin code - 483220",JABALPUR,"MADHYA PRADESH",483220,"Awdhesh Kumar Joshi",,9752219344,bm.panagar@utkarsh.bank,,"Mr. Neelish Soni (RIT)","MADHYA PRADESH",8090654540,neelesh.soni@utkarsh.bank,"Awaiting PO","EPSON (Printer - Inktank)","EPSON M3170 EPIL",X5TW015520,,,INK-005,"Maintaince Box",3,0.4,0,0,"0000-00-00 00:00:00","0000-00-00 00:00:00","0000-00-00 00:00:00"
1166,Panagar,Katni,"Near Shiv Shanti Gass Agancy,Binowa Bhabe ward,Arihat colony,Panagar,District ? Jabalpur,Madhay Pradesh,Pin code - 483220",JABALPUR,"MADHYA PRADESH",483220,"Awdhesh Kumar Joshi",,9752219344,bm.panagar@utkarsh.bank,,"Mr. Neelish Soni (RIT)","MADHYA PRADESH",8090654540,neelesh.soni@utkarsh.bank,PO-24-09-010101,"Samsung (Printer - LaserJet)",MFD-SL-M2876ND,ZD5HB8KJBF01DGP,,,"ICON 116L (Toner)","ICON 116L (Drum Unit)",3,0.4,0,0,"0000-00-00 00:00:00","0000-00-00 00:00:00","0000-00-00 00:00:00"
1167,"Tarwara Mod","Patna Division","134-A, 2ndFloor , Patliputra Colony ,
Opposite Polytechnic College, Patna, Bihar , India, PIN - 800013, PATNA,
Zonal Office-Patna - 7, 800013",PATNA,BIHAR,800013,"Nitish Niraj Tiwary/Pankaj Kumar",,6207381946/8789264436,NA,,"Mr.Shantanu Kanth(RIT)",BIHAR,7635093755,shantanu.kanth@utkarsh.bank,PO-22-08-010097,"Samsung (Printer - LaserJet)",MFD-SL-M2876ND,CNB1L1DR06,,,"ICON 116L (Toner)","ICON 116L (Drum Unit)",3,0,0,0,"0000-00-00 00:00:00","0000-00-00 00:00:00","0000-00-00 00:00:00"
1167,"Tarwara Mod","Patna Division","134-A, 2ndFloor , Patliputra Colony ,
Opposite Polytechnic College, Patna, Bihar , India, PIN - 800013, PATNA,
Zonal Office-Patna - 7, 800013",PATNA,BIHAR,800013,"Nitish Niraj Tiwary/Pankaj Kumar",,6207381946/8789264436,NA,,"Mr.Shantanu Kanth(RIT)",BIHAR,7635093755,shantanu.kanth@utkarsh.bank,PO-23-05-017445,"EPSON (Printer - Inktank)","EPSON M3170 EPIL",X5TW012555,,,INK-005,"Maintaince Box",3,0,0,0,"0000-00-00 00:00:00","0000-00-00 00:00:00","0000-00-00 00:00:00"
1167,"Tarwara Mod","Patna Division","134-A, 2ndFloor , Patliputra Colony ,
Opposite Polytechnic College, Patna, Bihar , India, PIN - 800013, PATNA,
Zonal Office-Patna - 7, 800013",PATNA,BIHAR,800013,"Nitish Niraj Tiwary/Pankaj Kumar",,6207381946/8789264436,NA,,"Mr.Shantanu Kanth(RIT)",BIHAR,7635093755,shantanu.kanth@utkarsh.bank,PO-23-11-023330,"EPSON (Printer - Inktank)","EPSON M3170 EPIL",X5TW012626,,,INK-005,"Maintaince Box",3,0,0,0,"0000-00-00 00:00:00","0000-00-00 00:00:00","0000-00-00 00:00:00"
1168,"Yavatmal GB","Rest of Maharashtra","Ground Floor, Plot no 63, sheet No. 48 (B), Chintamani Bazar, New Main Line,? opposite Indira Gandhi Market, Yavatmal, Maharastra-445001",YAVATMAL,MAHARASHTRA,445001,"Abhijit Subhashrao Tikhile",,9404540664,operationsmanager.yavatmal@utkarsh.bank,,"Mr. Rahul Chauhan (RIT) & Mr. Kamal (RIT)",MAHARASHTRA,7021828776/7525048585,rahul.chauhan1@utkarsh.bank,PO-22-08-010102,"Samsung (Printer - LaserJet)",MFD-SL-M2876ND,CNB1L9S5ZP,,,"ICON 116L (Toner)","ICON 116L (Drum Unit)",3,0.4,0,0,"0000-00-00 00:00:00","0000-00-00 00:00:00","0000-00-00 00:00:00"
1168,"Yavatmal GB","Rest of Maharashtra","Ground Floor, Plot no 63, sheet No. 48 (B), Chintamani Bazar, New Main Line,? opposite Indira Gandhi Market, Yavatmal, Maharastra-445001",YAVATMAL,MAHARASHTRA,445001,"Abhijit Subhashrao Tikhile",,9404540664,operationsmanager.yavatmal@utkarsh.bank,,"Mr. Rahul Chauhan (RIT) & Mr. Kamal (RIT)",MAHARASHTRA,7021828776/7525048585,rahul.chauhan1@utkarsh.bank,PO-22-08-010102,"Samsung (Printer - LaserJet)",MFD-SL-M2876ND,CNB1L9V5NH,,,"ICON 116L (Toner)","ICON 116L (Drum Unit)",3,0.4,0,0,"0000-00-00 00:00:00","0000-00-00 00:00:00","0000-00-00 00:00:00"
1169,Dudahi,"Gorakhpur Division"," Deoria Road,In fron of the Main Gate of AIMS,Girdharganj,District- Gorakhpur,Uttar Pradesh,Pin code ? 273001",GORAKHPUR,"UTTAR PRADESH",273001,"Gunjesh Yadav",,8858297127,NA,,"Mr.Haidar Ali (RIT)","UTTAR PRADESH",8090554271,"haidar,ali@utkarsh.bank",PO-23-04-016383,"Samsung (Printer - LaserJet)",MFD-SL-M2876ND,CNB3KDK7PP,,,"ICON 116L (Toner)","ICON 116L (Drum Unit)",3,0,0,0,"0000-00-00 00:00:00","0000-00-00 00:00:00","0000-00-00 00:00:00"
1169,Dudahi,"Gorakhpur Division"," Deoria Road,In fron of the Main Gate of AIMS,Girdharganj,District- Gorakhpur,Uttar Pradesh,Pin code ? 273001",GORAKHPUR,"UTTAR PRADESH",273001,"Gunjesh Yadav",,8858297127,NA,,"Mr.Haidar Ali (RIT)","UTTAR PRADESH",8090554271,"haidar,ali@utkarsh.bank",PO-22-12-012243,"HP (Printer - LaserJet)","HP-M226DW- MFP",CNBRPBFDJ6,,,"ICON 88A",,3,0.4,0,0,"0000-00-00 00:00:00","0000-00-00 00:00:00","0000-00-00 00:00:00"
1170,TEKARI,TEKARI," Belharia More,Baleban,Tekari,District - Gaya,Bihar,Pin code -  824236",GAYA,BIHAR,824236,"Rahul Dev",,9570258442,NA,,"Mr.kuldip Kumar (RIT)",BIHAR,9511133885,kuldip.kumar@utkarsh.bank,PO-23-12-024791,"Kyocera (Printer - LaserJet)","Kyocera FS 2040 DN",VYB2X14660,"ICON TK-1178",DK-1150,,,3,0,0,0,"0000-00-00 00:00:00","0000-00-00 00:00:00","0000-00-00 00:00:00"
1170,TEKARI,TEKARI," Belharia More,Baleban,Tekari,District - Gaya,Bihar,Pin code -  824236",GAYA,BIHAR,824236,"Rahul Dev",,9570258442,NA,,"Mr.kuldip Kumar (RIT)",BIHAR,9511133885,kuldip.kumar@utkarsh.bank,PO-22-08-010097,"Samsung (Printer - LaserJet)",MFD-SL-M2876ND,ZD5HB8KJ8F02BYT,,,"ICON 116L (Toner)","ICON 116L (Drum Unit)",3,0,0,0,"0000-00-00 00:00:00","0000-00-00 00:00:00","0000-00-00 00:00:00"
1171,"Yavatmal Rural",Yavatmal,"C/O. Bharatkumar dayalji khandediya, House No.1, Sambhaji Nagar, Near Bhojane Hospital, Yavatmal, Maharashtra-445001",YAVATMAL,MAHARASHTRA,445001,"Mr. Ramakant Akkewar",,7722024945,bm.yavatmalrural@utkarsh.bank,,"Mr. Rahul Chauhan (RIT) & Mr. Kamal (RIT)",MAHARASHTRA,7021828776/7525048585,rahul.chauhan1@utkarsh.bank,PO-22-08-010102,"Samsung (Printer - LaserJet)",MFD-SL-M2876ND,CNB1L9V5NG,,,"ICON 116L (Toner)","ICON 116L (Drum Unit)",3,0.4,0,0,"0000-00-00 00:00:00","0000-00-00 00:00:00","0000-00-00 00:00:00"
1172,"Urwa Bazar","Gorakhpur Division","Plot No.- 448, Village- Urwa BazarTappa-Kurmaut,Paragana-Dhuriyapar District- GorakhpurState-Uttar Pradesh,Pin code- 273407, GORAKHPUR, Urwa
Bazar-1172, 273407",GORAKHPUR,"UTTAR PRADESH",273407,"Rudal Kumar Nishad",,9519203574,NA,,"Mr.Haidar Ali (RIT)","UTTAR PRADESH",8090554271,"haidar,ali@utkarsh.bank",PO-23-04-016383,"Samsung (Printer - LaserJet)",MFD-SL-M2876ND,CNB3KDK4H2,,,"ICON 116L (Toner)","ICON 116L (Drum Unit)",3,0,0,0,"0000-00-00 00:00:00","0000-00-00 00:00:00","0000-00-00 00:00:00"
1172,"Urwa Bazar","Gorakhpur Division","Plot No.- 448, Village- Urwa BazarTappa-Kurmaut,Paragana-Dhuriyapar District- GorakhpurState-Uttar Pradesh,Pin code- 273407, GORAKHPUR, Urwa
Bazar-1172, 273407",GORAKHPUR,"UTTAR PRADESH",273407,"Rudal Kumar Nishad",,9519203574,NA,,"Mr.Haidar Ali (RIT)","UTTAR PRADESH",8090554271,"haidar,ali@utkarsh.bank",PO-22-03-015079,"Brother (Printer - LaserJet)","Brother- L2541DW",E73802A2N243033,"ICON TN-2365","ICON DR 2365",,,3,0.4,0,0,"0000-00-00 00:00:00","0000-00-00 00:00:00","0000-00-00 00:00:00"
1172,"Urwa Bazar","Gorakhpur Division","Plot No.- 448, Village- Urwa BazarTappa-Kurmaut,Paragana-Dhuriyapar District- GorakhpurState-Uttar Pradesh,Pin code- 273407, GORAKHPUR, Urwa
Bazar-1172, 273407",GORAKHPUR,"UTTAR PRADESH",273407,"Rudal Kumar Nishad",,9519203574,NA,,"Mr.Haidar Ali (RIT)","UTTAR PRADESH",8090554271,"haidar,ali@utkarsh.bank",PO-23-07-019634,"EPSON (Printer - Inktank)","EPSON M3170 EPIL",X5TW018404,,,INK-005,"Maintaince Box",3,0,0,0,"0000-00-00 00:00:00","0000-00-00 00:00:00","0000-00-00 00:00:00"
1173,Koradi,Ramtek,"Kh. No.- 61/C, admeasuring 0.17 H. R., Mauza- Mahadula, P. H. No.- 13, Jeevan Kala Complex, Chindwara Road ,Mahadula, PO-Koradi, District-: Nagpur, Maharashtra,PIN-441111",NAGPUR,MAHARASHTRA,441111,"Vilas Kailas Sadanshio",,7447415727,bm.koradi@utkarsh.bank,,"Mr. Rahul Chauhan (RIT) & Mr. Kamal (RIT)",MAHARASHTRA,7021828776/7525048585,rahul.chauhan1@utkarsh.bank,PO-22-08-010102,"Samsung (Printer - LaserJet)",MFD-SL-M2876ND,CNB1L9V5NM,,,"ICON 116L (Toner)","ICON 116L (Drum Unit)",3,0.4,0,0,"0000-00-00 00:00:00","0000-00-00 00:00:00","0000-00-00 00:00:00"
1174,"Hario (Erstwhile Gaya)","Hario (Erstwhile Gaya)",", Ground Floor,Near Hario Petrol Pump,Gaya-Dobhi Road,NH-82 ,PO-Civil Alrodrum, Distt.-Gaya,PIN-823001,(BR)",GAYA,BIHAR,823001,"Arvind Kumar",,7321931741,NA,,"Mr.Priyatam Kumar Singh(RIT)",BIHAR,9504342712,priyatam.singh@utkarsh.bank,PO-22-08-010097,"Samsung (Printer - LaserJet)",MFD-SL-M2876ND,CNB1L9W6FM,,,"ICON 116L (Toner)","ICON 116L (Drum Unit)",3,0,0,0,"0000-00-00 00:00:00","0000-00-00 00:00:00","0000-00-00 00:00:00"
1174,"Hario (Erstwhile Gaya)","Hario (Erstwhile Gaya)",", Ground Floor,Near Hario Petrol Pump,Gaya-Dobhi Road,NH-82 ,PO-Civil Alrodrum, Distt.-Gaya,PIN-823001,(BR)",GAYA,BIHAR,823001,"Arvind Kumar",,7321931741,NA,,"Mr.Priyatam Kumar Singh(RIT)",BIHAR,9504342712,priyatam.singh@utkarsh.bank,PO-23-02-027345,"Kyocera (Printer - LaserJet)","Kyocera FS 2040 DN",VYB2Y23208,"ICON TK-1178",DK-1150,,,3,0,0,0,"0000-00-00 00:00:00","0000-00-00 00:00:00","0000-00-00 00:00:00"
1175,Susta,Susta,"Near Durga Temple Samastipur Road,Kachhi Pakki Chauk,Susta,District ? Muzaffarpur,Bihar,Pin Code ? 843102",MUZAFFARPUR,BIHAR,843102,"Ajay Kumar",,773951911,Bm.susta@utkarsh.bank,,"Mr.Ajeet Kumar(RIT)",BIHAR,9608953407,ajeet.kumar@utkarsh.bank,PO-22-08-010097,"Samsung (Printer - LaserJet)",MFD-SL-M2876ND,"CNB2L7DJ78 -ZD5HB8KK7F010R",,,"ICON 116L (Toner)","ICON 116L (Drum Unit)",3,0.4,0,0,"0000-00-00 00:00:00","0000-00-00 00:00:00","0000-00-00 00:00:00"
1175,Susta,Susta,"Near Durga Temple Samastipur Road,Kachhi Pakki Chauk,Susta,District ? Muzaffarpur,Bihar,Pin Code ? 843102",MUZAFFARPUR,BIHAR,843102,"Ajay Kumar",,773951911,Bm.susta@utkarsh.bank,,"Mr.Ajeet Kumar(RIT)",BIHAR,9608953407,ajeet.kumar@utkarsh.bank,PO-22-11-011300,"Brother (Printer - LaserJet)","Brother- L2541DW",E73802A2N240883,"ICON TN-2365","ICON DR 2365",,,3,0.4,0,0,"0000-00-00 00:00:00","0000-00-00 00:00:00","0000-00-00 00:00:00"
1175,Susta,Susta,"Near Durga Temple Samastipur Road,Kachhi Pakki Chauk,Susta,District ? Muzaffarpur,Bihar,Pin Code ? 843102",MUZAFFARPUR,BIHAR,843102,"Ajay Kumar",,773951911,Bm.susta@utkarsh.bank,,"Mr.Ajeet Kumar(RIT)",BIHAR,9608953407,ajeet.kumar@utkarsh.bank,PO-22-11-011324,"Brother (Printer - LaserJet)","Brother- L2541DW",E73802A2N241087,"ICON TN-2365","ICON DR 2365",,,3,0.4,0,0,"0000-00-00 00:00:00","0000-00-00 00:00:00","0000-00-00 00:00:00"
1176,"kashipur ","kashipur ",",Ground Floor,Tanda Ujjain , Dhakiya gulabo Road ,Fasiyapur, Kashipur ,Distt. Uddham Singh Nagar, PIN -244713","UDAM SINGH NAGAR",UTTARAKHAND,244713,"Pawan Kumar",,8826271299,NA,,"Mr. Jogindar Kumar (RIT)",UTTARAKHAND,9896984436,Joginder@utkarsh.bank,PO-22-08-010107,"Samsung (Printer - LaserJet)",MFD-SL-M2876ND,CNB1L9V5JN,,,"ICON 116L (Toner)","ICON 116L (Drum Unit)",3,0,0,0,"0000-00-00 00:00:00","0000-00-00 00:00:00","0000-00-00 00:00:00"
1177,"Bhurarani, Rudrapur ","Bhurarani, Rudrapur "," Cross Road Plaza,Near Railway crossing,Bhurarani Road,Bhurarani,District ? Rudrapur,Uttarakhand,Pin code ? 263153","UDAM SINGH NAGAR",UTTARAKHAND,263153,"Ashish Kumar Upadhyay",,7905767207,NA,,"Mr. Jogindar Kumar (RIT)",UTTARAKHAND,9896984436,Joginder@utkarsh.bank,PO-22-08-010107,"Samsung (Printer - LaserJet)",MFD-SL-M2876ND,CNB3KDK71S,,,"ICON 116L (Toner)","ICON 116L (Drum Unit)",3,0,0,0,"0000-00-00 00:00:00","0000-00-00 00:00:00","0000-00-00 00:00:00"
1178,"Siswa Bazar",Padrauna,"Near FCI Godam,Jaiswal Nagar,Kothibhar Thana,Siswa Bazar,District ? Maharajganj,Uttar Pradesh,Pin code ? 273163",MAHARAJGANJ,"UTTAR PRADESH",273163,"Sarvesh Pandey",,7850995806,abm.siswabazar@utkarsh.bank,,"Mr.Haidar Ali (RIT)","UTTAR PRADESH",8090554271,"haidar,ali@utkarsh.bank",PO-23-04-016383,"Samsung (Printer - LaserJet)",MFD-SL-M2876ND,CNB2L7DJ9V,,,"ICON 116L (Toner)","ICON 116L (Drum Unit)",3,0.4,0,0,"0000-00-00 00:00:00","0000-00-00 00:00:00","0000-00-00 00:00:00"
1179,"Palwal ","Palwal "," Asha Tower,Near Ambedkar College,New Sohna Road,Palwal,District ? Palwal,Haryana,Pin code -121102",PALWAL,HARYANA,121102,"Lila Nandan",,8800093946,NA,,"Mr.Haidar Ali (RIT)","UTTAR PRADESH",8090554271,"haidar,ali@utkarsh.bank",PO-22-9-010098,"Samsung (Printer - LaserJet)",MFD-SL-M2876ND,CNB1L9T693,,,"ICON 116L (Toner)","ICON 116L (Drum Unit)",3,0,0,0,"0000-00-00 00:00:00","0000-00-00 00:00:00","0000-00-00 00:00:00"
1179,"Palwal ","Palwal "," Asha Tower,Near Ambedkar College,New Sohna Road,Palwal,District ? Palwal,Haryana,Pin code -121102",PALWAL,HARYANA,121102,"Lila Nandan",,8800093946,NA,,"Mr.Haidar Ali (RIT)","UTTAR PRADESH",8090554271,"haidar,ali@utkarsh.bank",PO-23-01-025757,"Kyocera (Printer - LaserJet)","Kyocera FS 2040 DN",VYB2Y23127,"ICON TK-1178",DK-1150,,,3,0,0,0,"0000-00-00 00:00:00","0000-00-00 00:00:00","0000-00-00 00:00:00"
1180,"Kotwali Road, Basti","Darshan Nagar","First Floor,Murlijot,Ansari Colony,Kotwali Road,District ? Basti,Uttar Pradesh,Pin code ? 272002",BASTI,"UTTAR PRADESH",272002,"Dukhi prashad",,7525806377,abm.kotwaliroadbasti@utkarsh.bank,,"Mr.Haidar Ali (RIT)","UTTAR PRADESH",8090554271,"haidar,ali@utkarsh.bank",PO-22-11-011402,"HP (Printer - LaserJet)","HP-M226DW- MFP",CNBRPBFFHP,,,"ICON 88A",,1,0,0,0,"0000-00-00 00:00:00","0000-00-00 00:00:00","0000-00-00 00:00:00"
1180,"Kotwali Road, Basti","Darshan Nagar","First Floor,Murlijot,Ansari Colony,Kotwali Road,District ? Basti,Uttar Pradesh,Pin code ? 272002",BASTI,"UTTAR PRADESH",272002,"Dukhi prashad",,7525806377,abm.kotwaliroadbasti@utkarsh.bank,,"Mr.Haidar Ali (RIT)","UTTAR PRADESH",8090554271,"haidar,ali@utkarsh.bank",PO-23-04-016383,"Samsung (Printer - LaserJet)",MFD-SL-M2876ND,ZD5HB8KJ8F02BDR,,,"ICON 116L (Toner)","ICON 116L (Drum Unit)",3,0,0,0,"0000-00-00 00:00:00","0000-00-00 00:00:00","0000-00-00 00:00:00"
1181,"Malviyanagar Sonipat","Malviyanagar Sonipat","H.No.710/29,Malviya Nagar Gali No.-2, Mehlana Road ,Sonipat Haryana-131001",SONIPAT,HARYANA,131001,Manoj,,9045842505,OPS.SONIPAT@UTKARSH.BANK,,"Mr.Haidar Ali (RIT)","UTTAR PRADESH",8090554271,"haidar,ali@utkarsh.bank",PO-22-9-010098,"Samsung (Printer - LaserJet)",MFD-SL-M2876ND,CNB1L1DR04,,,"ICON 116L (Toner)","ICON 116L (Drum Unit)",3,0.4,0,0,"0000-00-00 00:00:00","0000-00-00 00:00:00","0000-00-00 00:00:00"
1182,"Bahadurgarh ","Rohtak Division"," Commercial Tower,Najabgarh Road,Near Central Bank,Bahadurgarh,District ? Jhajhar,Haryana,Pin code - 124507",JHAJJAR,HARYANA,124507,"Vivek Yadav",,9643041280,NA,,"Mr.Haidar Ali (RIT)","UTTAR PRADESH",8090554271,"haidar,ali@utkarsh.bank",PO-22-9-010098,"Samsung (Printer - LaserJet)",MFD-SL-M2876ND,CNB1L9T6F9,,,"ICON 116L (Toner)","ICON 116L (Drum Unit)",3,0,0,0,"0000-00-00 00:00:00","0000-00-00 00:00:00","0000-00-00 00:00:00"
1182,"Bahadurgarh ","Rohtak Division"," Commercial Tower,Najabgarh Road,Near Central Bank,Bahadurgarh,District ? Jhajhar,Haryana,Pin code - 124507",JHAJJAR,HARYANA,124507,"Vivek Yadav",,9643041280,NA,,"Mr.Haidar Ali (RIT)","UTTAR PRADESH",8090554271,"haidar,ali@utkarsh.bank",PO-23-11-023365,"EPSON (Printer - Inktank)","EPSON M3170 EPIL",X5TW010912,,,INK-005,"Maintaince Box",3,0,0,0,"0000-00-00 00:00:00","0000-00-00 00:00:00","0000-00-00 00:00:00"
1183,Hingna,Nagpur,"First Floor,Flot No. 433,Bhoslewadi Bus stop,Kawdas Road,Hingna,District ? Nagpur,Maharashtra,Pin code ? 441110",NAGPUR,MAHARASHTRA,441110,"Ganesh Kapse",,8208806835,bm.Hingna@utkarsh.bank,,"Mr. Rahul Chauhan (RIT) & Mr. Kamal (RIT)",MAHARASHTRA,7021828776/7525048585,rahul.chauhan1@utkarsh.bank,PO-22-12-012242,"HP (Printer - LaserJet)","HP-M226DW- MFP",CNBRPBFFX9,,,"ICON 88A",,3,0.4,0,0,"0000-00-00 00:00:00","0000-00-00 00:00:00","0000-00-00 00:00:00"
1183,Hingna,Nagpur,"First Floor,Flot No. 433,Bhoslewadi Bus stop,Kawdas Road,Hingna,District ? Nagpur,Maharashtra,Pin code ? 441110",NAGPUR,MAHARASHTRA,441110,"Ganesh Kapse",,8208806835,bm.Hingna@utkarsh.bank,,"Mr. Rahul Chauhan (RIT) & Mr. Kamal (RIT)",MAHARASHTRA,7021828776/7525048585,rahul.chauhan1@utkarsh.bank,PO-22-08-010102,"Samsung (Printer - LaserJet)",MFD-SL-M2876ND,ZD5HB8KJ8F025E,,,"ICON 116L (Toner)","ICON 116L (Drum Unit)",3,0.4,0,0,"0000-00-00 00:00:00","0000-00-00 00:00:00","0000-00-00 00:00:00"
1184,"Bilhari ","Jabalpur Division","Garound floor,Gur tihara, Bargi Road,Bilahri,Distt.Jabalpur, Madhya Pradesh India Pin-482020",JABALPUR,"MADHYA PRADESH",482020,"Ravi Shankar Patel",,6261639087,NA,,"Mr. Neelish Soni (RIT)","MADHYA PRADESH",8090654540,neelesh.soni@utkarsh.bank,PO-24-09-010101,"Samsung (Printer - LaserJet)",MFD-SL-M2876ND,ZD5HB8KK9C04K4Y-CNB1L9V6DS,,,"ICON 116L (Toner)","ICON 116L (Drum Unit)",3,0,0,0,"0000-00-00 00:00:00","0000-00-00 00:00:00","0000-00-00 00:00:00"
1185,"Sitarganj ","Nainital Division","Ground Floor, Village- Sitarganj, TehsilSitarganj, Chorgaliya Road, Ward no. 03,Near Maharana Pratap Marg,
Sitarganj, Uddham Singh nagar, Uttarakhand, UDHAM SINGH NAGAR, Sitarganj
-1185, 262405","UDAM SINGH NAGAR",UTTARAKHAND,262405,"Ramesh Kumar",,7060504211,NA,,"Mr. Jogindar Kumar (RIT)",UTTARAKHAND,9896984436,Joginder@utkarsh.bank,PO-22-08-010107,"Samsung (Printer - LaserJet)",MFD-SL-M2876ND,CNB1L9T69P,,,"ICON 116L (Toner)","ICON 116L (Drum Unit)",3,0,0,0,"0000-00-00 00:00:00","0000-00-00 00:00:00","0000-00-00 00:00:00"
1185,"Sitarganj ","Nainital Division","Ground Floor, Village- Sitarganj, TehsilSitarganj, Chorgaliya Road, Ward no. 03,Near Maharana Pratap Marg,
Sitarganj, Uddham Singh nagar, Uttarakhand, UDHAM SINGH NAGAR, Sitarganj
-1185, 262405","UDAM SINGH NAGAR",UTTARAKHAND,262405,"Ramesh Kumar",,7060504211,NA,,"Mr. Jogindar Kumar (RIT)",UTTARAKHAND,9896984436,Joginder@utkarsh.bank,PO-23-12-025167,"Kyocera (Printer - LaserJet)","Kyocera FS 2040 DN",VYB2X12539,"ICON TK-1178",DK-1150,,,3,0,0,0,"0000-00-00 00:00:00","0000-00-00 00:00:00","0000-00-00 00:00:00"
1186,Kareli,Betul,"Plot No-88,Barman Road,Near New Krishi Upaj Mandi,Kareli,District ? Narsinghpur,Madhay Pradesh,Pin code ? 487221",NARSINGHPUR,"MADHYA PRADESH",487221,"Tarunedra Gupta",,9171577396,bm.kareli@utkarsh.bank,,"Mr. Neelish Soni (RIT)","MADHYA PRADESH",8090654540,neelesh.soni@utkarsh.bank,PO-24-09-010101,"Samsung (Printer - LaserJet)",MFD-SL-M2876ND,CNB1L9V6DP,,,"ICON 116L (Toner)","ICON 116L (Drum Unit)",3,0.4,0,0,"0000-00-00 00:00:00","0000-00-00 00:00:00","0000-00-00 00:00:00"
1186,Kareli,Betul,"Plot No-88,Barman Road,Near New Krishi Upaj Mandi,Kareli,District ? Narsinghpur,Madhay Pradesh,Pin code ? 487221",NARSINGHPUR,"MADHYA PRADESH",487221,"Tarunedra Gupta",,9171577396,bm.kareli@utkarsh.bank,,"Mr. Neelish Soni (RIT)","MADHYA PRADESH",8090654540,neelesh.soni@utkarsh.bank,PO-22-01-013031,"Brother (Printer - LaserJet)","Brother- L2541DW",E73802J1N976360,"ICON TN-2365","ICON DR 2365",,,3,0.4,0,0,"0000-00-00 00:00:00","0000-00-00 00:00:00","0000-00-00 00:00:00"
1187,"Gadarpur ","Gadarpur "," Sakeniya Mode,Gadarpur,District ? Udham singh Nagar,Uttarakhand,Pin code ? 263152","UDAM SINGH NAGAR",UTTARAKHAND,263152,"Ramesh Kumar",,7060504211,NA,,"Mr. Jogindar Kumar (RIT)",UTTARAKHAND,9896984436,Joginder@utkarsh.bank,PO-22-08-010107,"Samsung (Printer - LaserJet)",MFD-SL-M2876ND,CNB1L9V5JK,,,"ICON 116L (Toner)","ICON 116L (Drum Unit)",3,0,0,0,"0000-00-00 00:00:00","0000-00-00 00:00:00","0000-00-00 00:00:00"
1188,Wardha,Wardha,"Sheet No. 48 Gandhi Nagar, Plot No. 30 Bachelor Road Arvi Naka Wardha, Maharashtra. India. PIN-442001",WARDHA,MAHARASHTRA,442001,"Pravin Deveshawar Khadgi",,7722067988,bm.wardha@utkarsh.bank,,"Mr. Rahul Chauhan (RIT) & Mr. Kamal (RIT)",MAHARASHTRA,7021828776/7525048585,rahul.chauhan1@utkarsh.bank,PO-22-08-010102,"Samsung (Printer - LaserJet)",MFD-SL-M2876ND,CNB1L9V5NS,,,"ICON 116L (Toner)","ICON 116L (Drum Unit)",3,0.4,0,0,"0000-00-00 00:00:00","0000-00-00 00:00:00","0000-00-00 00:00:00"
1189,Darvha,Yavatmal,"C/o Jagatrao Savke, Opp. Govt Hospital,Yavatmal Road, Near Hotel Green Garden, Darvha, Tq:- Darvha, Dist:- Yavatmal, Maharashtra, India-445202",YAVATMAL,MAHARASHTRA,445202,"Pankaj Gajanan Khaparkar(",,9665617717,bm.darvha@utkarsh.bank,,"Mr. Rahul Chauhan (RIT) & Mr. Kamal (RIT)",MAHARASHTRA,7021828776/7525048585,rahul.chauhan1@utkarsh.bank,PO-22-08-010102,"Samsung (Printer - LaserJet)",MFD-SL-M2876ND,CNB1L9V5NF,,,"ICON 116L (Toner)","ICON 116L (Drum Unit)",3,0.4,0,0,"0000-00-00 00:00:00","0000-00-00 00:00:00","0000-00-00 00:00:00"
1190,Hinganghat,Wardha,"Nagari Road,Sant Tukodoji ward,Near railway crossing,Hinganghat,District ? wardha,Maharastra,Pin Code ? 442301",WARDHA,MAHARASHTRA,442301,"Sumeet Mahendara Gaikwad",,9175464046,bm.hinganghat@utkarsh.bank,,"Mr. Rahul Chauhan (RIT) & Mr. Kamal (RIT)",MAHARASHTRA,7021828776/7525048585,rahul.chauhan1@utkarsh.bank,PO-22-08-010102,"Samsung (Printer - LaserJet)",MFD-SL-M2876ND,CNB1L9V5ND,,,"ICON 116L (Toner)","ICON 116L (Drum Unit)",3,0.4,0,0,"0000-00-00 00:00:00","0000-00-00 00:00:00","0000-00-00 00:00:00"
1191,Arvi,Wardha,"Arvi Branch, Devulkar lay out, Ambika Nagar, Arvi, Maharashtra, India-442201",WARDHA,MAHARASHTRA,442201,"Khanduji Rameshwar Ghogare",,9359667937,NA,,"Mr. Rahul Chauhan (RIT) & Mr. Kamal (RIT)",MAHARASHTRA,7021828776/7525048585,rahul.chauhan1@utkarsh.bank,PO-22-08-010102,"Samsung (Printer - LaserJet)",MFD-SL-M2876ND,CNB1L9V5L0,,,"ICON 116L (Toner)","ICON 116L (Drum Unit)",3,0.4,0,0,"0000-00-00 00:00:00","0000-00-00 00:00:00","0000-00-00 00:00:00"
1192,Arni,Yavatmal,"Ground Floor, Near,NP marathi school Gandhinagar,Arni?,DIST-Yavatmal? ,Maharashtra,PIN -445103",YAVATMAL,MAHARASHTRA,445103,"Naresh Shivshankar Parteki",,7420049351,bm.arni@utkarsh.bank,,"Mr. Rahul Chauhan (RIT) & Mr. Kamal (RIT)",MAHARASHTRA,7021828776/7525048585,rahul.chauhan1@utkarsh.bank,PO-22-08-010102,"Samsung (Printer - LaserJet)",MFD-SL-M2876ND,CNB1L9V5NC,,,"ICON 116L (Toner)","ICON 116L (Drum Unit)",3,0.4,0,0,"0000-00-00 00:00:00","0000-00-00 00:00:00","0000-00-00 00:00:00"
1193,"Dildar Nagar","Dildar Nagar"," Ward No. 4,Badi Nahar,Bhadaura Road,Dildarnagar,District ? Ghazipur,Uttar Pradesh,Pin code ? 232326",GHAZIPUR,"UTTAR PRADESH",232326,"Atul Gautam",,9415164757,NA,,"Mr. Anil Kumar (RIT)","UTTAR PRADESH",7753811316,anil.yadav@utkarsh.bank,PO-23-04-016383,"Samsung (Printer - LaserJet)",MFD-SL-M2876ND,CNB2KC8F34,,,"ICON 116L (Toner)","ICON 116L (Drum Unit)",3,0,0,0,"0000-00-00 00:00:00","0000-00-00 00:00:00","0000-00-00 00:00:00"
1194,"Kolhuarwa Chauk-","East Champaran Division","Ground Floor,Mauza MotihariKolhuarwa Thana Motihari, DistrictThana-Motihari, District-East Champaran, BiharPin code-845401, PURBI
CHAMPARAN, Kolhuarwa Chauk-1194, 845401","PURBI CHAMPARAN",BIHAR,845401,"Mintoo Kumar",,7485808184/7256950930,NA,,"Mr.Ajeet Kumar(RIT)",BIHAR,9608953407,ajeet.kumar@utkarsh.bank,PO-23-01-026314,"Kyocera (Printer - LaserJet)","Kyocera FS 2040 DN",VYB2Y22827,"ICON TK-1178",DK-1150,,,3,0,0,0,"0000-00-00 00:00:00","0000-00-00 00:00:00","0000-00-00 00:00:00"
1194,"Kolhuarwa Chauk-","East Champaran Division","Ground Floor,Mauza MotihariKolhuarwa Thana Motihari, DistrictThana-Motihari, District-East Champaran, BiharPin code-845401, PURBI
CHAMPARAN, Kolhuarwa Chauk-1194, 845401","PURBI CHAMPARAN",BIHAR,845401,"Mintoo Kumar",,7485808184/7256950930,NA,,"Mr.Ajeet Kumar(RIT)",BIHAR,9608953407,ajeet.kumar@utkarsh.bank,PO-22-08-010097,"Samsung (Printer - LaserJet)",MFD-SL-M2876ND,ZD5HB8KJ8F028JN,,,"ICON 116L (Toner)","ICON 116L (Drum Unit)",3,0.4,0,0,"0000-00-00 00:00:00","0000-00-00 00:00:00","0000-00-00 00:00:00"
1195,"Haldwani Talli","Haldwani Talli","Khata No.472, Khasra No.15G, Bareilly Road, Haldwani Talli, District Nainital, Uttarakhand-263139",NAINITAL,UTTARAKHAND,263139,"Pratap Armoli",,9458595986,NA,,"Mr. Jogindar Kumar (RIT)",UTTARAKHAND,9896984436,Joginder@utkarsh.bank,PO-22-08-010107,"Samsung (Printer - LaserJet)",MFD-SL-M2876ND,CNB1L9T69L,,,"ICON 116L (Toner)","ICON 116L (Drum Unit)",3,0,0,0,"0000-00-00 00:00:00","0000-00-00 00:00:00","0000-00-00 00:00:00"
1195,"Haldwani Talli","Haldwani Talli","Khata No.472, Khasra No.15G, Bareilly Road, Haldwani Talli, District Nainital, Uttarakhand-263139",NAINITAL,UTTARAKHAND,263139,"Pratap Armoli",,9458595986,NA,,"Mr. Jogindar Kumar (RIT)",UTTARAKHAND,9896984436,Joginder@utkarsh.bank,PO-22-08-010107,"Samsung (Printer - LaserJet)",MFD-SL-M2876ND,CNB1LDD4P7,,,"ICON 116L (Toner)","ICON 116L (Drum Unit)",3,0,0,0,"0000-00-00 00:00:00","0000-00-00 00:00:00","0000-00-00 00:00:00"
1196,Manpur,Manpur,"Bhusunda Baypass,Near setakund,Surahari Mode, Manpur,Distt.-Gaya,Bihar,PIN-823003",GAYA,BIHAR,823003,"Prabhat Kumar Gupta",,7870638202,NA,,"Mr.kuldip Kumar (RIT)",BIHAR,9511133885,kuldip.kumar@utkarsh.bank,PO-22-08-010097,"Samsung (Printer - LaserJet)",MFD-SL-M2876ND,CNB1L9W6FK,,,"ICON 116L (Toner)","ICON 116L (Drum Unit)",3,0,0,0,"0000-00-00 00:00:00","0000-00-00 00:00:00","0000-00-00 00:00:00"
1196,Manpur,Manpur,"Bhusunda Baypass,Near setakund,Surahari Mode, Manpur,Distt.-Gaya,Bihar,PIN-823003",GAYA,BIHAR,823003,"Prabhat Kumar Gupta",,7870638202,NA,,"Mr.kuldip Kumar (RIT)",BIHAR,9511133885,kuldip.kumar@utkarsh.bank,PO-23-11-023330,"EPSON (Printer - Inktank)","EPSON M3170 EPIL",X5TW011277,,,INK-005,"Maintaince Box",3,0,0,0,"0000-00-00 00:00:00","0000-00-00 00:00:00","0000-00-00 00:00:00"
1197,Saraiya,Saraiya,"Near Yamaha Agency,Block Road,Saraiya,District - Muzaffarpur,Bihar,Pin code ? 843126",MUZAFFARPUR,BIHAR,843126,"Sonu Kumar",,9097573442,ops.saraiya@utkarsh.bank,,"Mr.Ajeet Kumar(RIT)",BIHAR,9608953407,ajeet.kumar@utkarsh.bank,PO-22-01-013018,"Brother (Printer - LaserJet)","Brother- L2541DW",E73802J1N976491,"ICON TN-2365","ICON DR 2365",,,3,0.4,0,0,"0000-00-00 00:00:00","0000-00-00 00:00:00","0000-00-00 00:00:00"
1197,Saraiya,Saraiya,"Near Yamaha Agency,Block Road,Saraiya,District - Muzaffarpur,Bihar,Pin code ? 843126",MUZAFFARPUR,BIHAR,843126,"Sonu Kumar",,9097573442,ops.saraiya@utkarsh.bank,,"Mr.Ajeet Kumar(RIT)",BIHAR,9608953407,ajeet.kumar@utkarsh.bank,PO-22-11-011300,"EPSON (Printer - Inktank)","EPSON M3170 EPIL",X5TW011304,,,INK-005,"Maintaince Box",3,0.4,0,0,"0000-00-00 00:00:00","0000-00-00 00:00:00","0000-00-00 00:00:00"
1197,Saraiya,Saraiya,"Near Yamaha Agency,Block Road,Saraiya,District - Muzaffarpur,Bihar,Pin code ? 843126",MUZAFFARPUR,BIHAR,843126,"Sonu Kumar",,9097573442,ops.saraiya@utkarsh.bank,,"Mr.Ajeet Kumar(RIT)",BIHAR,9608953407,ajeet.kumar@utkarsh.bank,PO-23-07-019349,"EPSON (Printer - Inktank)","EPSON M3170 EPIL",X5TW016070,,,INK-005,"Maintaince Box",3,0,0,0,"0000-00-00 00:00:00","0000-00-00 00:00:00","0000-00-00 00:00:00"
1197,Saraiya,Saraiya,"Near Yamaha Agency,Block Road,Saraiya,District - Muzaffarpur,Bihar,Pin code ? 843126",MUZAFFARPUR,BIHAR,843126,"Sonu Kumar",,9097573442,ops.saraiya@utkarsh.bank,,"Mr.Ajeet Kumar(RIT)",BIHAR,9608953407,ajeet.kumar@utkarsh.bank,PO-22-08-010097,"Samsung (Printer - LaserJet)",MFD-SL-M2876ND,"ZD5HB8KJBF01LWD- CNB1KCAMSL",,,"ICON 116L (Toner)","ICON 116L (Drum Unit)",3,0,0,0,"0000-00-00 00:00:00","0000-00-00 00:00:00","0000-00-00 00:00:00"
1198,Kurhani,Kurhani,"First floor,Gudari Chauk,Kurhani,District - Muzaffarpur,Bihar,Pin code ? 844120",MUZAFFARPUR,BIHAR,844120,"Ravi Kumar",,9304632026,ops.kurhani@utkarsh.bank,,"Mr.Ajeet Kumar(RIT)",BIHAR,9608953407,ajeet.kumar@utkarsh.bank,PO-22-01-013018,"Brother (Printer - LaserJet)","Brother- L2541DW",E73802J1N976356,"ICON TN-2365","ICON DR 2365",,,3,0.4,0,0,"0000-00-00 00:00:00","0000-00-00 00:00:00","0000-00-00 00:00:00"
1198,Kurhani,Kurhani,"First floor,Gudari Chauk,Kurhani,District - Muzaffarpur,Bihar,Pin code ? 844120",MUZAFFARPUR,BIHAR,844120,"Ravi Kumar",,9304632026,ops.kurhani@utkarsh.bank,,"Mr.Ajeet Kumar(RIT)",BIHAR,9608953407,ajeet.kumar@utkarsh.bank,PO-22-11-011300,"EPSON (Printer - Inktank)","EPSON M3170 EPIL",X5TW011265,,,INK-005,"Maintaince Box",3,0.4,0,0,"0000-00-00 00:00:00","0000-00-00 00:00:00","0000-00-00 00:00:00"
1198,Kurhani,Kurhani,"First floor,Gudari Chauk,Kurhani,District - Muzaffarpur,Bihar,Pin code ? 844120",MUZAFFARPUR,BIHAR,844120,"Ravi Kumar",,9304632026,ops.kurhani@utkarsh.bank,,"Mr.Ajeet Kumar(RIT)",BIHAR,9608953407,ajeet.kumar@utkarsh.bank,PO-22-08-010097,"Samsung (Printer - LaserJet)",MFD-SL-M2876ND,ZD5HB8KJ8F028WX,,,"ICON 116L (Toner)","ICON 116L (Drum Unit)",3,0.4,0,0,"0000-00-00 00:00:00","0000-00-00 00:00:00","0000-00-00 00:00:00"
1199,Sarfuddinpur,Sarfuddinpur,"Maidapur,Sarfuddinpur,District ? Muzaffarpur,Bihar,Pin code ? 843118",MUZAFFARPUR,BIHAR,843118,"Lal Babu Prasaad",,8083430809,bm.sarfuddinpur@utkarsh.bank,,"Mr.Ajeet Kumar(RIT)",BIHAR,9608953407,ajeet.kumar@utkarsh.bank,PO-22-08-010097,"Samsung (Printer - LaserJet)",MFD-SL-M2876ND,CNB1L9W6F8,,,"ICON 116L (Toner)","ICON 116L (Drum Unit)",3,0.4,0,0,"0000-00-00 00:00:00","0000-00-00 00:00:00","0000-00-00 00:00:00"
1199,Sarfuddinpur,Sarfuddinpur,"Maidapur,Sarfuddinpur,District ? Muzaffarpur,Bihar,Pin code ? 843118",MUZAFFARPUR,BIHAR,843118,"Lal Babu Prasaad",,8083430809,bm.sarfuddinpur@utkarsh.bank,,"Mr.Ajeet Kumar(RIT)",BIHAR,9608953407,ajeet.kumar@utkarsh.bank,PO-23-11-023330,"EPSON (Printer - Inktank)","EPSON M3170 EPIL",X5TW012227,,,INK-005,"Maintaince Box",3,0.4,0,0,"0000-00-00 00:00:00","0000-00-00 00:00:00","0000-00-00 00:00:00"
1199,Sarfuddinpur,Sarfuddinpur,"Maidapur,Sarfuddinpur,District ? Muzaffarpur,Bihar,Pin code ? 843118",MUZAFFARPUR,BIHAR,843118,"Lal Babu Prasaad",,8083430809,bm.sarfuddinpur@utkarsh.bank,,"Mr.Ajeet Kumar(RIT)",BIHAR,9608953407,ajeet.kumar@utkarsh.bank,PO-23-07-019349,"EPSON (Printer - Inktank)","EPSON M3170 EPIL",X5TW020874,,,INK-005,"Maintaince Box",3,0,0,0,"0000-00-00 00:00:00","0000-00-00 00:00:00","0000-00-00 00:00:00"
1200,Gotegaon,Betul,"First Floor,Near Canara Bank,Nehru ward,Gotegawan,Dist-Narsinghpur,Madhay Pradesh,Pin code ? 487118",NARSINGHPUR,"MADHYA PRADESH",487118,"Vikash Driwedi",,9200638394,bm.gotegaon@utkarsh.bank,,"Mr. Neelish Soni (RIT)","MADHYA PRADESH",8090654540,neelesh.soni@utkarsh.bank,PO-23-11-023386,"EPSON (Printer - Inktank)","EPSON M3170 EPIL",X5TW012516,,,INK-005,"Maintaince Box",3,0.4,0,0,"0000-00-00 00:00:00","0000-00-00 00:00:00","0000-00-00 00:00:00"
1200,Gotegaon,Betul,"First Floor,Near Canara Bank,Nehru ward,Gotegawan,Dist-Narsinghpur,Madhay Pradesh,Pin code ? 487118",NARSINGHPUR,"MADHYA PRADESH",487118,"Vikash Driwedi",,9200638394,bm.gotegaon@utkarsh.bank,,"Mr. Neelish Soni (RIT)","MADHYA PRADESH",8090654540,neelesh.soni@utkarsh.bank,PO-24-09-010101,"Samsung (Printer - LaserJet)",MFD-SL-M2876ND,ZD5HB8KJ8C00AJZ,,,"ICON 116L (Toner)","ICON 116L (Drum Unit)",3,0.4,0,0,"0000-00-00 00:00:00","0000-00-00 00:00:00","0000-00-00 00:00:00"
1201,"Mirzapur Br (Erstwhile Nawada)","Mirzapur Br (Erstwhile Nawada)",",Oposite Prayag Hospital,Mirzapur Nawada,  Post- Nawada, Thana- Nawada, Distt- Nawada,Bihar, PIN-805110",NAWADA,BIHAR,805110,"Dhananjay Kumar",,6200780853,NA,,"Mr.Priyatam Kumar Singh(RIT)",BIHAR,9504342712,priyatam.singh@utkarsh.bank,PO-22-08-010097,"Samsung (Printer - LaserJet)",MFD-SL-M2876ND,CNB1L9W6FQ,,,"ICON 116L (Toner)","ICON 116L (Drum Unit)",3,0,0,0,"0000-00-00 00:00:00","0000-00-00 00:00:00","0000-00-00 00:00:00"
1202,Ghutani,"Patna Division","Zonal Office:- 2nd Floor,134-A, Patliputra Colony,
Opposite Polytechnic Gate,Patna Bihar, PIN ? 800013",PATNA,BIHAR,800013,"Shashi Kant Patel/",,7277025923/,NA,,"Mr.Shantanu Kanth(RIT)",BIHAR,7635093755,shantanu.kanth@utkarsh.bank,PO-22-08-010097,"Samsung (Printer - LaserJet)",MFD-SL-M2876ND,CNB2KC8FF5,,,"ICON 116L (Toner)","ICON 116L (Drum Unit)",3,0,0,0,"0000-00-00 00:00:00","0000-00-00 00:00:00","0000-00-00 00:00:00"
1202,Ghutani,"Patna Division","Zonal Office:- 2nd Floor,134-A, Patliputra Colony,
Opposite Polytechnic Gate,Patna Bihar, PIN ? 800013",PATNA,BIHAR,800013,"Shashi Kant Patel/",,7277025923/,NA,,"Mr.Shantanu Kanth(RIT)",BIHAR,7635093755,shantanu.kanth@utkarsh.bank,PO-22-01-013018,"Brother (Printer - LaserJet)","Brother- L2541DW",E73802K1N126437,"ICON TN-2365","ICON DR 2365",,,3,0,0,0,"0000-00-00 00:00:00","0000-00-00 00:00:00","0000-00-00 00:00:00"
1203,Sonaru,"Patna Division","In front  of Gurukul International School,Fatuha,Sonaru,District ? Patna,Bihar,Pin code ? 803201",PATNA,BIHAR,803201,"Shambhoo Nath Pandey",,7541817411,NA,,"Mr.Shantanu Kanth(RIT)",BIHAR,7635093755,shantanu.kanth@utkarsh.bank,PO-22-08-010097,"Samsung (Printer - LaserJet)",MFD-SL-M2876ND,"CNB3KDK4CB & ZD5HB8KJ8C00DSE",,,"ICON 116L (Toner)","ICON 116L (Drum Unit)",3,0,0,0,"0000-00-00 00:00:00","0000-00-00 00:00:00","0000-00-00 00:00:00"
1203,Sonaru,"Patna Division","In front  of Gurukul International School,Fatuha,Sonaru,District ? Patna,Bihar,Pin code ? 803201",PATNA,BIHAR,803201,"Shambhoo Nath Pandey",,7541817411,NA,,"Mr.Shantanu Kanth(RIT)",BIHAR,7635093755,shantanu.kanth@utkarsh.bank,PO-22-12-012235,"HP (Printer - LaserJet)","HP-M226DW- MFP",CNBRPBFFWR,,,"ICON 88A",,3,0,0,0,"0000-00-00 00:00:00","0000-00-00 00:00:00","0000-00-00 00:00:00"
1204,"Eru (Erstwhile Wazirganj)","Nawadha Division","C-O MUKESH KUMAR ,PLOT NO.506DAKHIN GANW, N, Gaya to NawadaBeside Punjab
National BankWazirganj, District- GayaBihar, 805131, GAYA, Eru-1204,
805131",GAYA,BIHAR,805131,"ABHAY KUMAR",,8953079160,NA,,"Mr.Priyatam Kumar Singh(RIT)",BIHAR,9504342712,priyatam.singh@utkarsh.bank,PO-22-08-010097,"Samsung (Printer - LaserJet)",MFD-SL-M2876ND,CNB1L9W6FN,,,"ICON 116L (Toner)","ICON 116L (Drum Unit)",3,0,0,0,"0000-00-00 00:00:00","0000-00-00 00:00:00","0000-00-00 00:00:00"
1204,"Eru (Erstwhile Wazirganj)","Nawadha Division","C-O MUKESH KUMAR ,PLOT NO.506DAKHIN GANW, N, Gaya to NawadaBeside Punjab
National BankWazirganj, District- GayaBihar, 805131, GAYA, Eru-1204,
805131",GAYA,BIHAR,805131,"ABHAY KUMAR",,8953079160,NA,,"Mr.Priyatam Kumar Singh(RIT)",BIHAR,9504342712,priyatam.singh@utkarsh.bank,PO-23-10-022951,"EPSON (Printer - Inktank)","EPSON M3170 EPIL",X5TW017698,,,INK-005,"Maintaince Box",3,0,0,0,"0000-00-00 00:00:00","0000-00-00 00:00:00","0000-00-00 00:00:00"
1205,"Khatima ","Nainital Division","Ground Floor, Amoun, Tanakpur Road, Khatima,Udham Singh Nagar, Uttarakhand, UDHAM SINGH NAGAR, Khatima-1205, 262308","UDAM SINGH NAGAR",UTTARAKHAND,262308,"Ramesh Kumar",,7060504211,NA,,"Mr. Jogindar Kumar (RIT)",UTTARAKHAND,9896984436,Joginder@utkarsh.bank,PO-22-08-010107,"Samsung (Printer - LaserJet)",MFD-SL-M2876ND,CNB1L9T5KC,,,"ICON 116L (Toner)","ICON 116L (Drum Unit)",3,0,0,0,"0000-00-00 00:00:00","0000-00-00 00:00:00","0000-00-00 00:00:00"
1205,"Khatima ","Nainital Division","Ground Floor, Amoun, Tanakpur Road, Khatima,Udham Singh Nagar, Uttarakhand, UDHAM SINGH NAGAR, Khatima-1205, 262308","UDAM SINGH NAGAR",UTTARAKHAND,262308,"Ramesh Kumar",,7060504211,NA,,"Mr. Jogindar Kumar (RIT)",UTTARAKHAND,9896984436,Joginder@utkarsh.bank,PO-23-12-025167,"Kyocera (Printer - LaserJet)","Kyocera FS 2040 DN",VYB2Y23202,"ICON TK-1178",DK-1150,,,3,0,0,0,"0000-00-00 00:00:00","0000-00-00 00:00:00","0000-00-00 00:00:00"
1206,"Workshop Road, Yamuna Nagar ","Workshop Road, Yamuna Nagar ","First floor,work Shop Road,Near Gaba Palace,Yamuna Nagar ,Dist. Yamuna Nagar  Hariyan Pin code-135001",YAMUNANAGAR,HARYANA,135001,"RAJU GUPTA",,9807423174,Ops1.workshoproadyamunanagar@utkarsh.bank,,"Mr.Haidar Ali (RIT)","UTTAR PRADESH",8090554271,"haidar,ali@utkarsh.bank",PO-22-9-010098,"Samsung (Printer - LaserJet)",MFD-SL-M2876ND,CNB1L1DR1J,,,"ICON 116L (Toner)","ICON 116L (Drum Unit)",3,0.4,0,0,"0000-00-00 00:00:00","0000-00-00 00:00:00","0000-00-00 00:00:00"
1206,"Workshop Road, Yamuna Nagar ","Workshop Road, Yamuna Nagar ","First floor,work Shop Road,Near Gaba Palace,Yamuna Nagar ,Dist. Yamuna Nagar  Hariyan Pin code-135001",YAMUNANAGAR,HARYANA,135001,"RAJU GUPTA",,9807423174,Ops1.workshoproadyamunanagar@utkarsh.bank,,"Mr.Haidar Ali (RIT)","UTTAR PRADESH",8090554271,"haidar,ali@utkarsh.bank",PO-22-11-011326,"Brother (Printer - LaserJet)","Brother- L2541DW",E73802A2N240827/E73802A2N240990,"ICON TN-2365","ICON DR 2365",,,3,0.4,0,0,"0000-00-00 00:00:00","0000-00-00 00:00:00","0000-00-00 00:00:00"
1207,Sirdala,"Nawadha Division"," Sirdala Rajauli Road,Near Adarsh Publice school,Sirdala,District ? Nawada,Bihar,Pin code ? 805127",NAWADA,BIHAR,805127,"Samir Kumar",,7033694298/70333694298,NA,,"Mr.Priyatam Kumar Singh(RIT)",BIHAR,9504342712,priyatam.singh@utkarsh.bank,PO-22-08-010097,"Samsung (Printer - LaserJet)",MFD-SL-M2876ND,CNB1L1DR1G,,,"ICON 116L (Toner)","ICON 116L (Drum Unit)",3,0,0,0,"0000-00-00 00:00:00","0000-00-00 00:00:00","0000-00-00 00:00:00"
1207,Sirdala,"Nawadha Division"," Sirdala Rajauli Road,Near Adarsh Publice school,Sirdala,District ? Nawada,Bihar,Pin code ? 805127",NAWADA,BIHAR,805127,"Samir Kumar",,7033694298/70333694298,NA,,"Mr.Priyatam Kumar Singh(RIT)",BIHAR,9504342712,priyatam.singh@utkarsh.bank,PO-22-11-011300,"Brother (Printer - LaserJet)","Brother- L2541DW",E73802J1N976403,"ICON TN-2365","ICON DR 2365",,,3,0,0,0,"0000-00-00 00:00:00","0000-00-00 00:00:00","0000-00-00 00:00:00"
1208,"Chhutmalpur ","Chhutmalpur ","C/o Shiv Bachan Prasad Singh, Baijnathpur, Infront of ? Yashwant Uccha Vidyalaya Post+Thana- Khizersarai, Distt- Gaya, Bihar, Pin -824233",GAYA,BIHAR,824233,"Sonu Kumar/Ajay Kumar",,7903176378,NA,,"Mr.kuldip Kumar (RIT)",BIHAR,9511133885,kuldip.kumar@utkarsh.bank,PO-22-08-010097,"Samsung (Printer - LaserJet)",MFD-SL-M2876ND,CNB1L9W6FL,,,"ICON 116L (Toner)","ICON 116L (Drum Unit)",3,0,0,0,"0000-00-00 00:00:00","0000-00-00 00:00:00","0000-00-00 00:00:00"
1209,Deuriya,"Jabalpur Division"," Near UBI Building,In Front Of Civil Court,Patan,District ? Jabalpur,Madhay Pradesh,Pin Code ? 483113",JABALPUR,"MADHYA PRADESH",483113,"Vishal Singh Thakur/Shraban Pandey",,9977688353/8878043300/7470414282,NA,,"Mr. Neelish Soni (RIT)","MADHYA PRADESH",8090654540,neelesh.soni@utkarsh.bank,PO-24-09-010101,"Samsung (Printer - LaserJet)",MFD-SL-M2876ND,ZD5HB8KK9C04SGP-CNB1L9V6NM,,,"ICON 116L (Toner)","ICON 116L (Drum Unit)",3,0,0,0,"0000-00-00 00:00:00","0000-00-00 00:00:00","0000-00-00 00:00:00"
1210,Bansi,"Basti Division",",Ground Floor,Raptinagar Ramgarh,Belauha Road ,Shitalganj Chauraha,Bansi, Dist- Siddharth Nagar, UP, Pin code-272153","SIDDHARTH NAGAR","UTTAR PRADESH",272153,"Vijay Kumar Gaud",,9125813422/9807601888,NA,,"Mr.Haidar Ali (RIT)","UTTAR PRADESH",8090554271,"haidar,ali@utkarsh.bank",PO-23-04-016383,"Samsung (Printer - LaserJet)",MFD-SL-M2876ND,CNB1L1DR0Z,,,"ICON 116L (Toner)","ICON 116L (Drum Unit)",3,0,0,0,"0000-00-00 00:00:00","0000-00-00 00:00:00","0000-00-00 00:00:00"
1210,Bansi,"Basti Division",",Ground Floor,Raptinagar Ramgarh,Belauha Road ,Shitalganj Chauraha,Bansi, Dist- Siddharth Nagar, UP, Pin code-272153","SIDDHARTH NAGAR","UTTAR PRADESH",272153,"Vijay Kumar Gaud",,9125813422/9807601888,NA,,"Mr.Haidar Ali (RIT)","UTTAR PRADESH",8090554271,"haidar,ali@utkarsh.bank",PO-23-05-017661,"EPSON (Printer - Inktank)","EPSON M3170 EPIL",X5TW012508,,,INK-005,"Maintaince Box",3,0.4,0,0,"0000-00-00 00:00:00","0000-00-00 00:00:00","0000-00-00 00:00:00"
1211,Naugarh,"Gorakhpur Division","Deoria Road,In front of the Main Gate of AIMS,Girdharganj,District- Gorakhpur,Uttar Pradesh,Pin code ? 273001",GORAKHPUR,"UTTAR PRADESH",273001,"khushboo Gupta",,8933060313,NA,,"Mr.Haidar Ali (RIT)","UTTAR PRADESH",8090554271,"haidar,ali@utkarsh.bank",PO-23-04-016383,"Samsung (Printer - LaserJet)",MFD-SL-M2876ND,CNB3KDK745,,,"ICON 116L (Toner)","ICON 116L (Drum Unit)",3,0,0,0,"0000-00-00 00:00:00","0000-00-00 00:00:00","0000-00-00 00:00:00"
1211,Naugarh,"Gorakhpur Division","Deoria Road,In front of the Main Gate of AIMS,Girdharganj,District- Gorakhpur,Uttar Pradesh,Pin code ? 273001",GORAKHPUR,"UTTAR PRADESH",273001,"khushboo Gupta",,8933060313,NA,,"Mr.Haidar Ali (RIT)","UTTAR PRADESH",8090554271,"haidar,ali@utkarsh.bank",PO-23-11-023335,"EPSON (Printer - Inktank)","EPSON M3170 EPIL",X5TW012703,,,INK-005,"Maintaince Box",3,0.4,0,0,"0000-00-00 00:00:00","0000-00-00 00:00:00","0000-00-00 00:00:00"
1212,"Ladwa ","Ladwa "," Baven Road,Near civil Hospital,Ladwa,District- Kurukshetra,Haryana,Pin code ? 136132",KURUKSHETRA,HARYANA,136132,RAHUL,,8950779361,bm.ladwa@utkarsh.bank,,"Mr.Haidar Ali (RIT)","UTTAR PRADESH",8090554271,"haidar,ali@utkarsh.bank",PO-22-9-010098,"Samsung (Printer - LaserJet)",MFD-SL-M2876ND,CNB3KDK7PL,,,"ICON 116L (Toner)","ICON 116L (Drum Unit)",3,0.4,0,0,"0000-00-00 00:00:00","0000-00-00 00:00:00","0000-00-00 00:00:00"
1212,"Ladwa ","Ladwa "," Baven Road,Near civil Hospital,Ladwa,District- Kurukshetra,Haryana,Pin code ? 136132",KURUKSHETRA,HARYANA,136132,RAHUL,,8950779361,bm.ladwa@utkarsh.bank,,"Mr.Haidar Ali (RIT)","UTTAR PRADESH",8090554271,"haidar,ali@utkarsh.bank",PO-23-11-023549,"EPSON (Printer - Inktank)","EPSON M3170 EPIL",X5TW016026,,,INK-005,"Maintaince Box",3,0.4,0,0,"0000-00-00 00:00:00","0000-00-00 00:00:00","0000-00-00 00:00:00"
1212,"Ladwa ","Ladwa "," Baven Road,Near civil Hospital,Ladwa,District- Kurukshetra,Haryana,Pin code ? 136132",KURUKSHETRA,HARYANA,136132,RAHUL,,8950779361,bm.ladwa@utkarsh.bank,,"Mr.Haidar Ali (RIT)","UTTAR PRADESH",8090554271,"haidar,ali@utkarsh.bank",PO-22-9-010098,"Samsung (Printer - LaserJet)",MFD-SL-M2876ND,ZD5HB8KJCF01GZV,,,"ICON 116L (Toner)","ICON 116L (Drum Unit)",3,0.4,0,0,"0000-00-00 00:00:00","0000-00-00 00:00:00","0000-00-00 00:00:00"
1213,Pandharkawada,Yavatmal,"Groun floor, Near HDFC Bank,Plot No ? 16 B,Kiran factory road,swarka chowk,Pandharkawada,District ? Yavatmal,Pin Code - 445302",YAVATMAL,MAHARASHTRA,445302,"Shivshankar Shette",,9975738107,bm.pandharkawada@utkarsh.bank,,"Mr. Rahul Chauhan (RIT) & Mr. Kamal (RIT)",MAHARASHTRA,7021828776/7525048585,rahul.chauhan1@utkarsh.bank,PO-22-08-010102,"Samsung (Printer - LaserJet)",MFD-SL-M2876ND,CNB1L9V5NQ,,,"ICON 116L (Toner)","ICON 116L (Drum Unit)",3,0.4,0,0,"0000-00-00 00:00:00","0000-00-00 00:00:00","0000-00-00 00:00:00"
1214,Wani,Yavatmal,"Chordiya Complex,Ganeshpur Road,Agriculture office Building,Wani,District ? Yavatmal,Maharashtra,Pin code ? 445304",YAVATMAL,MAHARASHTRA,445304,"Vijay Moreshwar Munne",,9823809108,bm.wani@utkarsh.bank,,"Mr. Rahul Chauhan (RIT) & Mr. Kamal (RIT)",MAHARASHTRA,7021828776/7525048585,rahul.chauhan1@utkarsh.bank,PO-22-08-010102,"Samsung (Printer - LaserJet)",MFD-SL-M2876ND,CNB1L9V5NB,,,"ICON 116L (Toner)","ICON 116L (Drum Unit)",3,0.4,0,0,"0000-00-00 00:00:00","0000-00-00 00:00:00","0000-00-00 00:00:00"
1215,RUDHAULI-1215,RUDHAULI-1215,"First Floor, Village- Rudhauli KalaMahadev Singh Road, RudhauliBazarDist- Basti 272157, BASTI, RUDHAULI-1215, 272157",RUDHAULI-1215,"Uttar Pradesh",272157,"Rohit Kumar Prajapati",,9984073921,NA,,"Mr. Anil Kumar (RIT)","UTTAR PRADESH",7753811316,anil.yadav@utkarsh.bank,PO-23-07-019634,"EPSON (Printer - Inktank)","EPSON M3170 EPIL",X5TW016129,,,INK-005,"Maintaince Box",3,0,0,0,"0000-00-00 00:00:00","0000-00-00 00:00:00","0000-00-00 00:00:00"
1215,RUDHAULI-1215,RUDHAULI-1215,"First Floor, Village- Rudhauli KalaMahadev Singh Road, RudhauliBazarDist- Basti 272157, BASTI, RUDHAULI-1215, 272157",RUDHAULI-1215,"Uttar Pradesh",272157,"Rohit Kumar Prajapati",,9984073921,NA,,"Mr. Anil Kumar (RIT)","UTTAR PRADESH",7753811316,anil.yadav@utkarsh.bank,PO-23-04-016383,"Samsung (Printer - LaserJet)",MFD-SL-M2876ND,ZD5HB8KJ8F022SV,,,"ICON 116L (Toner)","ICON 116L (Drum Unit)",3,0,0,0,"0000-00-00 00:00:00","0000-00-00 00:00:00","0000-00-00 00:00:00"
1216,"Bariya ","Patna Division","Gaya Road,Near Premalok Mission School, Bariya, District- Patna, Pinc dode- 800007",PATNA,BIHAR,800007,"Dipmala Kumari",,9262296935,NA,,"Mr.Shantanu Kanth(RIT)",BIHAR,7635093755,shantanu.kanth@utkarsh.bank,PO-22-08-010097,"Samsung (Printer - LaserJet)",MFD-SL-M2876ND,CNB2L7DJ7D,,,"ICON 116L (Toner)","ICON 116L (Drum Unit)",3,0,0,0,"0000-00-00 00:00:00","0000-00-00 00:00:00","0000-00-00 00:00:00"
1216,"Bariya ","Patna Division","Gaya Road,Near Premalok Mission School, Bariya, District- Patna, Pinc dode- 800007",PATNA,BIHAR,800007,"Dipmala Kumari",,9262296935,NA,,"Mr.Shantanu Kanth(RIT)",BIHAR,7635093755,shantanu.kanth@utkarsh.bank,PO-22-02-014378,"Brother (Printer - LaserJet)","Brother- L2541DW",E73802A2N240989,"ICON TN-2365","ICON DR 2365",,,3,0,0,0,"0000-00-00 00:00:00","0000-00-00 00:00:00","0000-00-00 00:00:00"
1216,"Bariya ","Patna Division","Gaya Road,Near Premalok Mission School, Bariya, District- Patna, Pinc dode- 800007",PATNA,BIHAR,800007,"Dipmala Kumari",,9262296935,NA,,"Mr.Shantanu Kanth(RIT)",BIHAR,7635093755,shantanu.kanth@utkarsh.bank,PO-22-11-011398,"Brother (Printer - LaserJet)","Brother- L2541DW",E73802H1Z928922,"ICON TN-2365","ICON DR 2365",,,1,0,0,0,"0000-00-00 00:00:00","0000-00-00 00:00:00","0000-00-00 00:00:00"
1216,"Bariya ","Patna Division","Gaya Road,Near Premalok Mission School, Bariya, District- Patna, Pinc dode- 800007",PATNA,BIHAR,800007,"Dipmala Kumari",,9262296935,NA,,"Mr.Shantanu Kanth(RIT)",BIHAR,7635093755,shantanu.kanth@utkarsh.bank,PO-22-11-011300,"Brother (Printer - LaserJet)","Brother- L2541DW",E73802K1N128833,"ICON TN-2365","ICON DR 2365",,,3,0,0,0,"0000-00-00 00:00:00","0000-00-00 00:00:00","0000-00-00 00:00:00"
1217,Dholi,"Patna Division","onal Office:- 2nd Floor,134-A, Patliputra Colony,Opposite Polytechnic Gate,Patna Bihar, PIN ? 800013",PATNA,BIHAR,800013,"Manish Kumar",,6207262235,NA,,"Mr.Shantanu Kanth(RIT)",BIHAR,7635093755,shantanu.kanth@utkarsh.bank,PO-22-08-010097,"Samsung (Printer - LaserJet)",MFD-SL-M2876ND,"CNB1L1DR10- ZD5HB8KK1C003FB",,,"ICON 116L (Toner)","ICON 116L (Drum Unit)",3,0,0,0,"0000-00-00 00:00:00","0000-00-00 00:00:00","0000-00-00 00:00:00"
1217,Dholi,"Patna Division","onal Office:- 2nd Floor,134-A, Patliputra Colony,Opposite Polytechnic Gate,Patna Bihar, PIN ? 800013",PATNA,BIHAR,800013,"Manish Kumar",,6207262235,NA,,"Mr.Shantanu Kanth(RIT)",BIHAR,7635093755,shantanu.kanth@utkarsh.bank,PO-23-05-017639,"Brother (Printer - LaserJet)","Brother- L2541DW",E73802A2N240826,"ICON TN-2365","ICON DR 2365",,,3,0.4,0,0,"0000-00-00 00:00:00","0000-00-00 00:00:00","0000-00-00 00:00:00"
1217,Dholi,"Patna Division","onal Office:- 2nd Floor,134-A, Patliputra Colony,Opposite Polytechnic Gate,Patna Bihar, PIN ? 800013",PATNA,BIHAR,800013,"Manish Kumar",,6207262235,NA,,"Mr.Shantanu Kanth(RIT)",BIHAR,7635093755,shantanu.kanth@utkarsh.bank,PO-22-11-011300,"EPSON (Printer - Inktank)","EPSON M3170 EPIL",X5TW011273,,,INK-005,"Maintaince Box",3,0.4,0,0,"0000-00-00 00:00:00","0000-00-00 00:00:00","0000-00-00 00:00:00"
1218,"Amravati Rural ","Amaravati Division","Lower Ground Floor, Shop no. 8, Plot No. 5, Survey No. 48/1, Gulshan Plaza, Rajapeth, Amravati, Maharashtra PIN 444601",AMRAVATI,MAHARASHTRA,444601,"Amit Ashok Bhende",,9665499930,NA,,"Mr. Rahul Chauhan (RIT) & Mr. Kamal (RIT)",MAHARASHTRA,7021828776/7525048585,rahul.chauhan1@utkarsh.bank,PO-22-11-011328,"Brother (Printer - LaserJet)","Brother- L2541DW",E73802A2N241079/E73802A2N241037,"ICON TN-2365","ICON DR 2365",,,3,0,0,0,"0000-00-00 00:00:00","0000-00-00 00:00:00","0000-00-00 00:00:00"
1218,"Amravati Rural ","Amaravati Division","Lower Ground Floor, Shop no. 8, Plot No. 5, Survey No. 48/1, Gulshan Plaza, Rajapeth, Amravati, Maharashtra PIN 444601",AMRAVATI,MAHARASHTRA,444601,"Amit Ashok Bhende",,9665499930,NA,,"Mr. Rahul Chauhan (RIT) & Mr. Kamal (RIT)",MAHARASHTRA,7021828776/7525048585,rahul.chauhan1@utkarsh.bank,"PO-23-09-021635 ","EPSON (Printer - Inktank)","EPSON M3170 EPIL",X5TW018809,,,INK-005,"Maintaince Box",3,0,0,0,"0000-00-00 00:00:00","0000-00-00 00:00:00","0000-00-00 00:00:00"
1218,"Amravati Rural ","Amaravati Division","Lower Ground Floor, Shop no. 8, Plot No. 5, Survey No. 48/1, Gulshan Plaza, Rajapeth, Amravati, Maharashtra PIN 444601",AMRAVATI,MAHARASHTRA,444601,"Amit Ashok Bhende",,9665499930,NA,,"Mr. Rahul Chauhan (RIT) & Mr. Kamal (RIT)",MAHARASHTRA,7021828776/7525048585,rahul.chauhan1@utkarsh.bank,PO-22-08-010102,"Samsung (Printer - LaserJet)",MFD-SL-M2876ND,ZD4GB8KJ2D002BV,,,"ICON 116L (Toner)","ICON 116L (Drum Unit)",3,0,0,0,"0000-00-00 00:00:00","0000-00-00 00:00:00","0000-00-00 00:00:00"
1218,"Amravati Rural ","Amaravati Division","Lower Ground Floor, Shop no. 8, Plot No. 5, Survey No. 48/1, Gulshan Plaza, Rajapeth, Amravati, Maharashtra PIN 444601",AMRAVATI,MAHARASHTRA,444601,"Amit Ashok Bhende",,9665499930,NA,,"Mr. Rahul Chauhan (RIT) & Mr. Kamal (RIT)",MAHARASHTRA,7021828776/7525048585,rahul.chauhan1@utkarsh.bank,PO-22-08-010102,"Samsung (Printer - LaserJet)",MFD-SL-M2876ND,CNB1L9S5ZR,,,"ICON 116L (Toner)","ICON 116L (Drum Unit)",3,0.4,0,0,"0000-00-00 00:00:00","0000-00-00 00:00:00","0000-00-00 00:00:00"
1218,"Amravati Rural ","Amaravati Division","Lower Ground Floor, Shop no. 8, Plot No. 5, Survey No. 48/1, Gulshan Plaza, Rajapeth, Amravati, Maharashtra PIN 444601",AMRAVATI,MAHARASHTRA,444601,"Amit Ashok Bhende",,9665499930,NA,,"Mr. Rahul Chauhan (RIT) & Mr. Kamal (RIT)",MAHARASHTRA,7021828776/7525048585,rahul.chauhan1@utkarsh.bank,PO-22-08-010102,"Samsung (Printer - LaserJet)",MFD-SL-M2876ND,CNB1L9M5KS,,,"ICON 116L (Toner)","ICON 116L (Drum Unit)",3,0.4,0,0,"0000-00-00 00:00:00","0000-00-00 00:00:00","0000-00-00 00:00:00"
1219,Morshi,Amarawati,"Plot No. 232,Near State Bank,Warud Road,Morshi,District ? Amravati,Maharashtra,Pin code ? 444905",AMRAVATI,MAHARASHTRA,444905,"Atish Shivprasadji Khairkar",,7722024982,bm.morshi@utkarsh.bank,,"Mr. Rahul Chauhan (RIT) & Mr. Kamal (RIT)",MAHARASHTRA,7021828776/7525048585,rahul.chauhan1@utkarsh.bank,PO-22-08-010102,"Samsung (Printer - LaserJet)",MFD-SL-M2876ND,CNB1L9M5KQ,,,"ICON 116L (Toner)","ICON 116L (Drum Unit)",3,0.4,0,0,"0000-00-00 00:00:00","0000-00-00 00:00:00","0000-00-00 00:00:00"
1219,Morshi,Amarawati,"Plot No. 232,Near State Bank,Warud Road,Morshi,District ? Amravati,Maharashtra,Pin code ? 444905",AMRAVATI,MAHARASHTRA,444905,"Atish Shivprasadji Khairkar",,7722024982,bm.morshi@utkarsh.bank,,"Mr. Rahul Chauhan (RIT) & Mr. Kamal (RIT)",MAHARASHTRA,7021828776/7525048585,rahul.chauhan1@utkarsh.bank,"PO-23-09-021635 ","EPSON (Printer - Inktank)","EPSON M3170 EPIL",X5TW014174,,,INK-005,"Maintaince Box",3,0.4,0,0,"0000-00-00 00:00:00","0000-00-00 00:00:00","0000-00-00 00:00:00"
1220,Warud,Amarawati," ,Ground Floor,Pandhurana Chauk,Near Ghotoli Hospital ,Warud,Dist,Amrawati,Maharashtra,Pin-444906",AMRAVATI,MAHARASHTRA,444906,"Chandrashekhar Bhoyar",,9284705863,bm.warud@utkarsh.bank,,"Mr. Rahul Chauhan (RIT) & Mr. Kamal (RIT)",MAHARASHTRA,7021828776/7525048585,rahul.chauhan1@utkarsh.bank,PO-22-08-010102,"Samsung (Printer - LaserJet)",MFD-SL-M2876ND,CNB1L9M5L2,,,"ICON 116L (Toner)","ICON 116L (Drum Unit)",3,0.4,0,0,"0000-00-00 00:00:00","0000-00-00 00:00:00","0000-00-00 00:00:00"
1220,Warud,Amarawati," ,Ground Floor,Pandhurana Chauk,Near Ghotoli Hospital ,Warud,Dist,Amrawati,Maharashtra,Pin-444906",AMRAVATI,MAHARASHTRA,444906,"Chandrashekhar Bhoyar",,9284705863,bm.warud@utkarsh.bank,,"Mr. Rahul Chauhan (RIT) & Mr. Kamal (RIT)",MAHARASHTRA,7021828776/7525048585,rahul.chauhan1@utkarsh.bank,PO-22-01-013026,"Brother (Printer - LaserJet)","Brother- L2541DW",E73802J1N976368,"ICON TN-2365","ICON DR 2365",,,3,0.4,0,0,"0000-00-00 00:00:00","0000-00-00 00:00:00","0000-00-00 00:00:00"
1221,Achalpur,Amarawati," Ground Floor,Vidarbh Mill Colony,Amrawati Road,Paratwada,Achalpur,Dist-Amrawati,Maharashtra,Pin-444805",AMRAVATI,MAHARASHTRA,444805,"Yashwant Chauhan?",,9096081326,Bm.achalpur@utkarsh.bank,,"Mr. Rahul Chauhan (RIT) & Mr. Kamal (RIT)",MAHARASHTRA,7021828776/7525048585,rahul.chauhan1@utkarsh.bank,PO-22-08-010102,"Samsung (Printer - LaserJet)",MFD-SL-M2876ND,CNB1L9V5N4,,,"ICON 116L (Toner)","ICON 116L (Drum Unit)",3,0.4,0,0,"0000-00-00 00:00:00","0000-00-00 00:00:00","0000-00-00 00:00:00"
1222,Pulgaon,Wardha,"Ground Floor,Panchdhara Road Sudarshn Nagar,Pulgaon. Dist. Wardha. Maharastra. India, PIN ? 442302",WARDHA,MAHARASHTRA,442302,"Praful Shioramji Bhisikar",,8381066915,bm.pulgaon@utkarsh.bank,,"Mr. Rahul Chauhan (RIT) & Mr. Kamal (RIT)",MAHARASHTRA,7021828776/7525048585,rahul.chauhan1@utkarsh.bank,PO-22-08-010102,"Samsung (Printer - LaserJet)",MFD-SL-M2876ND,CNB1L9V5KR,,,"ICON 116L (Toner)","ICON 116L (Drum Unit)",3,0.4,0,0,"0000-00-00 00:00:00","0000-00-00 00:00:00","0000-00-00 00:00:00"
1223,Dhamangaon,Wardha," Ground Floor,Kale Heights,Near LIC Office Lonavat Nagar,Dhamangaon.Dist-Amravati PIN-444709",AMRAVATI,MAHARASHTRA,444709,"Gunwant Wamanrao Kshirsaga",,9764030956,bm.dhamangaon@utkarsh.bank,,"Mr. Rahul Chauhan (RIT) & Mr. Kamal (RIT)",MAHARASHTRA,7021828776/7525048585,rahul.chauhan1@utkarsh.bank,PO-22-08-010102,"Samsung (Printer - LaserJet)",MFD-SL-M2876ND,CNB1L9V5MZ,,,"ICON 116L (Toner)","ICON 116L (Drum Unit)",3,0.4,0,0,"0000-00-00 00:00:00","0000-00-00 00:00:00","0000-00-00 00:00:00"
1224,"Chandur Railway",Wardha,"Ground Floor,Near Bank of India,Ramnagar Chokhat Complex, Chandur Railway, Dist- Amravati, Pin code- 444904",AMRAVATI,MAHARASHTRA,444904,"Sujit Rathod",,8379002779,bm.chandurrailway@utkarsh.bank,,"Mr. Rahul Chauhan (RIT) & Mr. Kamal (RIT)",MAHARASHTRA,7021828776/7525048585,rahul.chauhan1@utkarsh.bank,PO-22-08-010102,"Samsung (Printer - LaserJet)",MFD-SL-M2876ND,CNB1L9M5KW,,,"ICON 116L (Toner)","ICON 116L (Drum Unit)",3,0.4,0,0,"0000-00-00 00:00:00","0000-00-00 00:00:00","0000-00-00 00:00:00"
1225,"Barara ","Barara "," House No. 40/4,Near Gov. Shcool,Barara,District - Ambala,Haryana,Pin code ? 133201",AMBALA,HARYANA,133201,SHIVANI,,7206380933,bm.barara@utkarsh.bank,,"Mr.Haidar Ali (RIT)","UTTAR PRADESH",8090554271,"haidar,ali@utkarsh.bank",PO-22-9-010098,"Samsung (Printer - LaserJet)",MFD-SL-M2876ND,ZD5HB8KJ8F0290,,,"ICON 116L (Toner)","ICON 116L (Drum Unit)",3,0.4,0,0,"0000-00-00 00:00:00","0000-00-00 00:00:00","0000-00-00 00:00:00"
1226,"Kurukshetra ","Kurukshetra ","Railway Road,Near CBI Bank,Gol Bank chowk,Kurukshetra Dist- Kurukshetra, Haryana, Pin code-136118",KURUKSHETRA,HARYANA,136118,DINESH,,7318016362,bm.kurukshetra@utkarsh.bank,,"Mr.Haidar Ali (RIT)","UTTAR PRADESH",8090554271,"haidar,ali@utkarsh.bank",PO-23-05-017643,"EPSON (Printer - Inktank)","EPSON M3170 EPIL",X5TW012465,,,INK-005,"Maintaince Box",3,0.4,0,0,"0000-00-00 00:00:00","0000-00-00 00:00:00","0000-00-00 00:00:00"
1226,"Kurukshetra ","Kurukshetra ","Railway Road,Near CBI Bank,Gol Bank chowk,Kurukshetra Dist- Kurukshetra, Haryana, Pin code-136118",KURUKSHETRA,HARYANA,136118,DINESH,,7318016362,bm.kurukshetra@utkarsh.bank,,"Mr.Haidar Ali (RIT)","UTTAR PRADESH",8090554271,"haidar,ali@utkarsh.bank",PO-22-9-010098,"Samsung (Printer - LaserJet)",MFD-SL-M2876ND,ZD5HB8KJ8F025NH,,,"ICON 116L (Toner)","ICON 116L (Drum Unit)",3,0.4,0,0,"0000-00-00 00:00:00","0000-00-00 00:00:00","0000-00-00 00:00:00"
1227,Shahdol,"Shahdol Division","SHIVAM KALONI KOTMA TIRAHA SAHDOL MADHYA PRADESH INDIA PIN-484001, SHAHDOL, Shahdol-1227, 484001",SHAHDOL,"MADHYA PRADESH",484001,"Saurabh Singh",,9993705370,NA,,"Mr. Neelish Soni (RIT)","MADHYA PRADESH",8090654540,neelesh.soni@utkarsh.bank,PO-23-12-025501,"Kyocera (Printer - LaserJet)","Kyocera FS 2040 DN",VYB2X14158,"ICON TK-1178",DK-1150,,,3,0,0,0,"0000-00-00 00:00:00","0000-00-00 00:00:00","0000-00-00 00:00:00"
1227,Shahdol,"Shahdol Division","SHIVAM KALONI KOTMA TIRAHA SAHDOL MADHYA PRADESH INDIA PIN-484001, SHAHDOL, Shahdol-1227, 484001",SHAHDOL,"MADHYA PRADESH",484001,"Saurabh Singh",,9993705370,NA,,"Mr. Neelish Soni (RIT)","MADHYA PRADESH",8090654540,neelesh.soni@utkarsh.bank,PO-24-09-010101,"Samsung (Printer - LaserJet)",MFD-SL-M2876ND,"ZD5HB8KKCC00V0D- CNB1L9V6N9",,,"ICON 116L (Toner)","ICON 116L (Drum Unit)",3,0,0,0,"0000-00-00 00:00:00","0000-00-00 00:00:00","0000-00-00 00:00:00"
1228,Burhar,Katni,"Near New Lakshya ITI Collage Dhanpuri Road,Burhar, Dist- Shahdol, Madhya Pradesh, Pin code-484114",SHAHDOL,"MADHYA PRADESH",484114,"Shravan Kumar Pandey",,7470414282,bm.burhar@utkarsh.bank,,"Mr. Neelish Soni (RIT)","MADHYA PRADESH",8090654540,neelesh.soni@utkarsh.bank,PO-24-09-010101,"Samsung (Printer - LaserJet)",MFD-SL-M2876ND,ZD5HB8KJ8C00B9F,,,"ICON 116L (Toner)","ICON 116L (Drum Unit)",3,0.4,0,0,"0000-00-00 00:00:00","0000-00-00 00:00:00","0000-00-00 00:00:00"
1229,"Anuppur ","Shahdol Division",",Ground Floor,Behind Suryoday Hotel Railway Crossing  Anuppur , Satna  M.P. Pin code-484224",ANUPPUR,"MADHYA PRADESH",484224,"Abhilesh Kumar Kachhi",,7582099203/8770124194,NA,,"Mr. Neelish Soni (RIT)","MADHYA PRADESH",8090654540,neelesh.soni@utkarsh.bank,PO-24-09-010101,"Samsung (Printer - LaserJet)",MFD-SL-M2876ND,ZD5HB8KK1C002KK-CNB1L1DR02,,,"ICON 116L (Toner)","ICON 116L (Drum Unit)",3,0,0,0,"0000-00-00 00:00:00","0000-00-00 00:00:00","0000-00-00 00:00:00"
1230,"Chandur Bazar",Amarawati,"Plot No. 13, Praladhpur Bhaktidham Mandir Ke Pass, Chandur Bazar, Tah. Chandur Bazar Dist. Amravati,?Maharashtra, India-444704",AMRAVATI,MAHARASHTRA,444704,"Sandeep Ashok Wadawale",,9049965615,bm.chandurbazar@utkarsh.bank,,"Mr. Rahul Chauhan (RIT) & Mr. Kamal (RIT)",MAHARASHTRA,7021828776/7525048585,rahul.chauhan1@utkarsh.bank,PO-22-08-010102,"Samsung (Printer - LaserJet)",MFD-SL-M2876ND,CNB1L9V5N3,,,"ICON 116L (Toner)","ICON 116L (Drum Unit)",3,0.4,0,0,"0000-00-00 00:00:00","0000-00-00 00:00:00","0000-00-00 00:00:00"
1231,Samastipur,"Samastipur Division"," Near Petrol Pump,Dadpur,Chaknaur,Rahmatpur,District - Samsatipur,Bihar,Pin code ? 848101",SAMASTIPUR,BIHAR,848101,"Sushant Kumar",,8709949758,NA,,"Mr.Priyatam Kumar Singh(RIT)",BIHAR,9504342712,priyatam.singh@utkarsh.bank,PO-22-08-010097,"Samsung (Printer - LaserJet)",MFD-SL-M2876ND,CNB1L9M5KK,,,"ICON 116L (Toner)","ICON 116L (Drum Unit)",3,0,0,0,"0000-00-00 00:00:00","0000-00-00 00:00:00","0000-00-00 00:00:00"
1231,Samastipur,"Samastipur Division"," Near Petrol Pump,Dadpur,Chaknaur,Rahmatpur,District - Samsatipur,Bihar,Pin code ? 848101",SAMASTIPUR,BIHAR,848101,"Sushant Kumar",,8709949758,NA,,"Mr.Priyatam Kumar Singh(RIT)",BIHAR,9504342712,priyatam.singh@utkarsh.bank,PO-22-11-011300,"Brother (Printer - LaserJet)","Brother- L2541DW",E73802J1N976396,"ICON TN-2365","ICON DR 2365",,,3,0.4,0,0,"0000-00-00 00:00:00","0000-00-00 00:00:00","0000-00-00 00:00:00"
1231,Samastipur,"Samastipur Division"," Near Petrol Pump,Dadpur,Chaknaur,Rahmatpur,District - Samsatipur,Bihar,Pin code ? 848101",SAMASTIPUR,BIHAR,848101,"Sushant Kumar",,8709949758,NA,,"Mr.Priyatam Kumar Singh(RIT)",BIHAR,9504342712,priyatam.singh@utkarsh.bank,PO-23-05-017639,"EPSON (Printer - Inktank)","EPSON M3170 EPIL",X5TW012449,,,INK-005,"Maintaince Box",3,0.4,0,0,"0000-00-00 00:00:00","0000-00-00 00:00:00","0000-00-00 00:00:00"
1232,Mahua,"Vaishali Division","Mauza Singharai,Paragana-BisaraP.S.Mahua,Muzaffarpur RoadDistract-Vaishali,State- BiharPin code- 844122, VAISHALI, Mahua-1232, 844122",VAISHALI,BIHAR,844122,"Neeraj Kumar Thakur",,6200790033,NA,,"Mr.Ajeet Kumar(RIT)",BIHAR,9608953407,ajeet.kumar@utkarsh.bank,PO-22-08-010097,"Samsung (Printer - LaserJet)",MFD-SL-M2876ND,"CNB3KDK7P2- ZD5HB8KJCF01HBZ",,,"ICON 116L (Toner)","ICON 116L (Drum Unit)",3,0,0,0,"0000-00-00 00:00:00","0000-00-00 00:00:00","0000-00-00 00:00:00"
1232,Mahua,"Vaishali Division","Mauza Singharai,Paragana-BisaraP.S.Mahua,Muzaffarpur RoadDistract-Vaishali,State- BiharPin code- 844122, VAISHALI, Mahua-1232, 844122",VAISHALI,BIHAR,844122,"Neeraj Kumar Thakur",,6200790033,NA,,"Mr.Ajeet Kumar(RIT)",BIHAR,9608953407,ajeet.kumar@utkarsh.bank,PO-22-11-011398,"Brother (Printer - LaserJet)","Brother- L2541DW",E73802G1N910447,"ICON TN-2365","ICON DR 2365",,,1,0,0,0,"0000-00-00 00:00:00","0000-00-00 00:00:00","0000-00-00 00:00:00"
1233,Uradha,Uradha," Main Road Barni,Near PP Public School,Masaurhi,District ? Patna,Bihar,Pin code ? 804452",JEHANABAD,BIHAR,804452,"Mamta Kumari ",,9471930180,NA,,"Mr.Shantanu Kanth(RIT)",BIHAR,7635093755,shantanu.kanth@utkarsh.bank,PO-22-08-010097,"Samsung (Printer - LaserJet)",MFD-SL-M2876ND,CNB3KDK4FV,,,"ICON 116L (Toner)","ICON 116L (Drum Unit)",3,0,0,0,"0000-00-00 00:00:00","0000-00-00 00:00:00","0000-00-00 00:00:00"
1234,"Auta (Mokama)","Auta (Mokama)"," Aouta raghuram ,Mahavir Asthaan chowk,Mokamaha Ghaat,Auta,District ? Patna,Pin Code ? 803303",PATNA,BIHAR,803303,"Gopal Pandey",,9565529143,NA,,"Mr.Shantanu Kanth(RIT)",BIHAR,7635093755,shantanu.kanth@utkarsh.bank,PO-22-08-010097,"Samsung (Printer - LaserJet)",MFD-SL-M2876ND,CNB2L7DJ7B,,,"ICON 116L (Toner)","ICON 116L (Drum Unit)",3,0,0,0,"0000-00-00 00:00:00","0000-00-00 00:00:00","0000-00-00 00:00:00"
1235,Chandi,Chandi," Jaiyati More,Hilsa Road,Omshanti Bhawan,Chandi,District - Nalanda,Bihar,Pin code ? 803108",NALANDA,BIHAR,803108,"Dilshad Jahan",,8210884205,NA,,"Mr.kuldip Kumar (RIT)",BIHAR,9511133885,kuldip.kumar@utkarsh.bank,PO-22-08-010097,"Samsung (Printer - LaserJet)",MFD-SL-M2876ND,CNB1L9M5KX,,,"ICON 116L (Toner)","ICON 116L (Drum Unit)",3,0,0,0,"0000-00-00 00:00:00","0000-00-00 00:00:00","0000-00-00 00:00:00"
1236,"Naraingarh ","Naraingarh "," Near Vishvakarma Chauk,Opposite Bank of Baroda,Naraingarh,District - Ambala,Haryana,Pin code - 134203",AMBALA,HARYANA,134203,"MOHAN KRISHAN",,9728713720,bm.naraingarh@utkarsh.bank,,"Mr.Haidar Ali (RIT)","UTTAR PRADESH",8090554271,"haidar,ali@utkarsh.bank",PO-22-9-010098,"Samsung (Printer - LaserJet)",MFD-SL-M2876ND,ZD5HB8KJ8F029Y,,,"ICON 116L (Toner)","ICON 116L (Drum Unit)",3,0.4,0,0,"0000-00-00 00:00:00","0000-00-00 00:00:00","0000-00-00 00:00:00"
1237,Mehdawal,"Basti Division","Muhalla Thakurdwora,Ward No 1Mehdawal Sant Kabir Nagar DistSant KabirNagar Uttar PradeshPin code-272271, SANT KABIR NAGAR, Mehdawal-1237,
272271","SANT KABEER NAGAR","UTTAR PRADESH",272271,"Ravi Shanker Singh",,9555839374,NA,,"Mr.Haidar Ali (RIT)","UTTAR PRADESH",8090554271,"haidar,ali@utkarsh.bank",PO-23-04-016383,"Samsung (Printer - LaserJet)",MFD-SL-M2876ND,CNB2KC8FB1,,,"ICON 116L (Toner)","ICON 116L (Drum Unit)",3,0,0,0,"0000-00-00 00:00:00","0000-00-00 00:00:00","0000-00-00 00:00:00"
1237,Mehdawal,"Basti Division","Muhalla Thakurdwora,Ward No 1Mehdawal Sant Kabir Nagar DistSant KabirNagar Uttar PradeshPin code-272271, SANT KABIR NAGAR, Mehdawal-1237,
272271","SANT KABEER NAGAR","UTTAR PRADESH",272271,"Ravi Shanker Singh",,9555839374,NA,,"Mr.Haidar Ali (RIT)","UTTAR PRADESH",8090554271,"haidar,ali@utkarsh.bank",PO-22-11-011402,"HP (Printer - LaserJet)","HP-M226DW- MFP",CNBRPBFFWK,,,"ICON 88A",,1,0,0,0,"0000-00-00 00:00:00","0000-00-00 00:00:00","0000-00-00 00:00:00"
1237,Mehdawal,"Basti Division","Muhalla Thakurdwora,Ward No 1Mehdawal Sant Kabir Nagar DistSant KabirNagar Uttar PradeshPin code-272271, SANT KABIR NAGAR, Mehdawal-1237,
272271","SANT KABEER NAGAR","UTTAR PRADESH",272271,"Ravi Shanker Singh",,9555839374,NA,,"Mr.Haidar Ali (RIT)","UTTAR PRADESH",8090554271,"haidar,ali@utkarsh.bank",PO-23-07-019634,"EPSON (Printer - Inktank)","EPSON M3170 EPIL",X5TW015775,,,INK-005,"Maintaince Box",3,0,0,0,"0000-00-00 00:00:00","0000-00-00 00:00:00","0000-00-00 00:00:00"
1238,Warisaliganj,Warisaliganj," Near B.K Sahu Collage,Balwapar,Warsaliganj,District ? Nawada,Bihar,Pin Code ? 805130",NAWADA,BIHAR,805130,"Raja Kumar",,7979878745,NA,,"Mr.Priyatam Kumar Singh(RIT)",BIHAR,9504342712,priyatam.singh@utkarsh.bank,PO-22-08-010097,"Samsung (Printer - LaserJet)",MFD-SL-M2876ND,CNB1L9W6FP,,,"ICON 116L (Toner)","ICON 116L (Drum Unit)",3,0,0,0,"0000-00-00 00:00:00","0000-00-00 00:00:00","0000-00-00 00:00:00"
1239,Akbarpur,"Nawadha Division","First floor,Fatehpur Road,Near Dihi Petrol pump,Rajahat dihi,akhbarpur District ? Nawada,
Bihar , Pin Code - 805126",NAWADA,BIHAR,805126,"Deepak Raj",,9693666746,NA,,"Mr.Priyatam Kumar Singh(RIT)",BIHAR,9504342712,priyatam.singh@utkarsh.bank,PO-22-08-010097,"Samsung (Printer - LaserJet)",MFD-SL-M2876ND,"CNB1L9W6F5- ZD5HB8KK9D03Z4T",,,"ICON 116L (Toner)","ICON 116L (Drum Unit)",3,0,0,0,"0000-00-00 00:00:00","0000-00-00 00:00:00","0000-00-00 00:00:00"
1239,Akbarpur,"Nawadha Division","First floor,Fatehpur Road,Near Dihi Petrol pump,Rajahat dihi,akhbarpur District ? Nawada,
Bihar , Pin Code - 805126",NAWADA,BIHAR,805126,"Deepak Raj",,9693666746,NA,,"Mr.Priyatam Kumar Singh(RIT)",BIHAR,9504342712,priyatam.singh@utkarsh.bank,PO-23-05-017639,"EPSON (Printer - Inktank)","EPSON M3170 EPIL",X5TW012450,,,INK-005,"Maintaince Box",3,0,0,0,"0000-00-00 00:00:00","0000-00-00 00:00:00","0000-00-00 00:00:00"
1240,"Dahaur (Barh)","Nalanda Division","Vill-Jal Govind P.S.Barh ParaganaGeyaspur Near PNB Post OfficeAchuara

Dahour-Dist Patna StateBihar, Pin Code 803213, PATNA, Dahaur Erstwhile-
Barh-1240, 803213",NALANDA,BIHAR,803213,"GOUTAM KUMAR",,9935803950,NA,,"Mr.kuldip Kumar (RIT)",BIHAR,9511133885,kuldip.kumar@utkarsh.bank,PO-22-08-010097,"Samsung (Printer - LaserJet)",MFD-SL-M2876ND,CNB2L7DJ79,,,"ICON 116L (Toner)","ICON 116L (Drum Unit)",3,0,0,0,"0000-00-00 00:00:00","0000-00-00 00:00:00","0000-00-00 00:00:00"
1240,"Dahaur (Barh)","Nalanda Division","Vill-Jal Govind P.S.Barh ParaganaGeyaspur Near PNB Post OfficeAchuara

Dahour-Dist Patna StateBihar, Pin Code 803213, PATNA, Dahaur Erstwhile-
Barh-1240, 803213",NALANDA,BIHAR,803213,"GOUTAM KUMAR",,9935803950,NA,,"Mr.kuldip Kumar (RIT)",BIHAR,9511133885,kuldip.kumar@utkarsh.bank,PO-23-07-019349,"EPSON (Printer - Inktank)","EPSON M3170 EPIL",X5TW020909,,,INK-005,"Maintaince Box",3,0,0,0,"0000-00-00 00:00:00","0000-00-00 00:00:00","0000-00-00 00:00:00"
1241,"Mahesh Nagar, Ambala ","Mahesh Nagar, Ambala "," Near Obroy sweets,Bramha Kumari Chauk,Mahesh Nagar,Ambala,Dist- Ambala,Haryana,Pin code ? 135004",YAMUNANAGAR,HARYANA,135004,SONU,,9518692621,"bm.mahesh nagar, ambala@utkarsh.bank",,"Mr.Haidar Ali (RIT)","UTTAR PRADESH",8090554271,"haidar,ali@utkarsh.bank",PO-22-9-010098,"Samsung (Printer - LaserJet)",MFD-SL-M2876ND,ZD5HB8KJ8F02A2,,,"ICON 116L (Toner)","ICON 116L (Drum Unit)",3,0.4,0,0,"0000-00-00 00:00:00","0000-00-00 00:00:00","0000-00-00 00:00:00"
1242,"Dalsingh Sarai","Samastipur Division"," Ujjval Bhavan,Shiv Shakti Palace Kali Chowk,Dalsingh Sarai,District - Samstipur,Bihar Pin code ? 848114",SAMASTIPUR,BIHAR,848114,"Kundan Kumar",,7631964321,NA,,"Mr.Priyatam Kumar Singh(RIT)",BIHAR,9504342712,priyatam.singh@utkarsh.bank,PO-22-08-010097,"Samsung (Printer - LaserJet)",MFD-SL-M2876ND,CNB3M491DD,,,"ICON 116L (Toner)","ICON 116L (Drum Unit)",3,0,0,0,"0000-00-00 00:00:00","0000-00-00 00:00:00","0000-00-00 00:00:00"
1242,"Dalsingh Sarai","Samastipur Division"," Ujjval Bhavan,Shiv Shakti Palace Kali Chowk,Dalsingh Sarai,District - Samstipur,Bihar Pin code ? 848114",SAMASTIPUR,BIHAR,848114,"Kundan Kumar",,7631964321,NA,,"Mr.Priyatam Kumar Singh(RIT)",BIHAR,9504342712,priyatam.singh@utkarsh.bank,PO-22-01-013018,"Brother (Printer - LaserJet)","Brother- L2541DW",E73802J1N976346,"ICON TN-2365","ICON DR 2365",,,3,0.4,0,0,"0000-00-00 00:00:00","0000-00-00 00:00:00","0000-00-00 00:00:00"
1242,"Dalsingh Sarai","Samastipur Division"," Ujjval Bhavan,Shiv Shakti Palace Kali Chowk,Dalsingh Sarai,District - Samstipur,Bihar Pin code ? 848114",SAMASTIPUR,BIHAR,848114,"Kundan Kumar",,7631964321,NA,,"Mr.Priyatam Kumar Singh(RIT)",BIHAR,9504342712,priyatam.singh@utkarsh.bank,PO-22-11-011300,"Brother (Printer - LaserJet)","Brother- L2541DW",E73802J1N976398,"ICON TN-2365","ICON DR 2365",,,3,0.4,0,0,"0000-00-00 00:00:00","0000-00-00 00:00:00","0000-00-00 00:00:00"
1243,Atraulia,Azamgarh,"Bhorajpur Kalan,Haidarpur Road,Atraulia,District ? Azamgarh,Uttar Pradesh,Pin code ? 223223",AZAMGARH,"UTTAR PRADESH",223223,"Nandnarayan ",,7459810910,bm.atraulia@utkarsh.bank,,"Mr.Haidar Ali (RIT)","UTTAR PRADESH",8090554271,"haidar,ali@utkarsh.bank",PO-23-11-023335,"HP (Printer - LaserJet)","HP-M226DW- MFP",X5TW011659,,,"ICON 88A",,3,0.4,0,0,"0000-00-00 00:00:00","0000-00-00 00:00:00","0000-00-00 00:00:00"
1243,Atraulia,Azamgarh,"Bhorajpur Kalan,Haidarpur Road,Atraulia,District ? Azamgarh,Uttar Pradesh,Pin code ? 223223",AZAMGARH,"UTTAR PRADESH",223223,"Nandnarayan ",,7459810910,bm.atraulia@utkarsh.bank,,"Mr.Haidar Ali (RIT)","UTTAR PRADESH",8090554271,"haidar,ali@utkarsh.bank",PO-23-07-019634,"EPSON (Printer - Inktank)","EPSON M3170 EPIL",X5TW019641,,,INK-005,"Maintaince Box",3,0,0,0,"0000-00-00 00:00:00","0000-00-00 00:00:00","0000-00-00 00:00:00"
1243,Atraulia,Azamgarh,"Bhorajpur Kalan,Haidarpur Road,Atraulia,District ? Azamgarh,Uttar Pradesh,Pin code ? 223223",AZAMGARH,"UTTAR PRADESH",223223,"Nandnarayan ",,7459810910,bm.atraulia@utkarsh.bank,,"Mr.Haidar Ali (RIT)","UTTAR PRADESH",8090554271,"haidar,ali@utkarsh.bank",PO-23-04-016383,"Samsung (Printer - LaserJet)",MFD-SL-M2876ND,ZD5HB8KJ7F006A,,,"ICON 116L (Toner)","ICON 116L (Drum Unit)",3,0,0,0,"0000-00-00 00:00:00","0000-00-00 00:00:00","0000-00-00 00:00:00"
1244,Basantpur,Basantpur,"Branch Office :Guraru Ahiapur Road,Near Railway Gumanti, Gaya, Bihar 824118",GAYA,BIHAR,824118,"Nitesh Kumar/Pintu",,7651921401,NA,,"Mr.Priyatam Kumar Singh(RIT)",BIHAR,9504342712,priyatam.singh@utkarsh.bank,PO-23-11-024233,"EPSON (Printer - Inktank)","EPSON M3170 EPIL",X5TW018705,,,INK-005,"Maintaince Box",3,0,0,0,"0000-00-00 00:00:00","0000-00-00 00:00:00","0000-00-00 00:00:00"
1244,Basantpur,Basantpur,"Branch Office :Guraru Ahiapur Road,Near Railway Gumanti, Gaya, Bihar 824118",GAYA,BIHAR,824118,"Nitesh Kumar/Pintu",,7651921401,NA,,"Mr.Priyatam Kumar Singh(RIT)",BIHAR,9504342712,priyatam.singh@utkarsh.bank,PO-22-08-010097,"Samsung (Printer - LaserJet)",MFD-SL-M2876ND,ZD5HB8KJ8F02BEA,,,"ICON 116L (Toner)","ICON 116L (Drum Unit)",3,0,0,0,"0000-00-00 00:00:00","0000-00-00 00:00:00","0000-00-00 00:00:00"
1245,Harraiya,"Darshan Nagar","Ugrasen Nagar,Muradipur,Harraiya,District ? Basti,Uttar Pradesh,Pin code ? 272155",BASTI,"UTTAR PRADESH",272155,"Birendra Singh",,7525806377,bm.harriya@utkarsh.bank,,"Mr.Haidar Ali (RIT)","UTTAR PRADESH",8090554271,"haidar,ali@utkarsh.bank",PO-23-11-023335,"EPSON (Printer - Inktank)","EPSON M3170 EPIL",X5TW011292,,,INK-005,"Maintaince Box",3,0.4,0,0,"0000-00-00 00:00:00","0000-00-00 00:00:00","0000-00-00 00:00:00"
1245,Harraiya,"Darshan Nagar","Ugrasen Nagar,Muradipur,Harraiya,District ? Basti,Uttar Pradesh,Pin code ? 272155",BASTI,"UTTAR PRADESH",272155,"Birendra Singh",,7525806377,bm.harriya@utkarsh.bank,,"Mr.Haidar Ali (RIT)","UTTAR PRADESH",8090554271,"haidar,ali@utkarsh.bank",PO-23-04-016383,"Samsung (Printer - LaserJet)",MFD-SL-M2876ND,ZD5HB8KJ8F0231,,,"ICON 116L (Toner)","ICON 116L (Drum Unit)",3,0,0,0,"0000-00-00 00:00:00","0000-00-00 00:00:00","0000-00-00 00:00:00"
1246,"Narela ","Patna Division","Zonal Office:- 2nd Floor,134-A, Patliputra Colony,Opposite Polytechnic Gate,Patna Bihar, PIN ? 800013",PATNA,BIHAR,800013,"Saurav Kumar",,8840344281,NA,,"Mr.Shantanu Kanth(RIT)",BIHAR,7635093755,shantanu.kanth@utkarsh.bank,PO-22-08-010097,"Samsung (Printer - LaserJet)",MFD-SL-M2876ND,CNB1KCBMXJ,,,"ICON 116L (Toner)","ICON 116L (Drum Unit)",3,0,0,0,"0000-00-00 00:00:00","0000-00-00 00:00:00","0000-00-00 00:00:00"
1246,"Narela ","Patna Division","Zonal Office:- 2nd Floor,134-A, Patliputra Colony,Opposite Polytechnic Gate,Patna Bihar, PIN ? 800013",PATNA,BIHAR,800013,"Saurav Kumar",,8840344281,NA,,"Mr.Shantanu Kanth(RIT)",BIHAR,7635093755,shantanu.kanth@utkarsh.bank,PO-22-12-012413,"HP (Printer - LaserJet)","HP-M226DW- MFP",CNBRPBFF9,,,"ICON 88A",,3,0,0,0,"0000-00-00 00:00:00","0000-00-00 00:00:00","0000-00-00 00:00:00"
1246,"Narela ","Patna Division","Zonal Office:- 2nd Floor,134-A, Patliputra Colony,Opposite Polytechnic Gate,Patna Bihar, PIN ? 800013",PATNA,BIHAR,800013,"Saurav Kumar",,8840344281,NA,,"Mr.Shantanu Kanth(RIT)",BIHAR,7635093755,shantanu.kanth@utkarsh.bank,PO-22-12-012413,"HP (Printer - LaserJet)","HP-M226DW- MFP",CNBRPBFFP9,,,"ICON 88A",,3,0,0,0,"0000-00-00 00:00:00","0000-00-00 00:00:00","0000-00-00 00:00:00"
1247,Iltifatganj,"Darshan Nagar","Main Road,Gigna,Tanda,Iltfatganj,District - Ambedakar Nagar,Uttar Pradesh,Pin code ? 224145","AMBEDKAR NAGAR","UTTAR PRADESH",224145,"Vikas Kumar Upadhyay",,7234901330,abm.iltifatganj@utkarsh.bank,,"Mr.Haidar Ali (RIT)","UTTAR PRADESH",8090554271,"haidar,ali@utkarsh.bank",PO-22-11-011402,"HP (Printer - LaserJet)","HP-M226DW- MFP",CNBRPBFGM7,,,"ICON 88A",,1,0,0,0,"0000-00-00 00:00:00","0000-00-00 00:00:00","0000-00-00 00:00:00"
1247,Iltifatganj,"Darshan Nagar","Main Road,Gigna,Tanda,Iltfatganj,District - Ambedakar Nagar,Uttar Pradesh,Pin code ? 224145","AMBEDKAR NAGAR","UTTAR PRADESH",224145,"Vikas Kumar Upadhyay",,7234901330,abm.iltifatganj@utkarsh.bank,,"Mr.Haidar Ali (RIT)","UTTAR PRADESH",8090554271,"haidar,ali@utkarsh.bank",PO-23-07-019634,"EPSON (Printer - Inktank)","EPSON M3170 EPIL",X5TW018437,,,INK-005,"Maintaince Box",3,0,0,0,"0000-00-00 00:00:00","0000-00-00 00:00:00","0000-00-00 00:00:00"
1247,Iltifatganj,"Darshan Nagar","Main Road,Gigna,Tanda,Iltfatganj,District - Ambedakar Nagar,Uttar Pradesh,Pin code ? 224145","AMBEDKAR NAGAR","UTTAR PRADESH",224145,"Vikas Kumar Upadhyay",,7234901330,abm.iltifatganj@utkarsh.bank,,"Mr.Haidar Ali (RIT)","UTTAR PRADESH",8090554271,"haidar,ali@utkarsh.bank",PO-23-04-016383,"Samsung (Printer - LaserJet)",MFD-SL-M2876ND,ZD5HB8KJ8F02AQN,,,"ICON 116L (Toner)","ICON 116L (Drum Unit)",3,0,0,0,"0000-00-00 00:00:00","0000-00-00 00:00:00","0000-00-00 00:00:00"
1248,Barbigha,"Nawadha Division"," NH-31,Near Bharat petrol pump,Hatia Mode,Sharma sadan,SBI ATM Building,Barbigha,District,Sheikpura,Bihar,Pin Code ? 811101",SHEIKHPURA,BIHAR,811101,"Paras Kumar",,9110079968,NA,,"Mr.Ajeet Kumar(RIT)",BIHAR,9608953407,ajeet.kumar@utkarsh.bank,PO-22-08-010097,"Samsung (Printer - LaserJet)",MFD-SL-M2876ND,CNB1L9W6F9,,,"ICON 116L (Toner)","ICON 116L (Drum Unit)",3,0,0,0,"0000-00-00 00:00:00","0000-00-00 00:00:00","0000-00-00 00:00:00"
1248,Barbigha,"Nawadha Division"," NH-31,Near Bharat petrol pump,Hatia Mode,Sharma sadan,SBI ATM Building,Barbigha,District,Sheikpura,Bihar,Pin Code ? 811101",SHEIKHPURA,BIHAR,811101,"Paras Kumar",,9110079968,NA,,"Mr.Ajeet Kumar(RIT)",BIHAR,9608953407,ajeet.kumar@utkarsh.bank,PO-23-11-023330,"EPSON (Printer - Inktank)","EPSON M3170 EPIL",X5TW015343,,,INK-005,"Maintaince Box",3,0,0,0,"0000-00-00 00:00:00","0000-00-00 00:00:00","0000-00-00 00:00:00"
1249,"Akbarpur UP","Darshan Nagar","Iltifatganj Road,Near Railway crosing,Mohseenpur,Akabarpur,Distrcit ? Akabarpur,Uttar Pradesh,Pin code ? 224122","AMBEDKAR NAGAR","UTTAR PRADESH",224122,"Dilip Kumar",,7398274808,bm.akbarpurup@utkarsh.bank,,"Mr.Haidar Ali (RIT)","UTTAR PRADESH",8090554271,"haidar,ali@utkarsh.bank",PO-23-11-023591,"EPSON (Printer - Inktank)","EPSON M3170 EPIL",X5TW013172,,,INK-005,"Maintaince Box",3,0.4,0,0,"0000-00-00 00:00:00","0000-00-00 00:00:00","0000-00-00 00:00:00"
1249,"Akbarpur UP","Darshan Nagar","Iltifatganj Road,Near Railway crosing,Mohseenpur,Akabarpur,Distrcit ? Akabarpur,Uttar Pradesh,Pin code ? 224122","AMBEDKAR NAGAR","UTTAR PRADESH",224122,"Dilip Kumar",,7398274808,bm.akbarpurup@utkarsh.bank,,"Mr.Haidar Ali (RIT)","UTTAR PRADESH",8090554271,"haidar,ali@utkarsh.bank",PO-23-04-016383,"Samsung (Printer - LaserJet)",MFD-SL-M2876ND,ZD5HB8KJ8F026CN,,,"ICON 116L (Toner)","ICON 116L (Drum Unit)",3,0.4,0,0,"0000-00-00 00:00:00","0000-00-00 00:00:00","0000-00-00 00:00:00"
1250,KARNAL,"Karnal Division","Upper Ground Floor,House No161Sant Nagar, Kaithal Road,DistrictKarnal,State- HaryanaPin code-132001, KARNAL, KARNAL-1250, 132001",KARNAL,HARYANA,132001,"Yogesh Kumar",,8586822735,NA,,"Mr.Haidar Ali (RIT)","UTTAR PRADESH",8090554271,"haidar,ali@utkarsh.bank",PO-23-02-027897,"Kyocera (Printer - LaserJet)","Kyocera FS 2040 DN",VYB2Y23042,"ICON TK-1178",DK-1150,,,3,0,0,0,"0000-00-00 00:00:00","0000-00-00 00:00:00","0000-00-00 00:00:00"
1250,KARNAL,"Karnal Division","Upper Ground Floor,House No161Sant Nagar, Kaithal Road,DistrictKarnal,State- HaryanaPin code-132001, KARNAL, KARNAL-1250, 132001",KARNAL,HARYANA,132001,"Yogesh Kumar",,8586822735,NA,,"Mr.Haidar Ali (RIT)","UTTAR PRADESH",8090554271,"haidar,ali@utkarsh.bank",PO-22-9-010098,"Samsung (Printer - LaserJet)",MFD-SL-M2876ND,ZD5HB8KJ8F01YBD,,,"ICON 116L (Toner)","ICON 116L (Drum Unit)",3,0.4,0,0,"0000-00-00 00:00:00","0000-00-00 00:00:00","0000-00-00 00:00:00"
1251,"Bilaspur ","Bilaspur ","Near Chaurai Mode,Kapal Mochan Road,Bilaspur,Distt.Yamunanagar,Haryan,Pin code-135102",YAMUNANAGAR,HARYANA,135102,MONU,,9759943611,bm.bilaspur@utkarsh.bank,,"Mr.Haidar Ali (RIT)","UTTAR PRADESH",8090554271,"haidar,ali@utkarsh.bank",PO-22-9-010098,"Samsung (Printer - LaserJet)",MFD-SL-M2876ND,CNB1L9T6FK,,,"ICON 116L (Toner)","ICON 116L (Drum Unit)",3,0.4,0,0,"0000-00-00 00:00:00","0000-00-00 00:00:00","0000-00-00 00:00:00"
1252,Silao,"Nalanda Division"," First floor,Rajgeer Road,Near SBI ATM,Silao,District ? Nalanda,Bihar,Pin code ? 803117",NALANDA,BIHAR,803117,"Romit Kumar",,7491804578/9631112039,NA,,"Mr.kuldip Kumar (RIT)",BIHAR,9511133885,kuldip.kumar@utkarsh.bank,PO-22-08-010097,"Samsung (Printer - LaserJet)",MFD-SL-M2876ND,CNB1L9M5KL,,,"ICON 116L (Toner)","ICON 116L (Drum Unit)",3,0,0,0,"0000-00-00 00:00:00","0000-00-00 00:00:00","0000-00-00 00:00:00"
1252,Silao,"Nalanda Division"," First floor,Rajgeer Road,Near SBI ATM,Silao,District ? Nalanda,Bihar,Pin code ? 803117",NALANDA,BIHAR,803117,"Romit Kumar",,7491804578/9631112039,NA,,"Mr.kuldip Kumar (RIT)",BIHAR,9511133885,kuldip.kumar@utkarsh.bank,PO-23-11-023330,"EPSON (Printer - Inktank)","EPSON M3170 EPIL",X5TW011282,,,INK-005,"Maintaince Box",3,0,0,0,"0000-00-00 00:00:00","0000-00-00 00:00:00","0000-00-00 00:00:00"
1253,Gosaiganj,"Darshan Nagar","Mahmadpur,Dhamapatti,Gosaiganj,District - Ambedakar Nagar,Uttar Pradesh,Pin code ? 224141",AYODHYA,"UTTAR PRADESH",224141,"Pankaj Singh",,7860788092,bm.gosaiganj@utkarsh.bank,,"Mr.Haidar Ali (RIT)","UTTAR PRADESH",8090554271,"haidar,ali@utkarsh.bank",PO-23-04-016383,"Samsung (Printer - LaserJet)",MFD-SL-M2876ND,ZD5HB8KJ8F02CK,,,"ICON 116L (Toner)","ICON 116L (Drum Unit)",3,0.4,0,0,"0000-00-00 00:00:00","0000-00-00 00:00:00","0000-00-00 00:00:00"
1254,"Darshan Nagar","Darshan Nagar","Ashapur,Gosaiganj Road,Darshan Nagar,District ? Faizabad,Uttar Pradesh,Pin code ? 224135",AYODHYA,"UTTAR PRADESH",224135,"Vikas pal",,9565953953,bm.darshannagar@utkarsh.bank,,"Mr.Haidar Ali (RIT)","UTTAR PRADESH",8090554271,"haidar,ali@utkarsh.bank",PO-23-07-019634,"EPSON (Printer - Inktank)","EPSON M3170 EPIL",X5TW015760,,,INK-005,"Maintaince Box",3,0.4,0,0,"0000-00-00 00:00:00","0000-00-00 00:00:00","0000-00-00 00:00:00"
1254,"Darshan Nagar","Darshan Nagar","Ashapur,Gosaiganj Road,Darshan Nagar,District ? Faizabad,Uttar Pradesh,Pin code ? 224135",AYODHYA,"UTTAR PRADESH",224135,"Vikas pal",,9565953953,bm.darshannagar@utkarsh.bank,,"Mr.Haidar Ali (RIT)","UTTAR PRADESH",8090554271,"haidar,ali@utkarsh.bank",PO-23-11-023195,"EPSON (Printer - Inktank)","EPSON M3170 EPIL",X5TW018801,,,INK-005,"Maintaince Box",3,0,0,0,"0000-00-00 00:00:00","0000-00-00 00:00:00","0000-00-00 00:00:00"
1254,"Darshan Nagar","Darshan Nagar","Ashapur,Gosaiganj Road,Darshan Nagar,District ? Faizabad,Uttar Pradesh,Pin code ? 224135",AYODHYA,"UTTAR PRADESH",224135,"Vikas pal",,9565953953,bm.darshannagar@utkarsh.bank,,"Mr.Haidar Ali (RIT)","UTTAR PRADESH",8090554271,"haidar,ali@utkarsh.bank",PO-23-04-016383,"Samsung (Printer - LaserJet)",MFD-SL-M2876ND,ZD5HB8KJ8F02CBN,,,"ICON 116L (Toner)","ICON 116L (Drum Unit)",3,0,0,0,"0000-00-00 00:00:00","0000-00-00 00:00:00","0000-00-00 00:00:00"
1255,Khatopur,"Begusarai Division"," Near of Navodaya School,Ward No ? 45,Khatopur,District - Begusarai,Bihar,Pin code ? 851129",BEGUSARAI,BIHAR,851129,"Rajesh kumar sharma",,"8271276042/ 7766913455/9151016949",NA,,"Mr.Priyatam Kumar Singh(RIT)",BIHAR,9504342712,priyatam.singh@utkarsh.bank,PO-22-08-010097,"Samsung (Printer - LaserJet)",MFD-SL-M2876ND,CNB2L7DJ77,,,"ICON 116L (Toner)","ICON 116L (Drum Unit)",3,0,0,0,"0000-00-00 00:00:00","0000-00-00 00:00:00","0000-00-00 00:00:00"
1255,Khatopur,"Begusarai Division"," Near of Navodaya School,Ward No ? 45,Khatopur,District - Begusarai,Bihar,Pin code ? 851129",BEGUSARAI,BIHAR,851129,"Rajesh kumar sharma",,"8271276042/ 7766913455/9151016949",NA,,"Mr.Priyatam Kumar Singh(RIT)",BIHAR,9504342712,priyatam.singh@utkarsh.bank,PO-22-11-011300,"Brother (Printer - LaserJet)","Brother- L2541DW",E73802K1N126740,"ICON TN-2365","ICON DR 2365",,,3,0.4,0,0,"0000-00-00 00:00:00","0000-00-00 00:00:00","0000-00-00 00:00:00"
1255,Khatopur,"Begusarai Division"," Near of Navodaya School,Ward No ? 45,Khatopur,District - Begusarai,Bihar,Pin code ? 851129",BEGUSARAI,BIHAR,851129,"Rajesh kumar sharma",,"8271276042/ 7766913455/9151016949",NA,,"Mr.Priyatam Kumar Singh(RIT)",BIHAR,9504342712,priyatam.singh@utkarsh.bank,PO-23-11-023330,"EPSON (Printer - Inktank)","EPSON M3170 EPIL",X5TW015429,,,INK-005,"Maintaince Box",3,0.4,0,0,"0000-00-00 00:00:00","0000-00-00 00:00:00","0000-00-00 00:00:00"
1255,Khatopur,"Begusarai Division"," Near of Navodaya School,Ward No ? 45,Khatopur,District - Begusarai,Bihar,Pin code ? 851129",BEGUSARAI,BIHAR,851129,"Rajesh kumar sharma",,"8271276042/ 7766913455/9151016949",NA,,"Mr.Priyatam Kumar Singh(RIT)",BIHAR,9504342712,priyatam.singh@utkarsh.bank,PO-23-07-019349,"EPSON (Printer - Inktank)","EPSON M3170 EPIL",X5TW017641,,,INK-005,"Maintaince Box",3,0,0,0,"0000-00-00 00:00:00","0000-00-00 00:00:00","0000-00-00 00:00:00"
1256,"Barauni Phulwariya","Begusarai Division"," Infront of Phulwaraia Police station,Barauni Phulwariya,District ? Begusarai,Bihar,Pin code ? 851112",BEGUSARAI,BIHAR,851112,"Amarjeet Kumar",,9852769621,NA,,"Mr.Priyatam Kumar Singh(RIT)",BIHAR,9504342712,priyatam.singh@utkarsh.bank,PO-22-08-010097,"Samsung (Printer - LaserJet)",MFD-SL-M2876ND,CNB2L7DJ72,,,"ICON 116L (Toner)","ICON 116L (Drum Unit)",3,0,0,0,"0000-00-00 00:00:00","0000-00-00 00:00:00","0000-00-00 00:00:00"
1256,"Barauni Phulwariya","Begusarai Division"," Infront of Phulwaraia Police station,Barauni Phulwariya,District ? Begusarai,Bihar,Pin code ? 851112",BEGUSARAI,BIHAR,851112,"Amarjeet Kumar",,9852769621,NA,,"Mr.Priyatam Kumar Singh(RIT)",BIHAR,9504342712,priyatam.singh@utkarsh.bank,PO-22-11-011300,"Brother (Printer - LaserJet)","Brother- L2541DW",E73802J1N976388,"ICON TN-2365","ICON DR 2365",,,3,0.4,0,0,"0000-00-00 00:00:00","0000-00-00 00:00:00","0000-00-00 00:00:00"
1256,"Barauni Phulwariya","Begusarai Division"," Infront of Phulwaraia Police station,Barauni Phulwariya,District ? Begusarai,Bihar,Pin code ? 851112",BEGUSARAI,BIHAR,851112,"Amarjeet Kumar",,9852769621,NA,,"Mr.Priyatam Kumar Singh(RIT)",BIHAR,9504342712,priyatam.singh@utkarsh.bank,PO-22-01-013018,"Brother (Printer - LaserJet)","Brother- L2541DW",E73802J1N978473,"ICON TN-2365","ICON DR 2365",,,3,0.4,0,0,"0000-00-00 00:00:00","0000-00-00 00:00:00","0000-00-00 00:00:00"
1257,"Ballia (Bihar)",Begusarai,"Lakhminiya Bazar,Ward No.15,Phul Chauk,District - Begusarai,Bihar,Pin code ? 851211",BEGUSARAI,BIHAR,851211,"Samarjeet Kumar",,9835745626,bm.BalliaBihar@utkarsh.bank,,"Mr.Priyatam Kumar Singh(RIT)",BIHAR,9504342712,priyatam.singh@utkarsh.bank,PO-22-01-013018,"Brother (Printer - LaserJet)","Brother- L2541DW",E73802J1N976358,"ICON TN-2365","ICON DR 2365",,,3,0.4,0,0,"0000-00-00 00:00:00","0000-00-00 00:00:00","0000-00-00 00:00:00"
1257,"Ballia (Bihar)",Begusarai,"Lakhminiya Bazar,Ward No.15,Phul Chauk,District - Begusarai,Bihar,Pin code ? 851211",BEGUSARAI,BIHAR,851211,"Samarjeet Kumar",,9835745626,bm.BalliaBihar@utkarsh.bank,,"Mr.Priyatam Kumar Singh(RIT)",BIHAR,9504342712,priyatam.singh@utkarsh.bank,PO-22-11-011300,"Brother (Printer - LaserJet)","Brother- L2541DW",E73802J1N976395,"ICON TN-2365","ICON DR 2365",,,3,0.4,0,0,"0000-00-00 00:00:00","0000-00-00 00:00:00","0000-00-00 00:00:00"
1258,"GHARAUNDA ","GHARAUNDA "," House No. 4/604,Sudesh Arimpura Road,Gharaund,District - Karnal,Haryana,Pin code -132114",KARNAL,HARYANA,132114,"ANOJ KUMAR",,8318006572,bm.gharaunda@utkarsh.bank,,"Mr.Haidar Ali (RIT)","UTTAR PRADESH",8090554271,"haidar,ali@utkarsh.bank",PO-22-9-010098,"Samsung (Printer - LaserJet)",MFD-SL-M2876ND,ZD5HB8KJ8F01WPJ,,,"ICON 116L (Toner)","ICON 116L (Drum Unit)",3,0.4,0,0,"0000-00-00 00:00:00","0000-00-00 00:00:00","0000-00-00 00:00:00"
1259,Khagaria,"Begusarai Division"," Yashoda nagar,North Hazipur,Ward no.13,Chitragupta Nagar,Khagaria,District ? Khagaria,Bihar Pin Code ? 851204",BEGUSARAI,BIHAR,851204,"Shubham Kumar Mandal",,8789614708,NA,,"Mr.Priyatam Kumar Singh(RIT)",BIHAR,9504342712,priyatam.singh@utkarsh.bank,PO-22-08-010097,"Samsung (Printer - LaserJet)",MFD-SL-M2876ND,CNB2L7DJ74,,,"ICON 116L (Toner)","ICON 116L (Drum Unit)",3,0,0,0,"0000-00-00 00:00:00","0000-00-00 00:00:00","0000-00-00 00:00:00"
1259,Khagaria,"Begusarai Division"," Yashoda nagar,North Hazipur,Ward no.13,Chitragupta Nagar,Khagaria,District ? Khagaria,Bihar Pin Code ? 851204",BEGUSARAI,BIHAR,851204,"Shubham Kumar Mandal",,8789614708,NA,,"Mr.Priyatam Kumar Singh(RIT)",BIHAR,9504342712,priyatam.singh@utkarsh.bank,PO-22-11-011300,"Brother (Printer - LaserJet)","Brother- L2541DW",E73802J1N976375,"ICON TN-2365","ICON DR 2365",,,3,0,0,0,"0000-00-00 00:00:00","0000-00-00 00:00:00","0000-00-00 00:00:00"
1259,Khagaria,"Begusarai Division"," Yashoda nagar,North Hazipur,Ward no.13,Chitragupta Nagar,Khagaria,District ? Khagaria,Bihar Pin Code ? 851204",BEGUSARAI,BIHAR,851204,"Shubham Kumar Mandal",,8789614708,NA,,"Mr.Priyatam Kumar Singh(RIT)",BIHAR,9504342712,priyatam.singh@utkarsh.bank,PO-23-11-023330,"EPSON (Printer - Inktank)","EPSON M3170 EPIL",X5TW011345,,,INK-005,"Maintaince Box",3,0,0,0,"0000-00-00 00:00:00","0000-00-00 00:00:00","0000-00-00 00:00:00"
1259,Khagaria,"Begusarai Division"," Yashoda nagar,North Hazipur,Ward no.13,Chitragupta Nagar,Khagaria,District ? Khagaria,Bihar Pin Code ? 851204",BEGUSARAI,BIHAR,851204,"Shubham Kumar Mandal",,8789614708,NA,,"Mr.Priyatam Kumar Singh(RIT)",BIHAR,9504342712,priyatam.singh@utkarsh.bank,PO-23-11-023330,"EPSON (Printer - Inktank)","EPSON M3170 EPIL",X5TW015325,,,INK-005,"Maintaince Box",3,0.4,0,0,"0000-00-00 00:00:00","0000-00-00 00:00:00","0000-00-00 00:00:00"
1260,"Karanja Lad",Akola,"Near HP Petrol Pump, Darvha Bypass Road, Karanja Lad, Dist. Washim, Maharashtra, India-444105",WASHIM,MAHARASHTRA,444105,"Mahesh Ramrao Holey",,9011366128,bm.karanjalad@utkarsh.bank,,"Mr. Rahul Chauhan (RIT) & Mr. Kamal (RIT)",MAHARASHTRA,7021828776/7525048585,rahul.chauhan1@utkarsh.bank,PO-22-08-010102,"Samsung (Printer - LaserJet)",MFD-SL-M2876ND,CNB1L9V5N8,,,"ICON 116L (Toner)","ICON 116L (Drum Unit)",3,0.4,0,0,"0000-00-00 00:00:00","0000-00-00 00:00:00","0000-00-00 00:00:00"
1260,"Karanja Lad",Akola,"Near HP Petrol Pump, Darvha Bypass Road, Karanja Lad, Dist. Washim, Maharashtra, India-444105",WASHIM,MAHARASHTRA,444105,"Mahesh Ramrao Holey",,9011366128,bm.karanjalad@utkarsh.bank,,"Mr. Rahul Chauhan (RIT) & Mr. Kamal (RIT)",MAHARASHTRA,7021828776/7525048585,rahul.chauhan1@utkarsh.bank,PO-23-05-017647,"EPSON (Printer - Inktank)","EPSON M3170 EPIL",X5TW012489,,,INK-005,"Maintaince Box",3,0.4,0,0,"0000-00-00 00:00:00","0000-00-00 00:00:00","0000-00-00 00:00:00"
1261,"Masak Chak","Bhagalpur Division"," M.S. Vila (Amulya Sewa Sadan),Masak Chak,Sarad Chandra Pass,Bhagalpur,District - Bhagalpur,Bihar,Pin code ? 812001",BHAGALPUR,BIHAR,812001,"Kumari Dimpy",,7634946136,NA,,"Mr.Priyatam Kumar Singh(RIT)",BIHAR,9504342712,priyatam.singh@utkarsh.bank,PO-22-08-010097,"Samsung (Printer - LaserJet)",MFD-SL-M2876ND,"CNB3KDK7PZ- ZD5HB8KJCF01HCK",,,"ICON 116L (Toner)","ICON 116L (Drum Unit)",3,0,0,0,"0000-00-00 00:00:00","0000-00-00 00:00:00","0000-00-00 00:00:00"
1261,"Masak Chak","Bhagalpur Division"," M.S. Vila (Amulya Sewa Sadan),Masak Chak,Sarad Chandra Pass,Bhagalpur,District - Bhagalpur,Bihar,Pin code ? 812001",BHAGALPUR,BIHAR,812001,"Kumari Dimpy",,7634946136,NA,,"Mr.Priyatam Kumar Singh(RIT)",BIHAR,9504342712,priyatam.singh@utkarsh.bank,PO-22-11-011300,"Brother (Printer - LaserJet)","Brother- L2541DW",E73802J1N978480,"ICON TN-2365","ICON DR 2365",,,3,0.4,0,0,"0000-00-00 00:00:00","0000-00-00 00:00:00","0000-00-00 00:00:00"
1261,"Masak Chak","Bhagalpur Division"," M.S. Vila (Amulya Sewa Sadan),Masak Chak,Sarad Chandra Pass,Bhagalpur,District - Bhagalpur,Bihar,Pin code ? 812001",BHAGALPUR,BIHAR,812001,"Kumari Dimpy",,7634946136,NA,,"Mr.Priyatam Kumar Singh(RIT)",BIHAR,9504342712,priyatam.singh@utkarsh.bank,PO-23-02-026932,"Kyocera (Printer - LaserJet)","Kyocera FS 2040 DN",VYB2Y23201,"ICON TK-1178",DK-1150,,,3,0,0,0,"0000-00-00 00:00:00","0000-00-00 00:00:00","0000-00-00 00:00:00"
1262,Rosera,Samastipur,"Ground Floor,Near Bus stand, Mahadev Math,Rosera, Dist- Samastipur, Bihar,Pin code 848210",SAMASTIPUR,BIHAR,848210,"Guddu Kumar Mahto",,7277684908,bm.Rosera@utkarsh.bank,,"Mr.Priyatam Kumar Singh(RIT)",BIHAR,9504342712,priyatam.singh@utkarsh.bank,PO-22-11-011300,"Brother (Printer - LaserJet)","Brother- L2541DW",E73802E2N345544,"ICON TN-2365","ICON DR 2365",,,3,0.4,0,0,"0000-00-00 00:00:00","0000-00-00 00:00:00","0000-00-00 00:00:00"
1262,Rosera,Samastipur,"Ground Floor,Near Bus stand, Mahadev Math,Rosera, Dist- Samastipur, Bihar,Pin code 848210",SAMASTIPUR,BIHAR,848210,"Guddu Kumar Mahto",,7277684908,bm.Rosera@utkarsh.bank,,"Mr.Priyatam Kumar Singh(RIT)",BIHAR,9504342712,priyatam.singh@utkarsh.bank,PO-23-02-027386,"Kyocera (Printer - LaserJet)","Kyocera FS 2040 DN",VYB2Y23224,"ICON TK-1178",DK-1150,,,3,0,0,0,"0000-00-00 00:00:00","0000-00-00 00:00:00","0000-00-00 00:00:00"
1262,Rosera,Samastipur,"Ground Floor,Near Bus stand, Mahadev Math,Rosera, Dist- Samastipur, Bihar,Pin code 848210",SAMASTIPUR,BIHAR,848210,"Guddu Kumar Mahto",,7277684908,bm.Rosera@utkarsh.bank,,"Mr.Priyatam Kumar Singh(RIT)",BIHAR,9504342712,priyatam.singh@utkarsh.bank,PO-22-08-010097,"Samsung (Printer - LaserJet)",MFD-SL-M2876ND,ZD5HB8KJ8F028NT,,,"ICON 116L (Toner)","ICON 116L (Drum Unit)",3,0.4,0,0,"0000-00-00 00:00:00","0000-00-00 00:00:00","0000-00-00 00:00:00"
1263,"Booty More","Booty More","Branch Office:?USFB? Beside ICICI Bank, NH-33, Near Tirupati Petrol Pump, Dumardaga, Booty More, District - Ranchi , Jharkhand, Pin Code - 835217",RANCHI,JHARKHAND,835217,"Basudev Yadav",,7355991983,utk12298@utkarsh.bank,,"Mr. Tapas Barik & Mr. Nitin Kumar (RIT)",JHARKHAND,9337513317/9608295625,tapas.barikh@utkarsh.bank,PO-23-06-018154,"Samsung (Printer - LaserJet)",MFD-SL-M2876ND,CNB1L9V6K1,,,"ICON 116L (Toner)","ICON 116L (Drum Unit)",3,0,0,0,"0000-00-00 00:00:00","0000-00-00 00:00:00","0000-00-00 00:00:00"
1264,"Pandra (Erstwhile Ratu Road)","Pandra (Erstwhile Ratu Road)","Friend's Colony Near St. Columbus School,Kamde, Ranchi, Jharkhand?834001",RANCHI,JHARKHAND,834001,"Ravi Singh",,8797868606,utk19991@utkarsh.bank,,"Mr. Tapas Barik & Mr. Nitin Kumar (RIT)",JHARKHAND,9337513317/9608295625,tapas.barikh@utkarsh.bank,PO-23-06-018154,"Samsung (Printer - LaserJet)",MFD-SL-M2876ND,CNB1L9V6G2,,,"ICON 116L (Toner)","ICON 116L (Drum Unit)",3,0,0,0,"0000-00-00 00:00:00","0000-00-00 00:00:00","0000-00-00 00:00:00"
1265,Gogari,Begusarai,"Near Gandhi Chowk Auto Stand,Bypass Road,Gogari Jamalpur,Distt.-Khagria,Bihar,Pin-851203",KHAGARIA,BIHAR,851203,"Binit Kumar Ranjan",,9570389919,bm.Gogari@utkarsh.bank,,"Mr.Priyatam Kumar Singh(RIT)",BIHAR,9504342712,priyatam.singh@utkarsh.bank,PO-22-08-010097,"Samsung (Printer - LaserJet)",MFD-SL-M2876ND,CNB2L7DJ58,,,"ICON 116L (Toner)","ICON 116L (Drum Unit)",3,0.4,0,0,"0000-00-00 00:00:00","0000-00-00 00:00:00","0000-00-00 00:00:00"
1265,Gogari,Begusarai,"Near Gandhi Chowk Auto Stand,Bypass Road,Gogari Jamalpur,Distt.-Khagria,Bihar,Pin-851203",KHAGARIA,BIHAR,851203,"Binit Kumar Ranjan",,9570389919,bm.Gogari@utkarsh.bank,,"Mr.Priyatam Kumar Singh(RIT)",BIHAR,9504342712,priyatam.singh@utkarsh.bank,PO-22-11-011300,"Brother (Printer - LaserJet)","Brother- L2541DW",E73802A2N240860,"ICON TN-2365","ICON DR 2365",,,3,0,0,0,"0000-00-00 00:00:00","0000-00-00 00:00:00","0000-00-00 00:00:00"
1265,Gogari,Begusarai,"Near Gandhi Chowk Auto Stand,Bypass Road,Gogari Jamalpur,Distt.-Khagria,Bihar,Pin-851203",KHAGARIA,BIHAR,851203,"Binit Kumar Ranjan",,9570389919,bm.Gogari@utkarsh.bank,,"Mr.Priyatam Kumar Singh(RIT)",BIHAR,9504342712,priyatam.singh@utkarsh.bank,PO-22-02-014799,"Brother (Printer - LaserJet)","Brother- L2541DW",E73802K1N126496,"ICON TN-2365","ICON DR 2365",,,3,0,0,0,"0000-00-00 00:00:00","0000-00-00 00:00:00","0000-00-00 00:00:00"
1266,Rafiganj,"Patna Division","Zonal Office:- 2nd Floor,134-A, Patliputra Colony,
Opposite Polytechnic Gate,Patna Bihar, PIN ? 800013",PATNA,BIHAR,800013,"Manoranjan Pandey",,6203552770,NA,,"Mr.Shantanu Kanth(RIT)",BIHAR,7635093755,shantanu.kanth@utkarsh.bank,PO-22-08-010097,"Samsung (Printer - LaserJet)",MFD-SL-M2876ND,CNB2L7DJ7G,,,"ICON 116L (Toner)","ICON 116L (Drum Unit)",3,0,0,0,"0000-00-00 00:00:00","0000-00-00 00:00:00","0000-00-00 00:00:00"
1266,Rafiganj,"Patna Division","Zonal Office:- 2nd Floor,134-A, Patliputra Colony,
Opposite Polytechnic Gate,Patna Bihar, PIN ? 800013",PATNA,BIHAR,800013,"Manoranjan Pandey",,6203552770,NA,,"Mr.Shantanu Kanth(RIT)",BIHAR,7635093755,shantanu.kanth@utkarsh.bank,PO-22-01-013018,"Brother (Printer - LaserJet)","Brother- L2541DW",E73802J1N976369,"ICON TN-2365","ICON DR 2365",,,3,0.4,0,0,"0000-00-00 00:00:00","0000-00-00 00:00:00","0000-00-00 00:00:00"
1266,Rafiganj,"Patna Division","Zonal Office:- 2nd Floor,134-A, Patliputra Colony,
Opposite Polytechnic Gate,Patna Bihar, PIN ? 800013",PATNA,BIHAR,800013,"Manoranjan Pandey",,6203552770,NA,,"Mr.Shantanu Kanth(RIT)",BIHAR,7635093755,shantanu.kanth@utkarsh.bank,PO-22-11-011300,"Brother (Printer - LaserJet)","Brother- L2541DW",E73802K1N128551,"ICON TN-2365","ICON DR 2365",,,3,0.4,0,0,"0000-00-00 00:00:00","0000-00-00 00:00:00","0000-00-00 00:00:00"
1266,Rafiganj,"Patna Division","Zonal Office:- 2nd Floor,134-A, Patliputra Colony,
Opposite Polytechnic Gate,Patna Bihar, PIN ? 800013",PATNA,BIHAR,800013,"Manoranjan Pandey",,6203552770,NA,,"Mr.Shantanu Kanth(RIT)",BIHAR,7635093755,shantanu.kanth@utkarsh.bank,PO-23-07-019349,"EPSON (Printer - Inktank)","EPSON M3170 EPIL",X5TW018427,,,INK-005,"Maintaince Box",3,0,0,0,"0000-00-00 00:00:00","0000-00-00 00:00:00","0000-00-00 00:00:00"
1267,"KAITHAL ","KAITHAL ","1244-45/27,Ground Floor, Near sanjivani hospital, Ambala Road, Kaithal, Dist- Kaithal, Haryana, Pin code-136027",KAITHAL,HARYANA,136027,SARBJOT,,9053232815,bm.kaithal@utkarsh.bank,,"Mr.Haidar Ali (RIT)","UTTAR PRADESH",8090554271,"haidar,ali@utkarsh.bank",PO-23-05-017643,"EPSON (Printer - Inktank)","EPSON M3170 EPIL",X5TW011731,,,INK-005,"Maintaince Box",3,0.4,0,0,"0000-00-00 00:00:00","0000-00-00 00:00:00","0000-00-00 00:00:00"
1267,"KAITHAL ","KAITHAL ","1244-45/27,Ground Floor, Near sanjivani hospital, Ambala Road, Kaithal, Dist- Kaithal, Haryana, Pin code-136027",KAITHAL,HARYANA,136027,SARBJOT,,9053232815,bm.kaithal@utkarsh.bank,,"Mr.Haidar Ali (RIT)","UTTAR PRADESH",8090554271,"haidar,ali@utkarsh.bank",PO-22-9-010098,"Samsung (Printer - LaserJet)",MFD-SL-M2876ND,ZD5HB8KJ8F025V,,,"ICON 116L (Toner)","ICON 116L (Drum Unit)",3,0.4,0,0,"0000-00-00 00:00:00","0000-00-00 00:00:00","0000-00-00 00:00:00"
1268,Tumsar,Ramtek,"C/O. Mr. Mohamad Qamar Raza, S/O Mohamad umar Raza, At - Sant Jagnade Nagar, Tumsar, Dist - Bhandara, Maharashtra, India-441912",BHANDARA,MAHARASHTRA,441912,"Shailesh Gadhave",,8308316535,bm.tumsar@utkarsh.bank,,"Mr. Rahul Chauhan (RIT) & Mr. Kamal (RIT)",MAHARASHTRA,7021828776/7525048585,rahul.chauhan1@utkarsh.bank,PO-22-08-010102,"Samsung (Printer - LaserJet)",MFD-SL-M2876ND,CNB1L9V5NL,,,"ICON 116L (Toner)","ICON 116L (Drum Unit)",3,0.4,0,0,"0000-00-00 00:00:00","0000-00-00 00:00:00","0000-00-00 00:00:00"
1269,Chhindwara,Chhindwara,"Kukuda Gagat,Near TV Tower,Opposite CBI,Chindwara,District ? Chhindwara,Madhay Pradesh,Pin code - 480001",CHHINDWARA,"MADHYA PRADESH",480001,"Sachin Shende",,7722024981,bm.chhindwara@utkarsh.bank,,"Mr. Neelish Soni (RIT)","MADHYA PRADESH",8090654540,neelesh.soni@utkarsh.bank,"Awaiting PO","EPSON (Printer - Inktank)","EPSON M3170 EPIL",X5TW015510,,,INK-005,"Maintaince Box",3,0.4,0,0,"0000-00-00 00:00:00","0000-00-00 00:00:00","0000-00-00 00:00:00"
1269,Chhindwara,Chhindwara,"Kukuda Gagat,Near TV Tower,Opposite CBI,Chindwara,District ? Chhindwara,Madhay Pradesh,Pin code - 480001",CHHINDWARA,"MADHYA PRADESH",480001,"Sachin Shende",,7722024981,bm.chhindwara@utkarsh.bank,,"Mr. Neelish Soni (RIT)","MADHYA PRADESH",8090654540,neelesh.soni@utkarsh.bank,PO-24-09-010101,"Samsung (Printer - LaserJet)",MFD-SL-M2876ND,"ZD5HB8KJCC0066B- CNB3KDK4GP",,,"ICON 116L (Toner)","ICON 116L (Drum Unit)",3,0,0,0,"0000-00-00 00:00:00","0000-00-00 00:00:00","0000-00-00 00:00:00"
1270,Hatia,Hatia,"USFBL Plot No 77 Veer Kunwar Singh Colony,Airport Road,Near HinooRanchi,Jharkhand,Pin-834002",RANCHI,JHARKHAND,834002,"Satish Kumar Varma",,9122320501,utk17888@utkarsh.bank,,"Mr. Tapas Barik & Mr. Nitin Kumar (RIT)",JHARKHAND,9337513317/9608295625,tapas.barikh@utkarsh.bank,PO-23-06-018154,"Samsung (Printer - LaserJet)",MFD-SL-M2876ND,CNB1L9V6K5,,,"ICON 116L (Toner)","ICON 116L (Drum Unit)",3,0,0,0,"0000-00-00 00:00:00","0000-00-00 00:00:00","0000-00-00 00:00:00"
1271,Parasiya,"Chhindwara Division","WARD NO.15,SINDHI MOHALLNEAR,MAHARASHTA BANK,PARASIYACHHINDWARA MADHYA 
PRADESHINDIA PIN-480441, CHHINDWARA, Parasiya-1271, 480441",CHHINDWARA,"MADHYA PRADESH",480441,"Chitrakumar Daheriya/Vikash Kumar Prajapati",,9981445094/7869881264,NA,,"Mr. Neelish Soni (RIT)","MADHYA PRADESH",8090654540,neelesh.soni@utkarsh.bank,PO-23-02-026942,"Kyocera (Printer - LaserJet)","Kyocera FS 2040 DN",VYB2Y23314,"ICON TK-1178",DK-1150,,,3,0,0,0,"0000-00-00 00:00:00","0000-00-00 00:00:00","0000-00-00 00:00:00"
1271,Parasiya,"Chhindwara Division","WARD NO.15,SINDHI MOHALLNEAR,MAHARASHTA BANK,PARASIYACHHINDWARA MADHYA 
PRADESHINDIA PIN-480441, CHHINDWARA, Parasiya-1271, 480441",CHHINDWARA,"MADHYA PRADESH",480441,"Chitrakumar Daheriya/Vikash Kumar Prajapati",,9981445094/7869881264,NA,,"Mr. Neelish Soni (RIT)","MADHYA PRADESH",8090654540,neelesh.soni@utkarsh.bank,PO-24-09-010101,"Samsung (Printer - LaserJet)",MFD-SL-M2876ND,"ZD5HB8KK9C04K6R- CNB1L9V6DV",,,"ICON 116L (Toner)","ICON 116L (Drum Unit)",3,0,0,0,"0000-00-00 00:00:00","0000-00-00 00:00:00","0000-00-00 00:00:00"
1272,DIMNA,"Singhbhum Division"," Old Subash colony,Dimna road,Manago near Dainik Jagran,Dimna,District ? Purbi singh bhumi,Pin Code ? 831012","EAST SINGHBUM",JHARKHAND,831012,"Kumari Shobhana/Manish Shukla",,7091272332/7318016322,NA,,"Mr. Tapas Barik & Mr. Nitin Kumar (RIT)",JHARKHAND,9337513317/9608295625,tapas.barikh@utkarsh.bank,PO-23-06-018154,"Samsung (Printer - LaserJet)",MFD-SL-M2876ND,CNB1L9V69G,,,"ICON 116L (Toner)","ICON 116L (Drum Unit)",3,0,0,0,"0000-00-00 00:00:00","0000-00-00 00:00:00","0000-00-00 00:00:00"
1273,"Assandh ","Assandh ","Ground floor,Kaithal Road,Near Sabaji Mandi,Tractor Market,H.No- 302 ,Ward No ?15,District ? KARNAL Harayana, Pin Code - 132039",KARNAL,HARYANA,132039,"ROHIT RANA ",,8930274717,bm.assandh@utkarsh.bank,,"Mr.Haidar Ali (RIT)","UTTAR PRADESH",8090554271,"haidar,ali@utkarsh.bank",PO-22-9-010098,"Samsung (Printer - LaserJet)",MFD-SL-M2876ND,CNB2L7DJH5,,,"ICON 116L (Toner)","ICON 116L (Drum Unit)",3,0.4,0,0,"0000-00-00 00:00:00","0000-00-00 00:00:00","0000-00-00 00:00:00"
1274,"Kalamb ","Yeotmal Division"," Ward No. 4,Masjid Road, Near Ram Mandir,Klamb,District - Yavatmal,Maharashtra,Pin code - 445401",YAVATMAL,MAHARASHTRA,445401,"Shyam Narayan M Prasad",,7391093656,NA,,"Mr. Rahul Chauhan (RIT) & Mr. Kamal (RIT)",MAHARASHTRA,7021828776/7525048585,rahul.chauhan1@utkarsh.bank,PO-22-08-010102,"Samsung (Printer - LaserJet)",MFD-SL-M2876ND,CNB1L9M5L0,,,"ICON 116L (Toner)","ICON 116L (Drum Unit)",3,0,0,0,"0000-00-00 00:00:00","0000-00-00 00:00:00","0000-00-00 00:00:00"
1274,"Kalamb ","Yeotmal Division"," Ward No. 4,Masjid Road, Near Ram Mandir,Klamb,District - Yavatmal,Maharashtra,Pin code - 445401",YAVATMAL,MAHARASHTRA,445401,"Shyam Narayan M Prasad",,7391093656,NA,,"Mr. Rahul Chauhan (RIT) & Mr. Kamal (RIT)",MAHARASHTRA,7021828776/7525048585,rahul.chauhan1@utkarsh.bank,"PO-23-09-021635 ","EPSON (Printer - Inktank)","EPSON M3170 EPIL",X5TW010940,,,INK-005,"Maintaince Box",3,0,0,0,"0000-00-00 00:00:00","0000-00-00 00:00:00","0000-00-00 00:00:00"
1275,Daryapur,Amarawati,"Ground floor,Near New Nagar parishad,Opisit of water tank,civil line line,Daryapur,Dist-Amravati,Maharastra-444803",AMRAVATI,MAHARASHTRA,444803,"Milind Jayvanta Athawale",,8806766562,bm.daryapur@utkarsh.bank,,"Mr. Rahul Chauhan (RIT) & Mr. Kamal (RIT)",MAHARASHTRA,7021828776/7525048585,rahul.chauhan1@utkarsh.bank,PO-22-08-010102,"Samsung (Printer - LaserJet)",MFD-SL-M2876ND,CNB1L9V5N7,,,"ICON 116L (Toner)","ICON 116L (Drum Unit)",3,0.4,0,0,"0000-00-00 00:00:00","0000-00-00 00:00:00","0000-00-00 00:00:00"
1276,"Sausar ","Chhindwara Division"," Ward No. 15,Nagpur Road,Near Bus Stand,Sausar,Dist- Chhindwada,Madhay Pradesh,Pin Code ? 480106",CHHINDWARA,"MADHYA PRADESH",480106,"Rupesh Jaiswal",,7869853508,NA,,"Mr. Neelish Soni (RIT)","MADHYA PRADESH",8090654540,neelesh.soni@utkarsh.bank,PO-24-09-010101,"Samsung (Printer - LaserJet)",MFD-SL-M2876ND,ZD5HB8KK9C04JVV-CNB1L9V6DH,,,"ICON 116L (Toner)","ICON 116L (Drum Unit)",3,0,0,0,"0000-00-00 00:00:00","0000-00-00 00:00:00","0000-00-00 00:00:00"
1277,Mau,Sirathu,"First Floor,Near Bank of Baraouda,Shivapur Tiraha,Mau,District ? Chitrakut,Uttar Pradesh,Pin code ? 210209",CHITRAKOOT,"UTTAR PRADESH",210209,"Rohit Yadav",,7080304935,bm.mau@utkarsh.bank,,"Mr. Anil Kumar (RIT)","UTTAR PRADESH",7753811316,anil.yadav@utkarsh.bank,PO-23-04-016383,"Samsung (Printer - LaserJet)",MFD-SL-M2876ND,ZD5HB8KJ8F025AK,,,"ICON 116L (Toner)","ICON 116L (Drum Unit)",3,0.4,0,0,"0000-00-00 00:00:00","0000-00-00 00:00:00","0000-00-00 00:00:00"
1278,"Mandla ","Mandla Division",",Ground Floor,Near Forest Naka,Katra ,Mandla,Dist-Mandla,MP,PIN -481661",MANDLA,"MADHYA PRADESH",481661,"Ravi Bunker",,7024261140/8109643136,NA,,"Mr. Neelish Soni (RIT)","MADHYA PRADESH",8090654540,neelesh.soni@utkarsh.bank,PO-24-09-010101,"Samsung (Printer - LaserJet)",MFD-SL-M2876ND,ZD5HB8KK9C04KBH-CNB1L9V6F0,,,"ICON 116L (Toner)","ICON 116L (Drum Unit)",3,0,0,0,"0000-00-00 00:00:00","0000-00-00 00:00:00","0000-00-00 00:00:00"
1279,Tekari,"Mandla Division"," Near NPEB Office,Mandla Road,Niwari Nainpur,District ? Mandla,Madhay Pradesh,Pin Code ? 481776",MANDLA,"MADHYA PRADESH",481776,"Kishan Parihar",,9669142847,NA,,"Mr. Neelish Soni (RIT)","MADHYA PRADESH",8090654540,neelesh.soni@utkarsh.bank,PO-24-09-010101,"Samsung (Printer - LaserJet)",MFD-SL-M2876ND,ZD5HB8KK9C04K1F-CNB1L9V6MC,,,"ICON 116L (Toner)","ICON 116L (Drum Unit)",3,0,0,0,"0000-00-00 00:00:00","0000-00-00 00:00:00","0000-00-00 00:00:00"
1280,Robertsganj,Robertsganj," R.P.T.G. Complex,HDFC Bank,Under Bypass Bridge,Robertsganj,District ? Sonbhadra,Uttar Pradesh,Pin code ? 231216",SONBHADRA,"UTTAR PRADESH",231216,"Krishna Kant Singh",,9721391113,NA,,"Mr.Haidar Ali (RIT)","UTTAR PRADESH",8090554271,"haidar,ali@utkarsh.bank",PO-23-11-023335,"EPSON (Printer - Inktank)","EPSON M3170 EPIL",X5TW011609,,,INK-005,"Maintaince Box",3,0,0,0,"0000-00-00 00:00:00","0000-00-00 00:00:00","0000-00-00 00:00:00"
1280,Robertsganj,Robertsganj," R.P.T.G. Complex,HDFC Bank,Under Bypass Bridge,Robertsganj,District ? Sonbhadra,Uttar Pradesh,Pin code ? 231216",SONBHADRA,"UTTAR PRADESH",231216,"Krishna Kant Singh",,9721391113,NA,,"Mr.Haidar Ali (RIT)","UTTAR PRADESH",8090554271,"haidar,ali@utkarsh.bank",PO-23-04-016383,"Samsung (Printer - LaserJet)",MFD-SL-M2876ND,ZD5HB8KJ8C00D3T,,,"ICON 116L (Toner)","ICON 116L (Drum Unit)",3,0,0,0,"0000-00-00 00:00:00","0000-00-00 00:00:00","0000-00-00 00:00:00"
1281,Kahalgaon,"Patna Division","Zonal Office:- 2nd Floor,134-A, Patliputra Colony,
Opposite Polytechnic Gate,Patna Bihar, PIN ? 800013",PATNA,BIHAR,800013,"Gulshan Kumar Singh",,6206370276,NA,,"Mr.Shantanu Kanth(RIT)",BIHAR,7635093755,shantanu.kanth@utkarsh.bank,PO-22-08-010097,"Samsung (Printer - LaserJet)",MFD-SL-M2876ND,"CNB1L9M5KM & ZD5HB8KK9C01XXR",,,"ICON 116L (Toner)","ICON 116L (Drum Unit)",3,0,0,0,"0000-00-00 00:00:00","0000-00-00 00:00:00","0000-00-00 00:00:00"
1281,Kahalgaon,"Patna Division","Zonal Office:- 2nd Floor,134-A, Patliputra Colony,
Opposite Polytechnic Gate,Patna Bihar, PIN ? 800013",PATNA,BIHAR,800013,"Gulshan Kumar Singh",,6206370276,NA,,"Mr.Shantanu Kanth(RIT)",BIHAR,7635093755,shantanu.kanth@utkarsh.bank,PO-22-11-011300,"Brother (Printer - LaserJet)","Brother- L2541DW",E73802J1N976436,"ICON TN-2365","ICON DR 2365",,,3,0.4,0,0,"0000-00-00 00:00:00","0000-00-00 00:00:00","0000-00-00 00:00:00"
1281,Kahalgaon,"Patna Division","Zonal Office:- 2nd Floor,134-A, Patliputra Colony,
Opposite Polytechnic Gate,Patna Bihar, PIN ? 800013",PATNA,BIHAR,800013,"Gulshan Kumar Singh",,6206370276,NA,,"Mr.Shantanu Kanth(RIT)",BIHAR,7635093755,shantanu.kanth@utkarsh.bank,PO-22-01-013018,"Brother (Printer - LaserJet)","Brother- L2541DW",E73802J1N978255,"ICON TN-2365","ICON DR 2365",,,3,0.4,0,0,"0000-00-00 00:00:00","0000-00-00 00:00:00","0000-00-00 00:00:00"
1282,Sultanganj,Jamalpur,"Station Road Near LIC Office,Sultanganj,District ? Bhagalpur,Bihar,Pin Code ? 813213",BHAGALPUR,BIHAR,813213,"Niteesh Kumar",,8090053789,bm.Sultanganj@utkarsh.bank,,"Mr.Priyatam Kumar Singh(RIT)",BIHAR,9504342712,priyatam.singh@utkarsh.bank,PO-22-08-010097,"Samsung (Printer - LaserJet)",MFD-SL-M2876ND,CNB1L9M5L3,,,"ICON 116L (Toner)","ICON 116L (Drum Unit)",3,0.4,0,0,"0000-00-00 00:00:00","0000-00-00 00:00:00","0000-00-00 00:00:00"
1282,Sultanganj,Jamalpur,"Station Road Near LIC Office,Sultanganj,District ? Bhagalpur,Bihar,Pin Code ? 813213",BHAGALPUR,BIHAR,813213,"Niteesh Kumar",,8090053789,bm.Sultanganj@utkarsh.bank,,"Mr.Priyatam Kumar Singh(RIT)",BIHAR,9504342712,priyatam.singh@utkarsh.bank,PO-22-11-011300,"Brother (Printer - LaserJet)","Brother- L2541DW",E73802J1N976327,"ICON TN-2365","ICON DR 2365",,,3,0.4,0,0,"0000-00-00 00:00:00","0000-00-00 00:00:00","0000-00-00 00:00:00"
1283,Baheri,Baheri,",Ganga Complex,Karpuri Chowk,Patel Nagar,Baheri,District - Darbhanga,Bihar,Pin code ? 847105",SAMASTIPUR,BIHAR,847105,"Amit Kumar",,7091599447,bm.baheri@utkarsh.bank,,"Mr.Priyatam Kumar Singh(RIT)",BIHAR,9504342712,priyatam.singh@utkarsh.bank,PO-22-08-010097,"Samsung (Printer - LaserJet)",MFD-SL-M2876ND,CNB3KDK4GZ,,,"ICON 116L (Toner)","ICON 116L (Drum Unit)",3,0.4,0,0,"0000-00-00 00:00:00","0000-00-00 00:00:00","0000-00-00 00:00:00"
1283,Baheri,Baheri,",Ganga Complex,Karpuri Chowk,Patel Nagar,Baheri,District - Darbhanga,Bihar,Pin code ? 847105",SAMASTIPUR,BIHAR,847105,"Amit Kumar",,7091599447,bm.baheri@utkarsh.bank,,"Mr.Priyatam Kumar Singh(RIT)",BIHAR,9504342712,priyatam.singh@utkarsh.bank,PO-22-11-011300,"Brother (Printer - LaserJet)","Brother- L2541DW",E73802J1N976371,"ICON TN-2365","ICON DR 2365",,,3,0.4,0,0,"0000-00-00 00:00:00","0000-00-00 00:00:00","0000-00-00 00:00:00"
1283,Baheri,Baheri,",Ganga Complex,Karpuri Chowk,Patel Nagar,Baheri,District - Darbhanga,Bihar,Pin code ? 847105",SAMASTIPUR,BIHAR,847105,"Amit Kumar",,7091599447,bm.baheri@utkarsh.bank,,"Mr.Priyatam Kumar Singh(RIT)",BIHAR,9504342712,priyatam.singh@utkarsh.bank,PO-23-07-019349,"EPSON (Printer - Inktank)","EPSON M3170 EPIL",X5TW019676,,,INK-005,"Maintaince Box",3,0,0,0,"0000-00-00 00:00:00","0000-00-00 00:00:00","0000-00-00 00:00:00"
1284,Betul,"Chhindwara Division","Village- Badnoordhana, Patel WardBetul, P.H. No.- 53, Settlement No467,
Khasra No.-2-6,Tehsil- BetulDistrict-Betul, MP, Pin-460001, BETUL, Betul
-1284, 460001",BETUL,"MADHYA PRADESH",460001,"Neha KhatarkarAjay Sriwstava",,8103571058/8103570906,NA,,"Mr. Neelish Soni (RIT)","MADHYA PRADESH",8090654540,neelesh.soni@utkarsh.bank,PO-23-12-025660,"Kyocera (Printer - LaserJet)","Kyocera FS 2040 DN",VYB2X14152,"ICON TK-1178",DK-1150,,,3,0,0,0,"0000-00-00 00:00:00","0000-00-00 00:00:00","0000-00-00 00:00:00"
1284,Betul,"Chhindwara Division","Village- Badnoordhana, Patel WardBetul, P.H. No.- 53, Settlement No467,
Khasra No.-2-6,Tehsil- BetulDistrict-Betul, MP, Pin-460001, BETUL, Betul
-1284, 460001",BETUL,"MADHYA PRADESH",460001,"Neha KhatarkarAjay Sriwstava",,8103571058/8103570906,NA,,"Mr. Neelish Soni (RIT)","MADHYA PRADESH",8090654540,neelesh.soni@utkarsh.bank,PO-24-09-010101,"Samsung (Printer - LaserJet)",MFD-SL-M2876ND,ZD5HB8KK9C04K5X-CNB1L9V6DT,,,"ICON 116L (Toner)","ICON 116L (Drum Unit)",3,0,0,0,"0000-00-00 00:00:00","0000-00-00 00:00:00","0000-00-00 00:00:00"
1285,Murtijapur,Amarawati,"SGround floor,samta Nagar,Kakanwari,Near Canera Bank,Murtuzapur,Distt.-Akola, Maharashtra,PIN-444107",AKOLA,MAHARASHTRA,444107,"Pankaj Vasantrao Pund",,7024318685,bm.murtijapur@utkarsh.bank,,"Mr. Rahul Chauhan (RIT) & Mr. Kamal (RIT)",MAHARASHTRA,7021828776/7525048585,rahul.chauhan1@utkarsh.bank,PO-22-08-010102,"Samsung (Printer - LaserJet)",MFD-SL-M2876ND,CNB1L9V5N6,,,"ICON 116L (Toner)","ICON 116L (Drum Unit)",3,0.4,0,0,"0000-00-00 00:00:00","0000-00-00 00:00:00","0000-00-00 00:00:00"
1285,Murtijapur,Amarawati,"SGround floor,samta Nagar,Kakanwari,Near Canera Bank,Murtuzapur,Distt.-Akola, Maharashtra,PIN-444107",AKOLA,MAHARASHTRA,444107,"Pankaj Vasantrao Pund",,7024318685,bm.murtijapur@utkarsh.bank,,"Mr. Rahul Chauhan (RIT) & Mr. Kamal (RIT)",MAHARASHTRA,7021828776/7525048585,rahul.chauhan1@utkarsh.bank,PO-23-09-021635,"EPSON (Printer - Inktank)","EPSON M3170 EPIL",X5TW010774,,,INK-005,"Maintaince Box",3,0.4,0,0,"0000-00-00 00:00:00","0000-00-00 00:00:00","0000-00-00 00:00:00"
1286,"Multai ","Chhindwara Division","Ground floor,Behind side sai Mandir,Ambedakar Ward, Betul Road, Multai, Distt- Betul, MP, Pin code-460661",BETUL,"MADHYA PRADESH",460661,"Jitendra Pahade",,9144217610,NA,,"Mr. Neelish Soni (RIT)","MADHYA PRADESH",8090654540,neelesh.soni@utkarsh.bank,PO-24-09-010101,"Samsung (Printer - LaserJet)",MFD-SL-M2876ND,"ZD5HB8KK9C04K8B -CNB1L9V6DX",,,"ICON 116L (Toner)","ICON 116L (Drum Unit)",3,0,0,0,"0000-00-00 00:00:00","0000-00-00 00:00:00","0000-00-00 00:00:00"
1287,Oreya(Hazaribagh),"Hazaribagh Division"," Oreya Road,Near Durga Mandir,Nutan Nagar,Oreya,District ? Hazaribagh,Jharkhand,Pin code ? 825303",HAZARIBAGH,JHARKHAND,825303,"Niraj Kumar Mishra",,7977361516,NA,,"Mr. Tapas Barik & Mr. Nitin Kumar (RIT)",JHARKHAND,9337513317/9608295625,tapas.barikh@utkarsh.bank,PO-23-06-018154,"Samsung (Printer - LaserJet)",MFD-SL-M2876ND,CNB1L1DROW,,,"ICON 116L (Toner)","ICON 116L (Drum Unit)",3,0,0,0,"0000-00-00 00:00:00","0000-00-00 00:00:00","0000-00-00 00:00:00"
1287,Oreya(Hazaribagh),"Hazaribagh Division"," Oreya Road,Near Durga Mandir,Nutan Nagar,Oreya,District ? Hazaribagh,Jharkhand,Pin code ? 825303",HAZARIBAGH,JHARKHAND,825303,"Niraj Kumar Mishra",,7977361516,NA,,"Mr. Tapas Barik & Mr. Nitin Kumar (RIT)",JHARKHAND,9337513317/9608295625,tapas.barikh@utkarsh.bank,PO-22-11-011327,"Brother (Printer - LaserJet)","Brother- L2541DW",E73802A2N240896,"ICON TN-2365","ICON DR 2365",,,3,0,0,0,"0000-00-00 00:00:00","0000-00-00 00:00:00","0000-00-00 00:00:00"
1288,Ghorawal,Ghorawal," Kotwali Road, Ghowaral,District ? Sonbhadra,Uttar Pradesh,Pin code ? 231210",SONBHADRA,"UTTAR PRADESH",231210,"Dhananjay Singh",,9305313431,NA,,"Mr.Haidar Ali (RIT)","UTTAR PRADESH",8090554271,"haidar,ali@utkarsh.bank",PO-23-11-023335,"EPSON (Printer - Inktank)","EPSON M3170 EPIL",X5TW015453,,,INK-005,"Maintaince Box",3,0,0,0,"0000-00-00 00:00:00","0000-00-00 00:00:00","0000-00-00 00:00:00"
1288,Ghorawal,Ghorawal," Kotwali Road, Ghowaral,District ? Sonbhadra,Uttar Pradesh,Pin code ? 231210",SONBHADRA,"UTTAR PRADESH",231210,"Dhananjay Singh",,9305313431,NA,,"Mr.Haidar Ali (RIT)","UTTAR PRADESH",8090554271,"haidar,ali@utkarsh.bank",PO-23-04-016383,"Samsung (Printer - LaserJet)",MFD-SL-M2876ND,ZD5HB8KJ8F025TW,,,"ICON 116L (Toner)","ICON 116L (Drum Unit)",3,0,0,0,"0000-00-00 00:00:00","0000-00-00 00:00:00","0000-00-00 00:00:00"
1289,"Ramgarh UP","Ramgarh UP"," Pannu ganj Road,Ramgarh,District ? Shonebhadra,Uttar Pradesh,Pin code ? 231213",SONBHADRA,"UTTAR PRADESH",231213,"Suraj Kumar Bhardwaj",,8429522822,NA,,"Mr.Haidar Ali (RIT)","UTTAR PRADESH",8090554271,"haidar,ali@utkarsh.bank",PO-23-04-016383,"Samsung (Printer - LaserJet)",MFD-SL-M2876ND,CNB1L9L54C,,,"ICON 116L (Toner)","ICON 116L (Drum Unit)",3,0,0,0,"0000-00-00 00:00:00","0000-00-00 00:00:00","0000-00-00 00:00:00"
1289,"Ramgarh UP","Ramgarh UP"," Pannu ganj Road,Ramgarh,District ? Shonebhadra,Uttar Pradesh,Pin code ? 231213",SONBHADRA,"UTTAR PRADESH",231213,"Suraj Kumar Bhardwaj",,8429522822,NA,,"Mr.Haidar Ali (RIT)","UTTAR PRADESH",8090554271,"haidar,ali@utkarsh.bank",PO-23-11-023335,"EPSON (Printer - Inktank)","EPSON M3170 EPIL",X5TW014141,,,INK-005,"Maintaince Box",3,0,0,0,"0000-00-00 00:00:00","0000-00-00 00:00:00","0000-00-00 00:00:00"
1290,"Baijnathpur (Erstwhile Khizersarai)","Samastipur Division"," Near TVS agancy,Madudabad Road,Chandan Chowk,Shahpur Patori,District ? Samastipur,Bihar,Pin Code ? 848504",SAMASTIPUR,BIHAR,848504,"Sachidanand Mishra",,8409792968,NA,,"Mr.Priyatam Kumar Singh(RIT)",BIHAR,9504342712,priyatam.singh@utkarsh.bank,PO-22-08-010097,"Samsung (Printer - LaserJet)",MFD-SL-M2876ND,"CNB1L9M5KP- ZD5HB8KK9C01XZB",,,"ICON 116L (Toner)","ICON 116L (Drum Unit)",3,0,0,0,"0000-00-00 00:00:00","0000-00-00 00:00:00","0000-00-00 00:00:00"
1290,"Baijnathpur (Erstwhile Khizersarai)","Samastipur Division"," Near TVS agancy,Madudabad Road,Chandan Chowk,Shahpur Patori,District ? Samastipur,Bihar,Pin Code ? 848504",SAMASTIPUR,BIHAR,848504,"Sachidanand Mishra",,8409792968,NA,,"Mr.Priyatam Kumar Singh(RIT)",BIHAR,9504342712,priyatam.singh@utkarsh.bank,PO-22-11-011305,"EPSON (Printer - Inktank)","EPSON M3170 EPIL",X5TW011263,,,INK-005,"Maintaince Box",3,0.4,0,0,"0000-00-00 00:00:00","0000-00-00 00:00:00","0000-00-00 00:00:00"
1290,"Baijnathpur (Erstwhile Khizersarai)","Samastipur Division"," Near TVS agancy,Madudabad Road,Chandan Chowk,Shahpur Patori,District ? Samastipur,Bihar,Pin Code ? 848504",SAMASTIPUR,BIHAR,848504,"Sachidanand Mishra",,8409792968,NA,,"Mr.Priyatam Kumar Singh(RIT)",BIHAR,9504342712,priyatam.singh@utkarsh.bank,"Awaiting PO","EPSON (Printer - Inktank)","EPSON M3170 EPIL",X5TW015753,,,INK-005,"Maintaince Box",3,0.4,0,0,"0000-00-00 00:00:00","0000-00-00 00:00:00","0000-00-00 00:00:00"
1291,"Pandhurna ","Chhindwara Division"," Station Road,Near Durga Temple,Shastri ward,Pandhurna,District ? Chhindwara,Madhay Pradesh,Pin Code ? 480334",CHHINDWARA,"MADHYA PRADESH",480334,"Atul Chaurasiya",,6263559289,NA,,"Mr. Neelish Soni (RIT)","MADHYA PRADESH",8090654540,neelesh.soni@utkarsh.bank,PO-24-09-010101,"Samsung (Printer - LaserJet)",MFD-SL-M2876ND,ZD5HB8KK9C04JSN-CNB1L9V6DF,,,"ICON 116L (Toner)","ICON 116L (Drum Unit)",3,0,0,0,"0000-00-00 00:00:00","0000-00-00 00:00:00","0000-00-00 00:00:00"
1292,"Pehowa ","Pehowa "," Near Dasmesh Petrol Pump,Ambala Road,Pehowa,District ? Kurushetra,Harayana,Pin Code ? 136128",KURUKSHETRA,HARYANA,136128,AKASH,,9520062881,bm.pehowa@utkarsh.bank,,"Mr.Haidar Ali (RIT)","UTTAR PRADESH",8090554271,"haidar,ali@utkarsh.bank",PO-22-9-010098,"Samsung (Printer - LaserJet)",MFD-SL-M2876ND,CNB1L9V5J5,,,"ICON 116L (Toner)","ICON 116L (Drum Unit)",3,0.4,0,0,"0000-00-00 00:00:00","0000-00-00 00:00:00","0000-00-00 00:00:00"
1292,"Pehowa ","Pehowa "," Near Dasmesh Petrol Pump,Ambala Road,Pehowa,District ? Kurushetra,Harayana,Pin Code ? 136128",KURUKSHETRA,HARYANA,136128,AKASH,,9520062881,bm.pehowa@utkarsh.bank,,"Mr.Haidar Ali (RIT)","UTTAR PRADESH",8090554271,"haidar,ali@utkarsh.bank",PO-22-01-013611,"EPSON (Printer - Inktank)","EPSON M3170 EPIL",X5TW011307,,,INK-005,"Maintaince Box",3,0.4,0,0,"0000-00-00 00:00:00","0000-00-00 00:00:00","0000-00-00 00:00:00"
1292,"Pehowa ","Pehowa "," Near Dasmesh Petrol Pump,Ambala Road,Pehowa,District ? Kurushetra,Harayana,Pin Code ? 136128",KURUKSHETRA,HARYANA,136128,AKASH,,9520062881,bm.pehowa@utkarsh.bank,,"Mr.Haidar Ali (RIT)","UTTAR PRADESH",8090554271,"haidar,ali@utkarsh.bank",PO-23-11-023365,"EPSON (Printer - Inktank)","EPSON M3170 EPIL",X5TW012220,,,INK-005,"Maintaince Box",3,0,0,0,"0000-00-00 00:00:00","0000-00-00 00:00:00","0000-00-00 00:00:00"
1293,"Shankarpur (Erstwhile Parsudih)","Shankarpur (Erstwhile Parsudih)","Shankarpur (Erstwhile Parsudih)Sarjamda, Parsudih, Jamshedpur - Jharkhand,India, PIN - 831002","EAST SINGHBUM",JHARKHAND,831002,"Abhay Kumar",,8294522439,utk14231@utkarsh.bank,,"Mr. Tapas Barik & Mr. Nitin Kumar (RIT)",JHARKHAND,9337513317/9608295625,tapas.barikh@utkarsh.bank,PO-23-06-018154,"Samsung (Printer - LaserJet)",MFD-SL-M2876ND,CNB1L9V69Y,,,"ICON 116L (Toner)","ICON 116L (Drum Unit)",3,0,0,0,"0000-00-00 00:00:00","0000-00-00 00:00:00","0000-00-00 00:00:00"
1294,Gola,Gola,"Nisha Prasad,? ,Near Chitranjan Sevasadan,Main Road Gola,Ramgarh,Jharkhand,India Pin-829110",RAMGARH,JHARKHAND,829110,"Anil Kumar",,9123147544,utk19797,,"Mr. Tapas Barik & Mr. Nitin Kumar (RIT)",JHARKHAND,9337513317/9608295625,tapas.barikh@utkarsh.bank,PO-23-06-018154,"Samsung (Printer - LaserJet)",MFD-SL-M2876ND,CNB1L9V6KC,,,"ICON 116L (Toner)","ICON 116L (Drum Unit)",3,0,0,0,"0000-00-00 00:00:00","0000-00-00 00:00:00","0000-00-00 00:00:00"
1295,"Muram Kalan (Erstwhile Ramgarh - JH)","Muram Kalan (Erstwhile Ramgarh - JH)","Ramgarh(Jh), Near Ramgarh Collage Gate, Opposite Rajnish Maruti Center, Ramgarh Cantt., Jharkhand, Pin- 829122",RAMGARH,JHARKHAND,829122,"Santosh Kumar",,8815049712,utk10295@utkarsh.bank,,"Mr. Tapas Barik & Mr. Nitin Kumar (RIT)",JHARKHAND,9337513317/9608295625,tapas.barikh@utkarsh.bank,PO-23-06-018154,"Samsung (Printer - LaserJet)",MFD-SL-M2876ND,CNB1L9V6KJ,,,"ICON 116L (Toner)","ICON 116L (Drum Unit)",3,0,0,0,"0000-00-00 00:00:00","0000-00-00 00:00:00","0000-00-00 00:00:00"
1296,Rajapur,Sirathu,"Near Hero Agency,Karvi Road,Rajapur,District ? Chitrakut,Uttar Pradesh,Pin code ? 210207",CHITRAKOOT,"UTTAR PRADESH",210207,"Mahendra Kumar",,7905926578,bm.rajapur@utkarsh.bank,,"Mr. Anil Kumar (RIT)","UTTAR PRADESH",7753811316,anil.yadav@utkarsh.bank,PO-23-04-016383,"Samsung (Printer - LaserJet)",MFD-SL-M2876ND,CNB3KDK74M,,,"ICON 116L (Toner)","ICON 116L (Drum Unit)",3,0.4,0,0,"0000-00-00 00:00:00","0000-00-00 00:00:00","0000-00-00 00:00:00"
1296,Rajapur,Sirathu,"Near Hero Agency,Karvi Road,Rajapur,District ? Chitrakut,Uttar Pradesh,Pin code ? 210207",CHITRAKOOT,"UTTAR PRADESH",210207,"Mahendra Kumar",,7905926578,bm.rajapur@utkarsh.bank,,"Mr. Anil Kumar (RIT)","UTTAR PRADESH",7753811316,anil.yadav@utkarsh.bank,PO-23-11-023335,"EPSON (Printer - Inktank)","EPSON M3170 EPIL",X5TW015417,,,INK-005,"Maintaince Box",3,0.4,0,0,"0000-00-00 00:00:00","0000-00-00 00:00:00","0000-00-00 00:00:00"
1297,Karwi,Sirathu,"Matganjan Nagar,Near Santoshi Mata Mandir,Karvi,District ? Chitrakoot,Uttar Pradesh,Pin code ? 210205",CHITRAKOOT,"UTTAR PRADESH",210205,"Raju Kushwaha",,6268629322,abm.karwi@utkarsh.bank,,"Mr. Anil Kumar (RIT)","UTTAR PRADESH",7753811316,anil.yadav@utkarsh.bank,PO-23-04-016383,"Samsung (Printer - LaserJet)",MFD-SL-M2876ND,CNB1L9L54D,,,"ICON 116L (Toner)","ICON 116L (Drum Unit)",3,0.4,0,0,"0000-00-00 00:00:00","0000-00-00 00:00:00","0000-00-00 00:00:00"
1297,Karwi,Sirathu,"Matganjan Nagar,Near Santoshi Mata Mandir,Karvi,District ? Chitrakoot,Uttar Pradesh,Pin code ? 210205",CHITRAKOOT,"UTTAR PRADESH",210205,"Raju Kushwaha",,6268629322,abm.karwi@utkarsh.bank,,"Mr. Anil Kumar (RIT)","UTTAR PRADESH",7753811316,anil.yadav@utkarsh.bank,PO-23-05-017661,"Brother (Printer - LaserJet)","Brother- L2541DW",E73802A2N241025,"ICON TN-2365","ICON DR 2365",,,3,0.4,0,0,"0000-00-00 00:00:00","0000-00-00 00:00:00","0000-00-00 00:00:00"
1298,Akola,Akola,"SERVE NO-34/2, IN FRONT OF PWD WORKSHOP, MANGLURPIR ROAD, KAULKHED, AKOLA, DIST-AKOLA, ?MH, PIN-444001",AKOLA,MAHARASHTRA,444001,"Rupali Rajendra Pore",,8625949763,ops.akola@utkarsh.bank,,"Mr. Rahul Chauhan (RIT) & Mr. Kamal (RIT)",MAHARASHTRA,7021828776/7525048585,rahul.chauhan1@utkarsh.bank,PO-22-08-010102,"Samsung (Printer - LaserJet)",MFD-SL-M2876ND,CNB1L9V5N5,,,"ICON 116L (Toner)","ICON 116L (Drum Unit)",3,0.4,0,0,"0000-00-00 00:00:00","0000-00-00 00:00:00","0000-00-00 00:00:00"
1299,Amarpur,Jamalpur,"Near bus stand,Banka Main Road,Amarpur,District - Banka,Bihar,Pin code ? 813101",BANKA,BIHAR,813101,"Gopi Krishna",,8114512590,bm.Amarpur@utkarsh.bank,,"Mr.Priyatam Kumar Singh(RIT)",BIHAR,9504342712,priyatam.singh@utkarsh.bank,PO-22-11-011305,"Brother (Printer - LaserJet)","Brother- L2541DW",E73802J1N976338,"ICON TN-2365","ICON DR 2365",,,3,0.4,0,0,"0000-00-00 00:00:00","0000-00-00 00:00:00","0000-00-00 00:00:00"
1299,Amarpur,Jamalpur,"Near bus stand,Banka Main Road,Amarpur,District - Banka,Bihar,Pin code ? 813101",BANKA,BIHAR,813101,"Gopi Krishna",,8114512590,bm.Amarpur@utkarsh.bank,,"Mr.Priyatam Kumar Singh(RIT)",BIHAR,9504342712,priyatam.singh@utkarsh.bank,PO-22-01-013018,"Brother (Printer - LaserJet)","Brother- L2541DW",E73802J1N976400,"ICON TN-2365","ICON DR 2365",,,3,0.4,0,0,"0000-00-00 00:00:00","0000-00-00 00:00:00","0000-00-00 00:00:00"
1299,Amarpur,Jamalpur,"Near bus stand,Banka Main Road,Amarpur,District - Banka,Bihar,Pin code ? 813101",BANKA,BIHAR,813101,"Gopi Krishna",,8114512590,bm.Amarpur@utkarsh.bank,,"Mr.Priyatam Kumar Singh(RIT)",BIHAR,9504342712,priyatam.singh@utkarsh.bank,PO-22-08-010097,"Samsung (Printer - LaserJet)",MFD-SL-M2876ND,ZD5HB8KJ8F028H,,,"ICON 116L (Toner)","ICON 116L (Drum Unit)",3,0,0,0,"0000-00-00 00:00:00","0000-00-00 00:00:00","0000-00-00 00:00:00"
1300,"Chaurai ","Chhindwara Division"," Ground floor,Ward no-14,Chand Road,Chaurai,District ? Chhindwada, State ? MP, PIN Code - 480115",CHHINDWARA,"MADHYA PRADESH",480115,"Amit Patel/Pradeep Dubbey",,7067165055/9977095152,NA,,"Mr. Neelish Soni (RIT)","MADHYA PRADESH",8090654540,neelesh.soni@utkarsh.bank,PO-24-09-010101,"Samsung (Printer - LaserJet)",MFD-SL-M2876ND,"ZD5HB8KK9C04JTH- CNB1L9V6DG",,,"ICON 116L (Toner)","ICON 116L (Drum Unit)",3,0,0,0,"0000-00-00 00:00:00","0000-00-00 00:00:00","0000-00-00 00:00:00"
1301,Seoni,Chhindwara,"Ground floor, in Front of Internantional Public School, Jabalpur Road, Seoni,  Distt. Seoni PIN-480661",SEONI,"MADHYA PRADESH",480661,"Suraj Deshmukh",,9130685631,bm.seoni@utkarsh.bank,,"Mr. Neelish Soni (RIT)","MADHYA PRADESH",8090654540,neelesh.soni@utkarsh.bank,PO-23-11-023386,"EPSON (Printer - Inktank)","EPSON M3170 EPIL",X5TW012672,,,INK-005,"Maintaince Box",3,0.4,0,0,"0000-00-00 00:00:00","0000-00-00 00:00:00","0000-00-00 00:00:00"
1301,Seoni,Chhindwara,"Ground floor, in Front of Internantional Public School, Jabalpur Road, Seoni,  Distt. Seoni PIN-480661",SEONI,"MADHYA PRADESH",480661,"Suraj Deshmukh",,9130685631,bm.seoni@utkarsh.bank,,"Mr. Neelish Soni (RIT)","MADHYA PRADESH",8090654540,neelesh.soni@utkarsh.bank,NA,"Samsung (Printer - LaserJet)",MFD-SL-M2876ND,"ZD5HB8KK9C04JLY- CNB1L9V6D7",,,"ICON 116L (Toner)","ICON 116L (Drum Unit)",3,0,0,0,"0000-00-00 00:00:00","0000-00-00 00:00:00","0000-00-00 00:00:00"
1302,Pusad,Yavatmal,"Ground floor,Nancy lodge, Near bus stand behind deepsandhya hotel,Pusad Distt- Yavatmal ,Maharashtra,PIN NO-442504",GADCHIROLI,MAHARASHTRA,442504,"Roshan Dnyaneshwaro Gayki",,9096806476,bm.pusad@utkarsh.bank,,"Mr. Rahul Chauhan (RIT) & Mr. Kamal (RIT)",MAHARASHTRA,7021828776/7525048585,rahul.chauhan1@utkarsh.bank,PO-22-08-010102,"Samsung (Printer - LaserJet)",MFD-SL-M2876ND,CNB1L9V5N9,,,"ICON 116L (Toner)","ICON 116L (Drum Unit)",3,0.4,0,0,"0000-00-00 00:00:00","0000-00-00 00:00:00","0000-00-00 00:00:00"
1302,Pusad,Yavatmal,"Ground floor,Nancy lodge, Near bus stand behind deepsandhya hotel,Pusad Distt- Yavatmal ,Maharashtra,PIN NO-442504",GADCHIROLI,MAHARASHTRA,442504,"Roshan Dnyaneshwaro Gayki",,9096806476,bm.pusad@utkarsh.bank,,"Mr. Rahul Chauhan (RIT) & Mr. Kamal (RIT)",MAHARASHTRA,7021828776/7525048585,rahul.chauhan1@utkarsh.bank,"Awaiting PO","EPSON (Printer - Inktank)","EPSON M3170 EPIL",X5TW010913,,,INK-005,"Maintaince Box",3,0.4,0,0,"0000-00-00 00:00:00","0000-00-00 00:00:00","0000-00-00 00:00:00"
1303,"Delhi Mod, Darbhanga","Delhi Mod, Darbhanga","Ward no 1,Maharani Pokhar,Near delhi mode,Sundarpur Beera,Delhi More,District - Darbhanga,Bihar,Pin Code ? 846005",DARBHANGA,BIHAR,846005,"Ashish Kumar",,8210685144,bm.delhimod@utkarsh.bank,,"Mr.Ajeet Kumar(RIT)",BIHAR,9608953407,ajeet.kumar@utkarsh.bank,PO-22-08-010097,"Samsung (Printer - LaserJet)",MFD-SL-M2876ND,CNB3KDK7TG,,,"ICON 116L (Toner)","ICON 116L (Drum Unit)",3,0.4,0,0,"0000-00-00 00:00:00","0000-00-00 00:00:00","0000-00-00 00:00:00"
1303,"Delhi Mod, Darbhanga","Delhi Mod, Darbhanga","Ward no 1,Maharani Pokhar,Near delhi mode,Sundarpur Beera,Delhi More,District - Darbhanga,Bihar,Pin Code ? 846005",DARBHANGA,BIHAR,846005,"Ashish Kumar",,8210685144,bm.delhimod@utkarsh.bank,,"Mr.Ajeet Kumar(RIT)",BIHAR,9608953407,ajeet.kumar@utkarsh.bank,PO-22-11-011305,"EPSON (Printer - Inktank)","EPSON M3170 EPIL",X5TW019512,,,INK-005,"Maintaince Box",3,0,0,0,"0000-00-00 00:00:00","0000-00-00 00:00:00","0000-00-00 00:00:00"
1303,"Delhi Mod, Darbhanga","Delhi Mod, Darbhanga","Ward no 1,Maharani Pokhar,Near delhi mode,Sundarpur Beera,Delhi More,District - Darbhanga,Bihar,Pin Code ? 846005",DARBHANGA,BIHAR,846005,"Ashish Kumar",,8210685144,bm.delhimod@utkarsh.bank,,"Mr.Ajeet Kumar(RIT)",BIHAR,9608953407,ajeet.kumar@utkarsh.bank,PO-23-07-019349,"EPSON (Printer - Inktank)","EPSON M3170 EPIL",X5TW019643,,,INK-005,"Maintaince Box",3,0,0,0,"0000-00-00 00:00:00","0000-00-00 00:00:00","0000-00-00 00:00:00"
1304,Banka,Jamalpur,"First floor,Near Amar deep hotal,Maharana Complex,Katoriya Road,Banka,District - Banka,Bihar, Pin code ? 813102",SUPAUL,BIHAR,813102,"Anil Kumar Ram",,8405027873,bm.Banka@utkarsh.bank,,"Mr.Priyatam Kumar Singh(RIT)",BIHAR,9504342712,priyatam.singh@utkarsh.bank,PO-23-05-017639,"Brother (Printer - LaserJet)","Brother- L2541DW",E73802A2N243023,"ICON TN-2365","ICON DR 2365",,,3,0.4,0,0,"0000-00-00 00:00:00","0000-00-00 00:00:00","0000-00-00 00:00:00"
1304,Banka,Jamalpur,"First floor,Near Amar deep hotal,Maharana Complex,Katoriya Road,Banka,District - Banka,Bihar, Pin code ? 813102",SUPAUL,BIHAR,813102,"Anil Kumar Ram",,8405027873,bm.Banka@utkarsh.bank,,"Mr.Priyatam Kumar Singh(RIT)",BIHAR,9504342712,priyatam.singh@utkarsh.bank,PO-22-08-010097,"Samsung (Printer - LaserJet)",MFD-SL-M2876ND,ZD5HB8KJ8F02C4V,,,"ICON 116L (Toner)","ICON 116L (Drum Unit)",3,0,0,0,"0000-00-00 00:00:00","0000-00-00 00:00:00","0000-00-00 00:00:00"
1305,Lakhisarai,"Munger Division","C.O. Surendra Singh Lakhisarai Purani Bazaar, Near Bharat Gas Agency,
Distt. Lakhisarai, Bihar, Pin - 811311, LAKHISARAI, Lakhisarai-1305,
811311",LAKHISARAI,BIHAR,811311,"Vivek Kumar",,7631497769,NA,,"Mr.Priyatam Kumar Singh(RIT)",BIHAR,9504342712,priyatam.singh@utkarsh.bank,PO-22-08-010097,"Samsung (Printer - LaserJet)",MFD-SL-M2876ND,CNB1L9M5KT,,,"ICON 116L (Toner)","ICON 116L (Drum Unit)",3,0,0,0,"0000-00-00 00:00:00","0000-00-00 00:00:00","0000-00-00 00:00:00"
1305,Lakhisarai,"Munger Division","C.O. Surendra Singh Lakhisarai Purani Bazaar, Near Bharat Gas Agency,
Distt. Lakhisarai, Bihar, Pin - 811311, LAKHISARAI, Lakhisarai-1305,
811311",LAKHISARAI,BIHAR,811311,"Vivek Kumar",,7631497769,NA,,"Mr.Priyatam Kumar Singh(RIT)",BIHAR,9504342712,priyatam.singh@utkarsh.bank,PO-23-05-017639,"Brother (Printer - LaserJet)","Brother- L2541DW",E73802A2N240925,"ICON TN-2365","ICON DR 2365",,,3,0.4,0,0,"0000-00-00 00:00:00","0000-00-00 00:00:00","0000-00-00 00:00:00"
1305,Lakhisarai,"Munger Division","C.O. Surendra Singh Lakhisarai Purani Bazaar, Near Bharat Gas Agency,
Distt. Lakhisarai, Bihar, Pin - 811311, LAKHISARAI, Lakhisarai-1305,
811311",LAKHISARAI,BIHAR,811311,"Vivek Kumar",,7631497769,NA,,"Mr.Priyatam Kumar Singh(RIT)",BIHAR,9504342712,priyatam.singh@utkarsh.bank,PO-22-02-014378,"EPSON (Printer - Inktank)","EPSON M3170 EPIL",X5TW011287,,,INK-005,"Maintaince Box",3,0.4,0,0,"0000-00-00 00:00:00","0000-00-00 00:00:00","0000-00-00 00:00:00"
1306,Barmasiya,Barmasiya," Near Savere Cinema,Behind children park,Baramasia,District ? Giridih,Jharkhand,Pin code ? 815301",GIRIDIH,JHARKHAND,815301,"Manjay Kumar",,7654206950,NA,,"Mr. Tapas Barik & Mr. Nitin Kumar (RIT)",JHARKHAND,9337513317/9608295625,tapas.barikh@utkarsh.bank,PO-23-06-018154,"Samsung (Printer - LaserJet)",MFD-SL-M2876ND,CNB1L9V6G1,,,"ICON 116L (Toner)","ICON 116L (Drum Unit)",3,0,0,0,"0000-00-00 00:00:00","0000-00-00 00:00:00","0000-00-00 00:00:00"
1307,Chaibasa,Chaibasa,"Station Road | Near Gurudwara Meri Tola | Chaibasa | Ranchi | Jharkhand | 833201","WEST SINGHBHUM",JHARKHAND,833201,"Vinay Kumar Singh",,7739203073,utk17692@utkarsh.bank,,"Mr. Tapas Barik & Mr. Nitin Kumar (RIT)",JHARKHAND,9337513317/9608295625,tapas.barikh@utkarsh.bank,PO-23-06-018154,"Samsung (Printer - LaserJet)",MFD-SL-M2876ND,CNB1L9V69K,,,"ICON 116L (Toner)","ICON 116L (Drum Unit)",3,0,0,0,"0000-00-00 00:00:00","0000-00-00 00:00:00","0000-00-00 00:00:00"
1308,Barni,"Chhindwara Division","finace bank , ward no 14 , Teacher colony , Chhindwara Raod amarwara , pin no , 480221",CHHINDWARA,"MADHYA PRADESH",480221,"Atul Shrivastava",,8878551812,NA,,"Mr. Neelish Soni (RIT)","MADHYA PRADESH",8090654540,neelesh.soni@utkarsh.bank,PO-24-09-010101,"Samsung (Printer - LaserJet)",MFD-SL-M2876ND,"ZD5HB8KJCC005LZ- CNB3KDK4G2",,,"ICON 116L (Toner)","ICON 116L (Drum Unit)",3,0,0,0,"0000-00-00 00:00:00","0000-00-00 00:00:00","0000-00-00 00:00:00"
1309,Patti,Sultapur,"Near Shabji Mandi,Udai deeh mode,Baheliyapur,Patti,District - Pratapgarh,Uttar Pradesh,Pin code ? 230134",PRATAPGARH,"UTTAR PRADESH",230134,"Nagendra pratap singh ",,7355636959,bm.patti@utkarsh.bank,,"Mr. Anil Kumar (RIT)","UTTAR PRADESH",7753811316,anil.yadav@utkarsh.bank,PO-23-05-017661,"EPSON (Printer - Inktank)","EPSON M3170 EPIL",X5TW011023,,,INK-005,"Maintaince Box",3,0.4,0,0,"0000-00-00 00:00:00","0000-00-00 00:00:00","0000-00-00 00:00:00"
1309,Patti,Sultapur,"Near Shabji Mandi,Udai deeh mode,Baheliyapur,Patti,District - Pratapgarh,Uttar Pradesh,Pin code ? 230134",PRATAPGARH,"UTTAR PRADESH",230134,"Nagendra pratap singh ",,7355636959,bm.patti@utkarsh.bank,,"Mr. Anil Kumar (RIT)","UTTAR PRADESH",7753811316,anil.yadav@utkarsh.bank,PO-23-04-016383,"Samsung (Printer - LaserJet)",MFD-SL-M2876ND,ZD4GB8KJ2F000WJ,,,"ICON 116L (Toner)","ICON 116L (Drum Unit)",3,0.4,0,0,"0000-00-00 00:00:00","0000-00-00 00:00:00","0000-00-00 00:00:00"
1310,Saintala,"Raipur Division"," Ground floor,Shyam Chamber,Celibrety Home,Kabir nagar,Birgaon, District ? Raipur,Chhatisgarh Pin Code ? 492001",RAIPUR,CHHATTISGARH,492001,"Puja Santosh Gajbhiye",,9145639438,NA,,"Mr. Neelish Soni (RIT)","MADHYA PRADESH",8090654540,neelesh.soni@utkarsh.bank,PO-24-09-010111,"Samsung (Printer - LaserJet)",MFD-SL-M2876ND,ZD5HB8KK9C04K7W-CNB1L9V6DW,,,"ICON 116L (Toner)","ICON 116L (Drum Unit)",3,0,0,0,"0000-00-00 00:00:00","0000-00-00 00:00:00","0000-00-00 00:00:00"
1311,"Jamalpur (Br)","Jamalpur (Br)","Mauza Nayagaon PS. East Colony DDTulsi Road post jamalpur dis-Munger State Bihar Pin-811814 Khata No 32Khesara No 2439 Thana No11

HoldingNo 391-295 Ward No 5, MUNGER, Jamalpur BH-1311, 811814",Jamalpur,Bihar,811814,"Ajit Kumar Mishra",,7070560595,NA,,"Mr.Priyatam Kumar Singh(RIT)",BIHAR,9504342712,priyatam.singh@utkarsh.bank,PO-22-08-010097,"Samsung (Printer - LaserJet)",MFD-SL-M2876ND,CNB1KCAMS9,,,"ICON 116L (Toner)","ICON 116L (Drum Unit)",3,0,0,0,"0000-00-00 00:00:00","0000-00-00 00:00:00","0000-00-00 00:00:00"
1311,"Jamalpur (Br)","Jamalpur (Br)","Mauza Nayagaon PS. East Colony DDTulsi Road post jamalpur dis-Munger State Bihar Pin-811814 Khata No 32Khesara No 2439 Thana No11

HoldingNo 391-295 Ward No 5, MUNGER, Jamalpur BH-1311, 811814",Jamalpur,Bihar,811814,"Ajit Kumar Mishra",,7070560595,NA,,"Mr.Priyatam Kumar Singh(RIT)",BIHAR,9504342712,priyatam.singh@utkarsh.bank,PO-22-12-012480,"Brother (Printer - LaserJet)","Brother- L2541DW",E73802J1N976370,"ICON TN-2365","ICON DR 2365",,,3,0.4,0,0,"0000-00-00 00:00:00","0000-00-00 00:00:00","0000-00-00 00:00:00"
1311,"Jamalpur (Br)","Jamalpur (Br)","Mauza Nayagaon PS. East Colony DDTulsi Road post jamalpur dis-Munger State Bihar Pin-811814 Khata No 32Khesara No 2439 Thana No11

HoldingNo 391-295 Ward No 5, MUNGER, Jamalpur BH-1311, 811814",Jamalpur,Bihar,811814,"Ajit Kumar Mishra",,7070560595,NA,,"Mr.Priyatam Kumar Singh(RIT)",BIHAR,9504342712,priyatam.singh@utkarsh.bank,PO-22-11-011305,"Brother (Printer - LaserJet)","Brother- L2541DW",E73802J1N976404,"ICON TN-2365","ICON DR 2365",,,3,0.4,0,0,"0000-00-00 00:00:00","0000-00-00 00:00:00","0000-00-00 00:00:00"
1311,"Jamalpur (Br)","Jamalpur (Br)","Mauza Nayagaon PS. East Colony DDTulsi Road post jamalpur dis-Munger State Bihar Pin-811814 Khata No 32Khesara No 2439 Thana No11

HoldingNo 391-295 Ward No 5, MUNGER, Jamalpur BH-1311, 811814",Jamalpur,Bihar,811814,"Ajit Kumar Mishra",,7070560595,NA,,"Mr.Priyatam Kumar Singh(RIT)",BIHAR,9504342712,priyatam.singh@utkarsh.bank,PO-23-07-019349,"EPSON (Printer - Inktank)","EPSON M3170 EPIL",X5TW017639,,,INK-005,"Maintaince Box",3,0,0,0,"0000-00-00 00:00:00","0000-00-00 00:00:00","0000-00-00 00:00:00"
1312,Ghatsila,Ghatsila,"ground floor,plot no 713/6 near civil court phuldungri,ghatshila,east singhbhum,jharkhand 832303","EAST SINGHBUM",JHARKHAND,832303,"Ranjeet Kumar",,6200972807,utk13654@utkarsh.bank,,"Mr. Tapas Barik & Mr. Nitin Kumar (RIT)",JHARKHAND,9337513317/9608295625,tapas.barikh@utkarsh.bank,PO-23-06-018154,"Samsung (Printer - LaserJet)",MFD-SL-M2876ND,ZD5HB8KJ8F01WNK,,,"ICON 116L (Toner)","ICON 116L (Drum Unit)",3,0,0,0,"0000-00-00 00:00:00","0000-00-00 00:00:00","0000-00-00 00:00:00"
1313,Mahnar,"Vaishali Division"," Thana Road,Shakuntla Place,Mahnar,District - Vaishali,Bihar,Pin code ? 844506",SAMASTIPUR,BIHAR,844506,"Sachidanand Mishra",,8409792968,NA,,"Mr.Priyatam Kumar Singh(RIT)",BIHAR,9504342712,priyatam.singh@utkarsh.bank,PO-22-11-011305,"Brother (Printer - LaserJet)","Brother- L2541DW",E73802J1N976566,"ICON TN-2365","ICON DR 2365",,,3,0,0,0,"0000-00-00 00:00:00","0000-00-00 00:00:00","0000-00-00 00:00:00"
1313,Mahnar,"Vaishali Division"," Thana Road,Shakuntla Place,Mahnar,District - Vaishali,Bihar,Pin code ? 844506",SAMASTIPUR,BIHAR,844506,"Sachidanand Mishra",,8409792968,NA,,"Mr.Priyatam Kumar Singh(RIT)",BIHAR,9504342712,priyatam.singh@utkarsh.bank,PO-23-07-019048,"EPSON (Printer - Inktank)","EPSON M3170 EPIL",X5TW015327,,,INK-005,"Maintaince Box",3,0.4,0,0,"0000-00-00 00:00:00","0000-00-00 00:00:00","0000-00-00 00:00:00"
1313,Mahnar,"Vaishali Division"," Thana Road,Shakuntla Place,Mahnar,District - Vaishali,Bihar,Pin code ? 844506",SAMASTIPUR,BIHAR,844506,"Sachidanand Mishra",,8409792968,NA,,"Mr.Priyatam Kumar Singh(RIT)",BIHAR,9504342712,priyatam.singh@utkarsh.bank,PO-23-07-019349,"EPSON (Printer - Inktank)","EPSON M3170 EPIL",X5TW018443,,,INK-005,"Maintaince Box",3,0,0,0,"0000-00-00 00:00:00","0000-00-00 00:00:00","0000-00-00 00:00:00"
1313,Mahnar,"Vaishali Division"," Thana Road,Shakuntla Place,Mahnar,District - Vaishali,Bihar,Pin code ? 844506",SAMASTIPUR,BIHAR,844506,"Sachidanand Mishra",,8409792968,NA,,"Mr.Priyatam Kumar Singh(RIT)",BIHAR,9504342712,priyatam.singh@utkarsh.bank,PO-22-08-010097,"Samsung (Printer - LaserJet)",MFD-SL-M2876ND,ZD5HB8KJ8F02CCK,,,"ICON 116L (Toner)","ICON 116L (Drum Unit)",3,0.4,0,0,"0000-00-00 00:00:00","0000-00-00 00:00:00","0000-00-00 00:00:00"
1314,Abhanpur,Raipur,"Nayak Bandha,Rajim Road,Near Axis Bank,Abhanpur,District - Raipur,Chhattishgarh,Pin code ? 493661",RAIPUR,CHHATTISGARH,493661,"Neware Chandreshekhar",,7721092420,utk10529@utkarsh.bank,,"Mr. Neelish Soni (RIT)","MADHYA PRADESH",8090654540,neelesh.soni@utkarsh.bank,PO-24-09-010111,"Samsung (Printer - LaserJet)",MFD-SL-M2876ND,ZD5HB8KJ8F027YF,,,"ICON 116L (Toner)","ICON 116L (Drum Unit)",3,0.4,0,0,"0000-00-00 00:00:00","0000-00-00 00:00:00","0000-00-00 00:00:00"
1315,"Jamui (Bihar)","Munger Division","Ground floor,Mahisudi chowk,Near Bijali Office,Sikandra Road,Jamui,Distt.-Jamui,Bihar,PIN-811307",JAMUI,BIHAR,811307,"Dhamendra Prasad",,8507237585,NA,,"Mr.Priyatam Kumar Singh(RIT)",BIHAR,9504342712,priyatam.singh@utkarsh.bank,PO-22-08-010097,"Samsung (Printer - LaserJet)",MFD-SL-M2876ND,CNB1L9M5KR,,,"ICON 116L (Toner)","ICON 116L (Drum Unit)",3,0,0,0,"0000-00-00 00:00:00","0000-00-00 00:00:00","0000-00-00 00:00:00"
1315,"Jamui (Bihar)","Munger Division","Ground floor,Mahisudi chowk,Near Bijali Office,Sikandra Road,Jamui,Distt.-Jamui,Bihar,PIN-811307",JAMUI,BIHAR,811307,"Dhamendra Prasad",,8507237585,NA,,"Mr.Priyatam Kumar Singh(RIT)",BIHAR,9504342712,priyatam.singh@utkarsh.bank,PO-22-01-013018,"Brother (Printer - LaserJet)","Brother- L2541DW",E73802J1N976467,"ICON TN-2365","ICON DR 2365",,,3,0.4,0,0,"0000-00-00 00:00:00","0000-00-00 00:00:00","0000-00-00 00:00:00"
1316,"Zonal Office-Patna - 7","Patna Division","Zonal Office:- 2nd Floor,134-A, Patliputra Colony,Opposite Polytechnic Gate,Patna Bihar, PIN ? 800013",PATNA,BIHAR,800013,"Atit Kumar",,7369024760,NA,,"Mr.Shantanu Kanth(RIT)",BIHAR,7635093755,shantanu.kanth@utkarsh.bank,PO-22-12-012235,"HP (Printer - LaserJet)","HP-M226DW- MFP",CNBRPBFFWZ,,,"ICON 88A",,3,0,0,0,"0000-00-00 00:00:00","0000-00-00 00:00:00","0000-00-00 00:00:00"
1316,"Zonal Office-Patna - 7","Patna Division","Zonal Office:- 2nd Floor,134-A, Patliputra Colony,Opposite Polytechnic Gate,Patna Bihar, PIN ? 800013",PATNA,BIHAR,800013,"Atit Kumar",,7369024760,NA,,"Mr.Shantanu Kanth(RIT)",BIHAR,7635093755,shantanu.kanth@utkarsh.bank,PO-22-08-010097,"Samsung (Printer - LaserJet)",MFD-SL-M2876ND,ZD5HB8KJ8F02A7J,,,"ICON 116L (Toner)","ICON 116L (Drum Unit)",3,0,0,0,"0000-00-00 00:00:00","0000-00-00 00:00:00","0000-00-00 00:00:00"
1317,"Raipur ","Raipur Division"," Ground floor,Near Mahadev Talab,Shiv Nagar,new Changorabhata,Raipur, District- Raipur, State-Chhatishgarh 492001 ",RAIPUR,CHHATTISGARH,492001,"Sumeet Ashish Pashine",,8928084033,NA,,"Mr. Neelish Soni (RIT)","MADHYA PRADESH",8090654540,neelesh.soni@utkarsh.bank,PO-24-09-010111,"Samsung (Printer - LaserJet)",MFD-SL-M2876ND,CNB1L9V6DR,,,"ICON 116L (Toner)","ICON 116L (Drum Unit)",3,0,0,0,"0000-00-00 00:00:00","0000-00-00 00:00:00","0000-00-00 00:00:00"
1317,"Raipur ","Raipur Division"," Ground floor,Near Mahadev Talab,Shiv Nagar,new Changorabhata,Raipur, District- Raipur, State-Chhatishgarh 492001 ",RAIPUR,CHHATTISGARH,492001,"Sumeet Ashish Pashine",,8928084033,NA,,"Mr. Neelish Soni (RIT)","MADHYA PRADESH",8090654540,neelesh.soni@utkarsh.bank,PO-21-02-003991,"HP (Printer - LaserJet)","MFP M72630",CNB1LDB00F,,,"ICON W1002YC",,1,0,0,0,"0000-00-00 00:00:00","0000-00-00 00:00:00","0000-00-00 00:00:00"
1318,Kalyandih,"Giridih Division"," Ground floor,Jamua Road,Near Bank of India,Kalyandih,District-Giridih State- Jharkhand,PIN-815316.",GIRIDIH,JHARKHAND,815316,"Chetlal Kumar Das",,"7319942528op.godda@utkarsh .bank",NA,,"Mr. Tapas Barik & Mr. Nitin Kumar (RIT)",JHARKHAND,9337513317/9608295625,tapas.barikh@utkarsh.bank,PO-23-06-018154,"Samsung (Printer - LaserJet)",MFD-SL-M2876ND,CNB1L9V69W,,,"ICON 116L (Toner)","ICON 116L (Drum Unit)",3,0,0,0,"0000-00-00 00:00:00","0000-00-00 00:00:00","0000-00-00 00:00:00"
1318,Kalyandih,"Giridih Division"," Ground floor,Jamua Road,Near Bank of India,Kalyandih,District-Giridih State- Jharkhand,PIN-815316.",GIRIDIH,JHARKHAND,815316,"Chetlal Kumar Das",,"7319942528op.godda@utkarsh .bank",NA,,"Mr. Tapas Barik & Mr. Nitin Kumar (RIT)",JHARKHAND,9337513317/9608295625,tapas.barikh@utkarsh.bank,"Awaiting PO","EPSON (Printer - Inktank)","EPSON M3170 EPIL",X5TW015518,,,INK-005,"Maintaince Box",3,0,0,0,"0000-00-00 00:00:00","0000-00-00 00:00:00","0000-00-00 00:00:00"
1319,Saraikela,Saraikela,"WARD NO-8,SERAIKELA,SERAIKELA-KHARSAWAN,JHARKHAND,833219","SARAIKELA KHARSAWAN",JHARKHAND,833219,"Ajay Yadav",,7004619945,utk12428@utkarsh.bank,,"Mr. Tapas Barik & Mr. Nitin Kumar (RIT)",JHARKHAND,9337513317/9608295625,tapas.barikh@utkarsh.bank,PO-23-06-018154,"Samsung (Printer - LaserJet)",MFD-SL-M2876ND,ZD5HB8KJ8C00DJN,,,"ICON 116L (Toner)","ICON 116L (Drum Unit)",3,0,0,0,"0000-00-00 00:00:00","0000-00-00 00:00:00","0000-00-00 00:00:00"
1320,Barhi,Barhi,"NEAR HERO SHOWROOM, Koderma Road, Barhi, PIN- 825405",HAZARIBAGH,JHARKHAND,825405,"Mahendra Prasad Verma",,8709693084,utk12723@utkarsh.bank,,"Mr. Tapas Barik & Mr. Nitin Kumar (RIT)",JHARKHAND,9337513317/9608295625,tapas.barikh@utkarsh.bank,PO-23-11-023703,"EPSON (Printer - Inktank)","EPSON M3170 EPIL",X5TW017551,,,INK-005,"Maintaince Box",3,0,0,0,"0000-00-00 00:00:00","0000-00-00 00:00:00","0000-00-00 00:00:00"
1321,Banmankhi,Purnia,"First floor,Near Canra Bank,Dheer Market,Ward No.- 08,Banmankhi,District - Purnia,Bihar,Pin code ? 854202",ARARIA,BIHAR,854202,"Niraj Kumar Mishra",,8789281441,bm.Banmankhi@utkarsh.bank,,"Mr.Priyatam Kumar Singh(RIT)",BIHAR,9504342712,priyatam.singh@utkarsh.bank,PO-22-11-011305,"Brother (Printer - LaserJet)","Brother- L2541DW",E73802K1N126471,"ICON TN-2365","ICON DR 2365",,,3,0.4,0,0,"0000-00-00 00:00:00","0000-00-00 00:00:00","0000-00-00 00:00:00"
1321,Banmankhi,Purnia,"First floor,Near Canra Bank,Dheer Market,Ward No.- 08,Banmankhi,District - Purnia,Bihar,Pin code ? 854202",ARARIA,BIHAR,854202,"Niraj Kumar Mishra",,8789281441,bm.Banmankhi@utkarsh.bank,,"Mr.Priyatam Kumar Singh(RIT)",BIHAR,9504342712,priyatam.singh@utkarsh.bank,PO-22-08-010097,"Samsung (Printer - LaserJet)",MFD-SL-M2876ND,ZD5HB8KJ8F02C3X,,,"ICON 116L (Toner)","ICON 116L (Drum Unit)",3,0.4,0,0,"0000-00-00 00:00:00","0000-00-00 00:00:00","0000-00-00 00:00:00"
1322,Sikandra,"Patna Division","Zonal Office:- 2nd Floor,134-A, Patliputra Colony,
Opposite Polytechnic Gate,Patna Bihar, PIN ? 800013",PATNA,BIHAR,800013,"Shyamal Dey",,9334991296,NA,,"Mr.Shantanu Kanth(RIT)",BIHAR,7635093755,shantanu.kanth@utkarsh.bank,PO-22-08-010097,"Samsung (Printer - LaserJet)",MFD-SL-M2876ND,CNB1L1DR19,,,"ICON 116L (Toner)","ICON 116L (Drum Unit)",3,0,0,0,"0000-00-00 00:00:00","0000-00-00 00:00:00","0000-00-00 00:00:00"
1322,Sikandra,"Patna Division","Zonal Office:- 2nd Floor,134-A, Patliputra Colony,
Opposite Polytechnic Gate,Patna Bihar, PIN ? 800013",PATNA,BIHAR,800013,"Shyamal Dey",,9334991296,NA,,"Mr.Shantanu Kanth(RIT)",BIHAR,7635093755,shantanu.kanth@utkarsh.bank,PO-22-11-011305,"Brother (Printer - LaserJet)","Brother- L2541DW",E73802J1N976361,"ICON TN-2365","ICON DR 2365",,,3,0.4,0,0,"0000-00-00 00:00:00","0000-00-00 00:00:00","0000-00-00 00:00:00"
1322,Sikandra,"Patna Division","Zonal Office:- 2nd Floor,134-A, Patliputra Colony,
Opposite Polytechnic Gate,Patna Bihar, PIN ? 800013",PATNA,BIHAR,800013,"Shyamal Dey",,9334991296,NA,,"Mr.Shantanu Kanth(RIT)",BIHAR,7635093755,shantanu.kanth@utkarsh.bank,PO-22-01-013018,"Brother (Printer - LaserJet)","Brother- L2541DW",E73802K1N128556,"ICON TN-2365","ICON DR 2365",,,3,0.4,0,0,"0000-00-00 00:00:00","0000-00-00 00:00:00","0000-00-00 00:00:00"
1323,Koderma,"Hazaribagh Division","Near Dudhi Mati ChowkKoderma, Dist- KodermaJharkhand, Pin825410,

KODERMA, Koderma-1323, 825410",KODERMA,JHARKHAND,825410,"Md. Mashooque Alam/Lal Chand Rawani",,7280027136/9940973662,NA,,"Mr. Tapas Barik & Mr. Nitin Kumar (RIT)",JHARKHAND,9337513317/9608295625,tapas.barikh@utkarsh.bank,PO-23-06-018154,"Samsung (Printer - LaserJet)",MFD-SL-M2876ND,CNB2L7DJ7S,,,"ICON 116L (Toner)","ICON 116L (Drum Unit)",3,0,0,0,"0000-00-00 00:00:00","0000-00-00 00:00:00","0000-00-00 00:00:00"
1323,Koderma,"Hazaribagh Division","Near Dudhi Mati ChowkKoderma, Dist- KodermaJharkhand, Pin825410,

KODERMA, Koderma-1323, 825410",KODERMA,JHARKHAND,825410,"Md. Mashooque Alam/Lal Chand Rawani",,7280027136/9940973662,NA,,"Mr. Tapas Barik & Mr. Nitin Kumar (RIT)",JHARKHAND,9337513317/9608295625,tapas.barikh@utkarsh.bank,PO-22-02-014757,"Brother (Printer - LaserJet)","Brother- L2541DW",E73802A2N241050,"ICON TN-2365","ICON DR 2365",,,3,0,0,0,"0000-00-00 00:00:00","0000-00-00 00:00:00","0000-00-00 00:00:00"
1324,"Raniganj (UP)",Sultapur,"Gauraganj Road,Dariyapur,Raniganj,District ? Pratapgarh,Uttar Pradesh,Pin code ? 230304",PRATAPGARH,"UTTAR PRADESH",230304,"Girish Kumar",,8756399797,bm.raniganj@utkarsh.bank,,"Mr. Anil Kumar (RIT)","UTTAR PRADESH",7753811316,anil.yadav@utkarsh.bank,PO-23-04-016383,"Samsung (Printer - LaserJet)",MFD-SL-M2876ND,CNB2L7DJ9X,,,"ICON 116L (Toner)","ICON 116L (Drum Unit)",3,0.4,0,0,"0000-00-00 00:00:00","0000-00-00 00:00:00","0000-00-00 00:00:00"
1325,Katihar,Purnia,"Near Essar Petrol Pump,PNT Chowk,Barmasiya,Katihar,District ? Katihar,Bihar,Pin code ? 854105",KATIHAR,BIHAR,854105,"Rajkumar Sharma",,9546643363,bm.Katihar@utkarsh.bank,,"Mr.Priyatam Kumar Singh(RIT)",BIHAR,9504342712,priyatam.singh@utkarsh.bank,PO-22-08-010097,"Samsung (Printer - LaserJet)",MFD-SL-M2876ND,CNB1L9M5KY,,,"ICON 116L (Toner)","ICON 116L (Drum Unit)",3,0.4,0,0,"0000-00-00 00:00:00","0000-00-00 00:00:00","0000-00-00 00:00:00"
1325,Katihar,Purnia,"Near Essar Petrol Pump,PNT Chowk,Barmasiya,Katihar,District ? Katihar,Bihar,Pin code ? 854105",KATIHAR,BIHAR,854105,"Rajkumar Sharma",,9546643363,bm.Katihar@utkarsh.bank,,"Mr.Priyatam Kumar Singh(RIT)",BIHAR,9504342712,priyatam.singh@utkarsh.bank,PO-22-11-011305,"Brother (Printer - LaserJet)","Brother- L2541DW",E73802J1N978417,"ICON TN-2365","ICON DR 2365",,,3,0.4,0,0,"0000-00-00 00:00:00","0000-00-00 00:00:00","0000-00-00 00:00:00"
1326,Purnia,Purnia,"First Floor,Raj Complax,Abdulla Nagar,Near Sharda Takiz,Kalighat,District - Purnia,Bihar,Pin code ? 854302",PURNIA,BIHAR,854302,"Raj Kumar",,9852999395,bm.Purnia@utkarsh.bank,,"Mr.Priyatam Kumar Singh(RIT)",BIHAR,9504342712,priyatam.singh@utkarsh.bank,PO-22-01-013018,"Brother (Printer - LaserJet)","Brother- L2541DW",E73802J1N976409,"ICON TN-2365","ICON DR 2365",,,3,0.4,0,0,"0000-00-00 00:00:00","0000-00-00 00:00:00","0000-00-00 00:00:00"
1326,Purnia,Purnia,"First Floor,Raj Complax,Abdulla Nagar,Near Sharda Takiz,Kalighat,District - Purnia,Bihar,Pin code ? 854302",PURNIA,BIHAR,854302,"Raj Kumar",,9852999395,bm.Purnia@utkarsh.bank,,"Mr.Priyatam Kumar Singh(RIT)",BIHAR,9504342712,priyatam.singh@utkarsh.bank,PO-22-11-011305,"Brother (Printer - LaserJet)","Brother- L2541DW",E73802J1N976498,"ICON TN-2365","ICON DR 2365",,,3,0.4,0,0,"0000-00-00 00:00:00","0000-00-00 00:00:00","0000-00-00 00:00:00"
1326,Purnia,Purnia,"First Floor,Raj Complax,Abdulla Nagar,Near Sharda Takiz,Kalighat,District - Purnia,Bihar,Pin code ? 854302",PURNIA,BIHAR,854302,"Raj Kumar",,9852999395,bm.Purnia@utkarsh.bank,,"Mr.Priyatam Kumar Singh(RIT)",BIHAR,9504342712,priyatam.singh@utkarsh.bank,PO-22-08-010097,"Samsung (Printer - LaserJet)",MFD-SL-M2876ND,ZD5HB8KJ8F02C2M,,,"ICON 116L (Toner)","ICON 116L (Drum Unit)",3,0,0,0,"0000-00-00 00:00:00","0000-00-00 00:00:00","0000-00-00 00:00:00"
1327,Rajdhanwar,Rajdhanwar,"Utkarsh Small Fianace Bank,Gandhi Chok block road rajdhanwar, ? Jharkhand - 825412",GIRIDIH,JHARKHAND,825412,"Pankaj Kumar Singh",,8051904138,utk14341@utkarsh.bank,,"Mr. Tapas Barik & Mr. Nitin Kumar (RIT)",JHARKHAND,9337513317/9608295625,tapas.barikh@utkarsh.bank,PO-23-06-018154,"Samsung (Printer - LaserJet)",MFD-SL-M2876ND,CNB2L7DJ7K,,,"ICON 116L (Toner)","ICON 116L (Drum Unit)",3,0,0,0,"0000-00-00 00:00:00","0000-00-00 00:00:00","0000-00-00 00:00:00"
1328,"Arang ","Raipur Division"," Khrora Road,Near Kale Moad,Ward NO- 01,Arang,District ? Raippur,Chhattisgarh,Pin code ? 493441",RAIPUR,CHHATTISGARH,493441,Raja,,8960754807,NA,,"Mr. Neelish Soni (RIT)","MADHYA PRADESH",8090654540,neelesh.soni@utkarsh.bank,PO-24-09-010111,"Samsung (Printer - LaserJet)",MFD-SL-M2876ND,"ZD5HB8KJBF001HB- CNB2KC8F3L",,,"ICON 116L (Toner)","ICON 116L (Drum Unit)",3,0,0,0,"0000-00-00 00:00:00","0000-00-00 00:00:00","0000-00-00 00:00:00"
1329,Chopan,Chopan," Main highway Road,Chopan,DistRICT ? Sonbhadra,Uttar Pradesh,Pin code ? 231205",SONBHADRA,"UTTAR PRADESH",231205,"Ashish Kumar Pandey",,7376349372,NA,,"Mr.Haidar Ali (RIT)","UTTAR PRADESH",8090554271,"haidar,ali@utkarsh.bank",PO-23-12-024565,"EPSON (Printer - Inktank)","EPSON M3170 EPIL",X5TW018787,,,INK-005,"Maintaince Box",3,0,0,0,"0000-00-00 00:00:00","0000-00-00 00:00:00","0000-00-00 00:00:00"
1329,Chopan,Chopan," Main highway Road,Chopan,DistRICT ? Sonbhadra,Uttar Pradesh,Pin code ? 231205",SONBHADRA,"UTTAR PRADESH",231205,"Ashish Kumar Pandey",,7376349372,NA,,"Mr.Haidar Ali (RIT)","UTTAR PRADESH",8090554271,"haidar,ali@utkarsh.bank",PO-23-07-019634,"EPSON (Printer - Inktank)","EPSON M3170 EPIL",X5TW020836,,,INK-005,"Maintaince Box",3,0,0,0,"0000-00-00 00:00:00","0000-00-00 00:00:00","0000-00-00 00:00:00"
1329,Chopan,Chopan," Main highway Road,Chopan,DistRICT ? Sonbhadra,Uttar Pradesh,Pin code ? 231205",SONBHADRA,"UTTAR PRADESH",231205,"Ashish Kumar Pandey",,7376349372,NA,,"Mr.Haidar Ali (RIT)","UTTAR PRADESH",8090554271,"haidar,ali@utkarsh.bank",PO-23-04-016383,"Samsung (Printer - LaserJet)",MFD-SL-M2876ND,ZD5HB8KJ8F024VD,,,"ICON 116L (Toner)","ICON 116L (Drum Unit)",3,0,0,0,"0000-00-00 00:00:00","0000-00-00 00:00:00","0000-00-00 00:00:00"
1330,Marihan,Mirzapur,"First floor,Mirzapur Road,pakwar,Near Block Office,Madihan,District ? Mirzapur,Pin Code ? 231310",Mirzapur,"Uttar Pradesh",231310,"Abhishek Yadav",,9151362418,bm.marihan@utkarsh.bank,,"Mr. Anil Kumar (RIT)","UTTAR PRADESH",7753811316,anil.yadav@utkarsh.bank,PO-22-12-012243,"HP (Printer - LaserJet)","HP-M226DW- MFP",CNBRPBFH58,,,"ICON 88A",,3,0.4,0,0,"0000-00-00 00:00:00","0000-00-00 00:00:00","0000-00-00 00:00:00"
1330,Marihan,Mirzapur,"First floor,Mirzapur Road,pakwar,Near Block Office,Madihan,District ? Mirzapur,Pin Code ? 231310",Mirzapur,"Uttar Pradesh",231310,"Abhishek Yadav",,9151362418,bm.marihan@utkarsh.bank,,"Mr. Anil Kumar (RIT)","UTTAR PRADESH",7753811316,anil.yadav@utkarsh.bank,PO-23-04-016383,"Samsung (Printer - LaserJet)",MFD-SL-M2876ND,ZD5HB8KJ8F0280,,,"ICON 116L (Toner)","ICON 116L (Drum Unit)",3,0,0,0,"0000-00-00 00:00:00","0000-00-00 00:00:00","0000-00-00 00:00:00"
1331,"Haldi Pokhar","Haldi Pokhar","Anima complex tata odisha road NH - 220 PIN CODE - 831002","EAST SINGHBUM",JHARKHAND,831002,"Vineet singh",,7903468838,utk11884@utkarsh.bank,,"Mr. Tapas Barik & Mr. Nitin Kumar (RIT)",JHARKHAND,9337513317/9608295625,tapas.barikh@utkarsh.bank,PO-23-06-018154,"Samsung (Printer - LaserJet)",MFD-SL-M2876ND,CNB1L9V69N,,,"ICON 116L (Toner)","ICON 116L (Drum Unit)",3,0,0,0,"0000-00-00 00:00:00","0000-00-00 00:00:00","0000-00-00 00:00:00"
1332,Madhepura,Purnia,"Ground floor,Infront of MIDP Petrol Pump,ward No-21,Near SBI RBO,Purnia - Sharsha Road,Madheura, Distt.-Madhepura,Bihar PIN-852113",MADHEPURA,BIHAR,852113,"Shreekant Yadav",,7319942502,bm.Madhepura@utkarsh.bank,,"Mr.Priyatam Kumar Singh(RIT)",BIHAR,9504342712,priyatam.singh@utkarsh.bank,PO-22-08-010097,"Samsung (Printer - LaserJet)",MFD-SL-M2876ND,CNB1L9M5L4,,,"ICON 116L (Toner)","ICON 116L (Drum Unit)",3,0.4,0,0,"0000-00-00 00:00:00","0000-00-00 00:00:00","0000-00-00 00:00:00"
1332,Madhepura,Purnia,"Ground floor,Infront of MIDP Petrol Pump,ward No-21,Near SBI RBO,Purnia - Sharsha Road,Madheura, Distt.-Madhepura,Bihar PIN-852113",MADHEPURA,BIHAR,852113,"Shreekant Yadav",,7319942502,bm.Madhepura@utkarsh.bank,,"Mr.Priyatam Kumar Singh(RIT)",BIHAR,9504342712,priyatam.singh@utkarsh.bank,PO-22-11-011305,"Brother (Printer - LaserJet)","Brother- L2541DW",E73802K1N128467,"ICON TN-2365","ICON DR 2365",,,3,0.4,0,0,"0000-00-00 00:00:00","0000-00-00 00:00:00","0000-00-00 00:00:00"
1332,Madhepura,Purnia,"Ground floor,Infront of MIDP Petrol Pump,ward No-21,Near SBI RBO,Purnia - Sharsha Road,Madheura, Distt.-Madhepura,Bihar PIN-852113",MADHEPURA,BIHAR,852113,"Shreekant Yadav",,7319942502,bm.Madhepura@utkarsh.bank,,"Mr.Priyatam Kumar Singh(RIT)",BIHAR,9504342712,priyatam.singh@utkarsh.bank,PO-23-12-024368,"EPSON (Printer - Inktank)","EPSON M3170 EPIL",X5TW018790,,,INK-005,"Maintaince Box",3,0,0,0,"0000-00-00 00:00:00","0000-00-00 00:00:00","0000-00-00 00:00:00"
1333,Washim,Akola,"Near Dagadiya Hospital,Pusad Naka,Turke Complex,District - Washim,Maharashtra,Pin code ? 444505",WASHIM,MAHARASHTRA,444505,"Harshad Ganeshrao Gulhane",,7722096945,NA,,"Mr. Rahul Chauhan (RIT) & Mr. Kamal (RIT)",MAHARASHTRA,7021828776/7525048585,rahul.chauhan1@utkarsh.bank,PO-22-08-010102,"Samsung (Printer - LaserJet)",MFD-SL-M2876ND,CNB2L7DJGX,,,"ICON 116L (Toner)","ICON 116L (Drum Unit)",3,0.4,0,0,"0000-00-00 00:00:00","0000-00-00 00:00:00","0000-00-00 00:00:00"
1334,Bagodar,"Giridih Division"," Near Vaishno Mandir,Hazaribagh Road,Jarmune,Bagodar,District - Gridih,Jharkhand,Pin code ? 825322",GIRIDIH,JHARKHAND,825322,"Bipin Kumar Mandal",,8210099744,NA,,"Mr. Tapas Barik & Mr. Nitin Kumar (RIT)",JHARKHAND,9337513317/9608295625,tapas.barikh@utkarsh.bank,PO-22-9-010099,"Samsung (Printer - LaserJet)",MFD-SL-M2876ND,CNB2L7DJ7J,,,"ICON 116L (Toner)","ICON 116L (Drum Unit)",3,0,0,0,"0000-00-00 00:00:00","0000-00-00 00:00:00","0000-00-00 00:00:00"
1334,Bagodar,"Giridih Division"," Near Vaishno Mandir,Hazaribagh Road,Jarmune,Bagodar,District - Gridih,Jharkhand,Pin code ? 825322",GIRIDIH,JHARKHAND,825322,"Bipin Kumar Mandal",,8210099744,NA,,"Mr. Tapas Barik & Mr. Nitin Kumar (RIT)",JHARKHAND,9337513317/9608295625,tapas.barikh@utkarsh.bank,PO-22-11-011308,"Brother (Printer - LaserJet)","Brother- L2541DW",E73802K1N128883,"ICON TN-2365","ICON DR 2365",,,3,0,0,0,"0000-00-00 00:00:00","0000-00-00 00:00:00","0000-00-00 00:00:00"
1335,"Pichhri (Erstwhile Phusro)","Pichhri (Erstwhile Phusro)",",Near BDA College, New Road Pichhri, Phusro, Bokaro, Jharkhand, 829144",BOKARO,JHARKHAND,829144,"Neeraj Kumar",,6201629086,utk13849@utkarsh.bank,,"Mr. Tapas Barik & Mr. Nitin Kumar (RIT)",JHARKHAND,9337513317/9608295625,tapas.barikh@utkarsh.bank,PO-23-06-018154,"Samsung (Printer - LaserJet)",MFD-SL-M2876ND,CNB1L9V6MZ,,,"ICON 116L (Toner)","ICON 116L (Drum Unit)",3,0,0,0,"0000-00-00 00:00:00","0000-00-00 00:00:00","0000-00-00 00:00:00"
1336,"Raniganj (Bihar)",Purnia,"Sarsi Road,Near Bandhan Bank,Barbanna,Raniganj,District - Araria,Bihar,Pin code ? 854334",PURNIA,BIHAR,854334,"Rupesh Kumar Sah",,7549624152,bm.Raniganjbihar@utkarsh.bank,,"Mr.Priyatam Kumar Singh(RIT)",BIHAR,9504342712,priyatam.singh@utkarsh.bank,PO-22-08-010097,"Samsung (Printer - LaserJet)",MFD-SL-M2876ND,CNB1L9W663,,,"ICON 116L (Toner)","ICON 116L (Drum Unit)",3,0.4,0,0,"0000-00-00 00:00:00","0000-00-00 00:00:00","0000-00-00 00:00:00"
1336,"Raniganj (Bihar)",Purnia,"Sarsi Road,Near Bandhan Bank,Barbanna,Raniganj,District - Araria,Bihar,Pin code ? 854334",PURNIA,BIHAR,854334,"Rupesh Kumar Sah",,7549624152,bm.Raniganjbihar@utkarsh.bank,,"Mr.Priyatam Kumar Singh(RIT)",BIHAR,9504342712,priyatam.singh@utkarsh.bank,PO-22-11-011305,"Brother (Printer - LaserJet)","Brother- L2541DW",E73802K1N128445,"ICON TN-2365","ICON DR 2365",,,3,0.4,0,0,"0000-00-00 00:00:00","0000-00-00 00:00:00","0000-00-00 00:00:00"
1336,"Raniganj (Bihar)",Purnia,"Sarsi Road,Near Bandhan Bank,Barbanna,Raniganj,District - Araria,Bihar,Pin code ? 854334",PURNIA,BIHAR,854334,"Rupesh Kumar Sah",,7549624152,bm.Raniganjbihar@utkarsh.bank,,"Mr.Priyatam Kumar Singh(RIT)",BIHAR,9504342712,priyatam.singh@utkarsh.bank,PO-23-07-019349,"EPSON (Printer - Inktank)","EPSON M3170 EPIL",X5TW018432,,,INK-005,"Maintaince Box",3,0,0,0,"0000-00-00 00:00:00","0000-00-00 00:00:00","0000-00-00 00:00:00"
1337,"Nainpur ","Divisional Office Katihar","Behind SBI,NH-31,Kursela-PurniaRoad,PO-AG Bazar,Distt.-KatiharPIN-
854101, KATIHAR, Kursela-1337, 854101",KATIHAR,BIHAR,854101,"Rupesh Kumar",,9661388535/8298616198,NA,,"Mr.Priyatam Kumar Singh(RIT)",BIHAR,9504342712,priyatam.singh@utkarsh.bank,PO-22-08-010097,"Samsung (Printer - LaserJet)",MFD-SL-M2876ND,CNB3KDK4MJ,,,"ICON 116L (Toner)","ICON 116L (Drum Unit)",3,0,0,0,"0000-00-00 00:00:00","0000-00-00 00:00:00","0000-00-00 00:00:00"
1337,"Nainpur ","Divisional Office Katihar","Behind SBI,NH-31,Kursela-PurniaRoad,PO-AG Bazar,Distt.-KatiharPIN-
854101, KATIHAR, Kursela-1337, 854101",KATIHAR,BIHAR,854101,"Rupesh Kumar",,9661388535/8298616198,NA,,"Mr.Priyatam Kumar Singh(RIT)",BIHAR,9504342712,priyatam.singh@utkarsh.bank,PO-22-11-011305,"Brother (Printer - LaserJet)","Brother- L2541DW",E73802J1N976348,"ICON TN-2365","ICON DR 2365",,,3,0.4,0,0,"0000-00-00 00:00:00","0000-00-00 00:00:00","0000-00-00 00:00:00"
1338,"Amroha (Gondia)",Ramtek,"HN-236, KASHIRAM CHOWK (BATANA ROAD) AMBHORA, GONDIA, Maharashtra, India PIN-441601",GONDIA,MAHARASHTRA,441601,"Nitin Vasudev Tagade",,9158867117,bm.ambhora@utkarsh.bank,,"Mr. Rahul Chauhan (RIT) & Mr. Kamal (RIT)",MAHARASHTRA,7021828776/7525048585,rahul.chauhan1@utkarsh.bank,PO-22-08-010102,"Samsung (Printer - LaserJet)",MFD-SL-M2876ND,CNB1L9V5NK,,,"ICON 116L (Toner)","ICON 116L (Drum Unit)",3,0.4,0,0,"0000-00-00 00:00:00","0000-00-00 00:00:00","0000-00-00 00:00:00"
1339,"Samalkha ","Samalkha "," Hathwala Road, Behind old police statiion,Samlkha,District ? Panipat,Harayana,Pin code ? 132101",PANIPAT,HARYANA,132101,"Ajeet kumar ",,9335553629,bm.samalkha@utkarsh.bank,,"Mr.Haidar Ali (RIT)","UTTAR PRADESH",8090554271,"haidar,ali@utkarsh.bank",PO-22-9-010098,"Samsung (Printer - LaserJet)",MFD-SL-M2876ND,CNB1L9V5K0,,,"ICON 116L (Toner)","ICON 116L (Drum Unit)",3,0.4,0,0,"0000-00-00 00:00:00","0000-00-00 00:00:00","0000-00-00 00:00:00"
1339,"Samalkha ","Samalkha "," Hathwala Road, Behind old police statiion,Samlkha,District ? Panipat,Harayana,Pin code ? 132101",PANIPAT,HARYANA,132101,"Ajeet kumar ",,9335553629,bm.samalkha@utkarsh.bank,,"Mr.Haidar Ali (RIT)","UTTAR PRADESH",8090554271,"haidar,ali@utkarsh.bank",PO-23-12-025061,"Kyocera (Printer - LaserJet)","Kyocera FS 2040 DN",VYB2X14201,"ICON TK-1178",DK-1150,,,3,0.4,0,0,"0000-00-00 00:00:00","0000-00-00 00:00:00","0000-00-00 00:00:00"
1340,"Kurra (Erstwhile Chas)","Kurra (Erstwhile Chas)","Vill & Post - Kurra, Kurradih,Near IDBI Bank, P.S - Pindajora, Chas Bokaro, Jharkhand 827013",BOKARO,JHARKHAND,827013,"Manoj Kumar",,8877002662,utk15273@utkarsh.bank,,"Mr. Tapas Barik & Mr. Nitin Kumar (RIT)",JHARKHAND,9337513317/9608295625,tapas.barikh@utkarsh.bank,PO-23-06-018154,"Samsung (Printer - LaserJet)",MFD-SL-M2876ND,CNB1L9V69L,,,"ICON 116L (Toner)","ICON 116L (Drum Unit)",3,0,0,0,"0000-00-00 00:00:00","0000-00-00 00:00:00","0000-00-00 00:00:00"
1341,"Jalgaon MB",Akola,"Near Girina Water Tank,Behind Muthud Finkop,Parvati nagar,Jalgaon,Maharashtra,Pin code ? 425002",JALGAON,MAHARASHTRA,425002,"Nityananad RauT",,9764600649,bm.jalgaon@utkarsh.bank,,"Mr. Rahul Chauhan (RIT) & Mr. Kamal (RIT)",MAHARASHTRA,7021828776/7525048585,rahul.chauhan1@utkarsh.bank,PO-22-08-010102,"Samsung (Printer - LaserJet)",MFD-SL-M2876ND,CNB1L9V5N2,,,"ICON 116L (Toner)","ICON 116L (Drum Unit)",3,0.4,0,0,"0000-00-00 00:00:00","0000-00-00 00:00:00","0000-00-00 00:00:00"
1342,"Tilda ","Raipur Division"," Ground floor,Near Axix bank ATM Bajrang  ward no. 18 shree  sharda business kharora road tilda,Distt-Raipur, Chattishgarh, pin 493114",RAIPUR,CHHATTISGARH,493114,"Mangesh Rushikesh Belsare",,7276542916,NA,,"Mr. Neelish Soni (RIT)","MADHYA PRADESH",8090654540,neelesh.soni@utkarsh.bank,PO-24-09-010111,"Samsung (Printer - LaserJet)",MFD-SL-M2876ND,ZD5HB8KK9C04KCV-CNB1L9V6F1,,,"ICON 116L (Toner)","ICON 116L (Drum Unit)",3,0,0,0,"0000-00-00 00:00:00","0000-00-00 00:00:00","0000-00-00 00:00:00"
1343,Pachora,Akola,"Gadgebaba Nagar,Behind Reliance petrol Pump,Bhadgaon Road,Pachora Dist Jalgaon,Maharastra,Pin code - 424201",JALGAON,MAHARASHTRA,424201,"Ganesh Krushnaji Kapse",,8208806835,bm.pachora@utkarsh.bank,,"Mr. Rahul Chauhan (RIT) & Mr. Kamal (RIT)",MAHARASHTRA,7021828776/7525048585,rahul.chauhan1@utkarsh.bank,PO-22-08-010102,"Samsung (Printer - LaserJet)",MFD-SL-M2876ND,CNB1L9V5N1,,,"ICON 116L (Toner)","ICON 116L (Drum Unit)",3,0.4,0,0,"0000-00-00 00:00:00","0000-00-00 00:00:00","0000-00-00 00:00:00"
1344,Runisaidpur,Runisaidpur,"First floor,Sitamarhi Road,Front of Gyan Bharti Public School,Guri Gama,Runi Saidpur,District - Sitamarhi,Bihar,Pin code ? 843328",SITAMARHI,BIHAR,843328,"Krishna Gupta",,9199410551,bm.runnisaidpur@utkarsh.bank,,"Mr.Ajeet Kumar(RIT)",BIHAR,9608953407,ajeet.kumar@utkarsh.bank,PO-23-05-017639,"Brother (Printer - LaserJet)","Brother- L2541DW",E73802A2N242989,"ICON TN-2365","ICON DR 2365",,,3,0.4,0,0,"0000-00-00 00:00:00","0000-00-00 00:00:00","0000-00-00 00:00:00"
1344,Runisaidpur,Runisaidpur,"First floor,Sitamarhi Road,Front of Gyan Bharti Public School,Guri Gama,Runi Saidpur,District - Sitamarhi,Bihar,Pin code ? 843328",SITAMARHI,BIHAR,843328,"Krishna Gupta",,9199410551,bm.runnisaidpur@utkarsh.bank,,"Mr.Ajeet Kumar(RIT)",BIHAR,9608953407,ajeet.kumar@utkarsh.bank,PO-22-11-011305,"Brother (Printer - LaserJet)","Brother- L2541DW",E73802J1N976466,"ICON TN-2365","ICON DR 2365",,,3,0.4,4000,0,"0000-00-00 00:00:00","0000-00-00 00:00:00","0000-00-00 00:00:00"
1344,Runisaidpur,Runisaidpur,"First floor,Sitamarhi Road,Front of Gyan Bharti Public School,Guri Gama,Runi Saidpur,District - Sitamarhi,Bihar,Pin code ? 843328",SITAMARHI,BIHAR,843328,"Krishna Gupta",,9199410551,bm.runnisaidpur@utkarsh.bank,,"Mr.Ajeet Kumar(RIT)",BIHAR,9608953407,ajeet.kumar@utkarsh.bank,PO-22-08-010097,"Samsung (Printer - LaserJet)",MFD-SL-M2876ND,ZD5HB8KJ8F0284R,,,"ICON 116L (Toner)","ICON 116L (Drum Unit)",3,0.4,0,0,"0000-00-00 00:00:00","0000-00-00 00:00:00","0000-00-00 00:00:00"
1345,Dumka,Dumka,"Near LIC Chauk,Near Maihar Garden Hotel,Dumka,District - Dumka,Jharkhand,Pin code ? 814101",DUMKA,JHARKHAND,814101,"Shivshanka malakar",,6200763937,utk11410@utkarsh.bank,,"Mr. Tapas Barik & Mr. Nitin Kumar (RIT)",JHARKHAND,9337513317/9608295625,tapas.barikh@utkarsh.bank,PO-23-11-023703,"EPSON (Printer - Inktank)","EPSON M3170 EPIL",X5TW017649,,,INK-005,"Maintaince Box",3,0,0,0,"0000-00-00 00:00:00","0000-00-00 00:00:00","0000-00-00 00:00:00"
1345,Dumka,Dumka,"Near LIC Chauk,Near Maihar Garden Hotel,Dumka,District - Dumka,Jharkhand,Pin code ? 814101",DUMKA,JHARKHAND,814101,"Shivshanka malakar",,6200763937,utk11410@utkarsh.bank,,"Mr. Tapas Barik & Mr. Nitin Kumar (RIT)",JHARKHAND,9337513317/9608295625,tapas.barikh@utkarsh.bank,PO-23-06-018154,"Samsung (Printer - LaserJet)",MFD-SL-M2876ND,ZD5HB8KJ8F0291W,,,"ICON 116L (Toner)","ICON 116L (Drum Unit)",3,0,0,0,"0000-00-00 00:00:00","0000-00-00 00:00:00","0000-00-00 00:00:00"
1346,Benipatti,Benipatti,"First floor,Near PNB,Ambedakar Chauk,Behata,Benipatti,District - Madhubani,Bihar,Pin code ? 847223",MADHUBANI,BIHAR,847223,"Ajay Kumar",,7033693906,bm.benipatti@utkarsh.bank,,"Mr.Ajeet Kumar(RIT)",BIHAR,9608953407,ajeet.kumar@utkarsh.bank,PO-22-08-010097,"Samsung (Printer - LaserJet)",MFD-SL-M2876ND,CNB3KDK7PF,,,"ICON 116L (Toner)","ICON 116L (Drum Unit)",3,0.4,0,0,"0000-00-00 00:00:00","0000-00-00 00:00:00","0000-00-00 00:00:00"
1346,Benipatti,Benipatti,"First floor,Near PNB,Ambedakar Chauk,Behata,Benipatti,District - Madhubani,Bihar,Pin code ? 847223",MADHUBANI,BIHAR,847223,"Ajay Kumar",,7033693906,bm.benipatti@utkarsh.bank,,"Mr.Ajeet Kumar(RIT)",BIHAR,9608953407,ajeet.kumar@utkarsh.bank,PO-22-01-013018,"Samsung (Printer - LaserJet)",MFD-SL-M2876ND,E73802J1N976455,,,"ICON 116L (Toner)","ICON 116L (Drum Unit)",3,0.4,0,0,"0000-00-00 00:00:00","0000-00-00 00:00:00","0000-00-00 00:00:00"
1346,Benipatti,Benipatti,"First floor,Near PNB,Ambedakar Chauk,Behata,Benipatti,District - Madhubani,Bihar,Pin code ? 847223",MADHUBANI,BIHAR,847223,"Ajay Kumar",,7033693906,bm.benipatti@utkarsh.bank,,"Mr.Ajeet Kumar(RIT)",BIHAR,9608953407,ajeet.kumar@utkarsh.bank,PO-22-11-011305,"Brother (Printer - LaserJet)","Brother- L2541DW",E73802K1N126487,"ICON TN-2365","ICON DR 2365",,,3,0.4,0,0,"0000-00-00 00:00:00","0000-00-00 00:00:00","0000-00-00 00:00:00"
1346,Benipatti,Benipatti,"First floor,Near PNB,Ambedakar Chauk,Behata,Benipatti,District - Madhubani,Bihar,Pin code ? 847223",MADHUBANI,BIHAR,847223,"Ajay Kumar",,7033693906,bm.benipatti@utkarsh.bank,,"Mr.Ajeet Kumar(RIT)",BIHAR,9608953407,ajeet.kumar@utkarsh.bank,PO-23-07-019349,"EPSON (Printer - Inktank)","EPSON M3170 EPIL",X5TW019661,,,INK-005,"Maintaince Box",3,0,0,0,"0000-00-00 00:00:00","0000-00-00 00:00:00","0000-00-00 00:00:00"
1347,Kurud,Dhamtari," LDT. Sanjay Nagar,New Bus stand,Ward No. 14,Kurud,District - Dhamtari,Chhattisgarh,Pin code ? 493663",DHAMTARI,CHHATTISGARH,493663,"Narendra Ramdhan",,8788330899,bm.kurud@utkarsh.bank,,"Mr. Neelish Soni (RIT)","MADHYA PRADESH",8090654540,neelesh.soni@utkarsh.bank,PO-24-09-010111,"Samsung (Printer - LaserJet)",MFD-SL-M2876ND,ZD5HB8KJ8F029RT,,,"ICON 116L (Toner)","ICON 116L (Drum Unit)",3,0.4,0,0,"0000-00-00 00:00:00","0000-00-00 00:00:00","0000-00-00 00:00:00"
1348,"Pusad ","Pusad ","OPPOSITE SIDE OF JANARDAN SINGH HIGH SCHOOL | CHATRO| GIRIDIH| Jharkhand| 815314",GIRIDIH,JHARKHAND,815314,"Pankaj kumar sharma",,8083133418,NA,,"Mr. Tapas Barik & Mr. Nitin Kumar (RIT)",JHARKHAND,9337513317/9608295625,tapas.barikh@utkarsh.bank,PO-23-06-018154,"Samsung (Printer - LaserJet)",MFD-SL-M2876ND,CNB1L1DR1B,,,"ICON 116L (Toner)","ICON 116L (Drum Unit)",3,0,0,0,"0000-00-00 00:00:00","0000-00-00 00:00:00","0000-00-00 00:00:00"
1348,"Pusad ","Pusad ","OPPOSITE SIDE OF JANARDAN SINGH HIGH SCHOOL | CHATRO| GIRIDIH| Jharkhand| 815314",GIRIDIH,JHARKHAND,815314,"Pankaj kumar sharma",,8083133418,NA,,"Mr. Tapas Barik & Mr. Nitin Kumar (RIT)",JHARKHAND,9337513317/9608295625,tapas.barikh@utkarsh.bank,PO-23-11-023367,"EPSON (Printer - Inktank)","EPSON M3170 EPIL",X5TW011179,,,INK-005,"Maintaince Box",3,0,0,0,"0000-00-00 00:00:00","0000-00-00 00:00:00","0000-00-00 00:00:00"
1349,Jhanjharpur,Jhanjharpur,"Near Railway Station,Up of Axis Bank,District - Madhubani,Bihar,Pin code ? 847403",MADHUBANI,BIHAR,847403,"Rihikesh Kumar",,8210884865,ops1.jhanjharpur@utkarsh.bank,,"Mr.Ajeet Kumar(RIT)",BIHAR,9608953407,ajeet.kumar@utkarsh.bank,PO-22-08-010097,"Samsung (Printer - LaserJet)",MFD-SL-M2876ND,CNB1KCAMLR,,,"ICON 116L (Toner)","ICON 116L (Drum Unit)",3,0.4,0,0,"0000-00-00 00:00:00","0000-00-00 00:00:00","0000-00-00 00:00:00"
1349,Jhanjharpur,Jhanjharpur,"Near Railway Station,Up of Axis Bank,District - Madhubani,Bihar,Pin code ? 847403",MADHUBANI,BIHAR,847403,"Rihikesh Kumar",,8210884865,ops1.jhanjharpur@utkarsh.bank,,"Mr.Ajeet Kumar(RIT)",BIHAR,9608953407,ajeet.kumar@utkarsh.bank,PO-22-11-011305,"Brother (Printer - LaserJet)","Brother- L2541DW",E73802J1N976476,"ICON TN-2365","ICON DR 2365",,,3,0.4,0,0,"0000-00-00 00:00:00","0000-00-00 00:00:00","0000-00-00 00:00:00"
1349,Jhanjharpur,Jhanjharpur,"Near Railway Station,Up of Axis Bank,District - Madhubani,Bihar,Pin code ? 847403",MADHUBANI,BIHAR,847403,"Rihikesh Kumar",,8210884865,ops1.jhanjharpur@utkarsh.bank,,"Mr.Ajeet Kumar(RIT)",BIHAR,9608953407,ajeet.kumar@utkarsh.bank,PO-23-07-019349,"EPSON (Printer - Inktank)","EPSON M3170 EPIL",X5TW018415,,,INK-005,"Maintaince Box",3,0,0,0,"0000-00-00 00:00:00","0000-00-00 00:00:00","0000-00-00 00:00:00"
1350,"Dhamtari ","Raipur Division"," Ground floor,Rampur Ward,Near by Bilai Mata Mandir,Biside of Government Higher secondary school,Dhamtari,Distt-Dhamtari  Chhattisgarh, PIN NO-493773",DHAMTARI,CHHATTISGARH,493773,Ragini/Nilesh,,7067868695/9076700144,NA,,"Mr. Neelish Soni (RIT)","MADHYA PRADESH",8090654540,neelesh.soni@utkarsh.bank,PO-24-09-010111,"Samsung (Printer - LaserJet)",MFD-SL-M2876ND,"ZD5HB8KK9C04PSP- CNB1L9V6KR",,,"ICON 116L (Toner)","ICON 116L (Drum Unit)",3,0,0,0,"0000-00-00 00:00:00","0000-00-00 00:00:00","0000-00-00 00:00:00"
1351,"Ordaly Bazar","Varanasi West Division"," S-4/75, Mahavir Road, Orderly Bazar, Ward-Sikraul, District Varanasi Near Shop, Uttar Pradesh-221002 ",VARANASI,"UTTAR PRADESH",221002,"Kajal Kumari Sinha/",,8340596398,NA,,"Mr.Vishal Yadahav (RIT)","UTTAR PRADESH",8052868052,vishal.yadhav@utkarsh.bank,PO-23-04-016383,"Samsung (Printer - LaserJet)",MFD-SL-M2876ND,CNB3M4H1F9,,,"ICON 116L (Toner)","ICON 116L (Drum Unit)",3,0,0,0,"0000-00-00 00:00:00","0000-00-00 00:00:00","0000-00-00 00:00:00"
1351,"Ordaly Bazar","Varanasi West Division"," S-4/75, Mahavir Road, Orderly Bazar, Ward-Sikraul, District Varanasi Near Shop, Uttar Pradesh-221002 ",VARANASI,"UTTAR PRADESH",221002,"Kajal Kumari Sinha/",,8340596398,NA,,"Mr.Vishal Yadahav (RIT)","UTTAR PRADESH",8052868052,vishal.yadhav@utkarsh.bank,PO-23-04-016383,"Samsung (Printer - LaserJet)",MFD-SL-M2876ND,ZD5HB8KJ8F02EMT,,,"ICON 116L (Toner)","ICON 116L (Drum Unit)",3,0,0,0,"0000-00-00 00:00:00","0000-00-00 00:00:00","0000-00-00 00:00:00"
1352,Allahabad,Allahabad,"2| Sardar Patel Marg | Civil Lines | Prayagraj| Utter Pradesh | 211001,
M# +91- 7753811316| Website: www.utkarsh.bank.com
",PRAYAGRAJ,"UTTAR PRADESH",211001,Abhinav,,8957070764,branchhead.allahabad@utkarsh.bank,,"Mr. Anil Kumar (RIT)","UTTAR PRADESH",7753811316,anil.yadav@utkarsh.bank,PO-22-11-011336,"EPSON (Printer - Inktank)","EPSON M3170 EPIL",X5TW012492,,,INK-005,"Maintaince Box",3,0.4,0,0,"0000-00-00 00:00:00","0000-00-00 00:00:00","0000-00-00 00:00:00"
1352,Allahabad,Allahabad,"2| Sardar Patel Marg | Civil Lines | Prayagraj| Utter Pradesh | 211001,
M# +91- 7753811316| Website: www.utkarsh.bank.com
",PRAYAGRAJ,"UTTAR PRADESH",211001,Abhinav,,8957070764,branchhead.allahabad@utkarsh.bank,,"Mr. Anil Kumar (RIT)","UTTAR PRADESH",7753811316,anil.yadav@utkarsh.bank,PO-23-04-016383,"Samsung (Printer - LaserJet)",MFD-SL-M2876ND,ZD5HB8KJ5F00AVZ,,,"ICON 116L (Toner)","ICON 116L (Drum Unit)",3,0,0,0,"0000-00-00 00:00:00","0000-00-00 00:00:00","0000-00-00 00:00:00"
1353,"Fraser Road","Fraser Road","Ground Floor, 1 Fraser Road Town, South gandhi Maidan, Patna, Bihar PIN-800001",PATNA,BIHAR,800001,"Preeti Singh ",,9955011113,NA,,"Mr.Shantanu Kanth(RIT)",BIHAR,7635093755,shantanu.kanth@utkarsh.bank,PO-21-03-004922,"HP (Printer - LaserJet)","HP MFP 72630 DN",CNB1M9M22K,,,"ICON W1002YC",,1,0,0,0,"0000-00-00 00:00:00","0000-00-00 00:00:00","0000-00-00 00:00:00"
1353,"Fraser Road","Fraser Road","Ground Floor, 1 Fraser Road Town, South gandhi Maidan, Patna, Bihar PIN-800001",PATNA,BIHAR,800001,"Preeti Singh ",,9955011113,NA,,"Mr.Shantanu Kanth(RIT)",BIHAR,7635093755,shantanu.kanth@utkarsh.bank,PO-22-08-010097,"Samsung (Printer - LaserJet)",MFD-SL-M2876ND,ZD5HB8KJ3F00QRY,,,"ICON 116L (Toner)","ICON 116L (Drum Unit)",3,0,0,0,"0000-00-00 00:00:00","0000-00-00 00:00:00","0000-00-00 00:00:00"
1354,Gorakhpur,"Gorakhpur Division","Ground Floor, Lahiri Building,Bank Road, PO - Gorakhpur -HO,District -
Gorakhpur,Uttar Pradesh Pin 273001, GORAKHPUR, GORAKHPUR-1354, 273001 .",GORAKHPUR,"UTTAR PRADESH",273001,"Vaibhav Saxena",,7275172950,NA,,"Mr.Haidar Ali (RIT)","UTTAR PRADESH",8090554271,"haidar,ali@utkarsh.bank",PO-23-04-016383,"Samsung (Printer - LaserJet)",MFD-SL-M2876ND,CNB1L9L549-ZD5HB8KK9C00WWH,,,"ICON 116L (Toner)","ICON 116L (Drum Unit)",3,0,0,0,"0000-00-00 00:00:00","0000-00-00 00:00:00","0000-00-00 00:00:00"
1355,"Amarawa ","Amarawa ","Ground Floor, Garkha Road, Gandhi Chowk, Chhapra : 841301",SARAN,BIHAR,841301,"Ashok Kumar",,7488351104,NA,,"Mr.Priyatam Kumar Singh(RIT)",BIHAR,9504342712,priyatam.singh@utkarsh.bank,PO-22-08-010097,"Samsung (Printer - LaserJet)",MFD-SL-M2876ND,CNB1M217WG,,,"ICON 116L (Toner)","ICON 116L (Drum Unit)",3,0,0,0,"0000-00-00 00:00:00","0000-00-00 00:00:00","0000-00-00 00:00:00"
1355,"Amarawa ","Amarawa ","Ground Floor, Garkha Road, Gandhi Chowk, Chhapra : 841301",SARAN,BIHAR,841301,"Ashok Kumar",,7488351104,NA,,"Mr.Priyatam Kumar Singh(RIT)",BIHAR,9504342712,priyatam.singh@utkarsh.bank,PO-23-05-017639,"Brother (Printer - LaserJet)","Brother- L2541DW",E73802A2N240887,"ICON TN-2365","ICON DR 2365",,,3,0,0,0,"0000-00-00 00:00:00","0000-00-00 00:00:00","0000-00-00 00:00:00"
1356,"Arrah ","Arrah "," R R Complex, Upper Ground Floor, Plot No-516,Mahajan Toli, Hospital Road,Shivganj, Aarah, Post Office - Jail Road, District - Bhojpur, Bihar, Pin - 802301",BHOJPUR,BIHAR,802301,"Rajiv Kumar",,7280013562,NA,,"Mr.kuldip Kumar (RIT)",BIHAR,9511133885,kuldip.kumar@utkarsh.bank,PO-22-11-011398,"HP (Printer - LaserJet)","HP-M226DW- MFP",CNBRPBFGXM,,,"ICON 88A",,1,0,0,0,"0000-00-00 00:00:00","0000-00-00 00:00:00","0000-00-00 00:00:00"
1356,"Arrah ","Arrah "," R R Complex, Upper Ground Floor, Plot No-516,Mahajan Toli, Hospital Road,Shivganj, Aarah, Post Office - Jail Road, District - Bhojpur, Bihar, Pin - 802301",BHOJPUR,BIHAR,802301,"Rajiv Kumar",,7280013562,NA,,"Mr.kuldip Kumar (RIT)",BIHAR,9511133885,kuldip.kumar@utkarsh.bank,PO-22-08-010097,"Samsung (Printer - LaserJet)",MFD-SL-M2876ND,ZD4GB8KJ2F008HB,,,"ICON 116L (Toner)","ICON 116L (Drum Unit)",3,0,0,0,"0000-00-00 00:00:00","0000-00-00 00:00:00","0000-00-00 00:00:00"
1359,Najafgarh,Najafgarh," Ground Floor, 1626 E/1 Thana Road, Nazafgarh, New Delhi, Pin 110043","SOUTH WEST",DELHI,110043,"Kaushlendra Nath Singh",,9958562748,NA,,"Mr Ramesh (RIT)",DELHI,7060504211,ramesh.kumar@utkarsh.bank,PO-22-12-012238,"HP (Printer - LaserJet)","HP-M226DW- MFP",CNBRPBFGG3,,,"ICON 88A",,3,0,0,0,"0000-00-00 00:00:00","0000-00-00 00:00:00","0000-00-00 00:00:00"
1359,Najafgarh,Najafgarh," Ground Floor, 1626 E/1 Thana Road, Nazafgarh, New Delhi, Pin 110043","SOUTH WEST",DELHI,110043,"Kaushlendra Nath Singh",,9958562748,NA,,"Mr Ramesh (RIT)",DELHI,7060504211,ramesh.kumar@utkarsh.bank,PO-22-08-010104,"Samsung (Printer - LaserJet)",MFD-SL-M2876ND,ZD4GB8KJ2D0077,,,"ICON 116L (Toner)","ICON 116L (Drum Unit)",3,0,0,0,"0000-00-00 00:00:00","0000-00-00 00:00:00","0000-00-00 00:00:00"
1360,Muzaffarpur,Muzaffarpur,"Ground Floor, Khata No 137, Zila School Road, Hathi Chowk, District - Muzaffarpur, PO - Ramna, Bihar, Pin 842001",MUZAFFARPUR,BIHAR,842001,"Amit Kumar",,9162829404,operationsmanager.muzaffarpur@utkarsh.bank,,"Mr.Ajeet Kumar(RIT)",BIHAR,9608953407,ajeet.kumar@utkarsh.bank,PO-22-09-010175,"Kyocera (Printer - LaserJet)","Kyocera FS 2040 DN",VYB1668706,"ICON TK-1178",DK-1150,,,1,0.4,0,2500,"0000-00-00 00:00:00","0000-00-00 00:00:00","0000-00-00 00:00:00"
1360,Muzaffarpur,Muzaffarpur,"Ground Floor, Khata No 137, Zila School Road, Hathi Chowk, District - Muzaffarpur, PO - Ramna, Bihar, Pin 842001",MUZAFFARPUR,BIHAR,842001,"Amit Kumar",,9162829404,operationsmanager.muzaffarpur@utkarsh.bank,,"Mr.Ajeet Kumar(RIT)",BIHAR,9608953407,ajeet.kumar@utkarsh.bank,PO-23-05-017639,"EPSON (Printer - Inktank)","EPSON M3170 EPIL",X5TW012488,,,INK-005,"Maintaince Box",3,0.4,0,0,"0000-00-00 00:00:00","0000-00-00 00:00:00","0000-00-00 00:00:00"
1360,Muzaffarpur,Muzaffarpur,"Ground Floor, Khata No 137, Zila School Road, Hathi Chowk, District - Muzaffarpur, PO - Ramna, Bihar, Pin 842001",MUZAFFARPUR,BIHAR,842001,"Amit Kumar",,9162829404,operationsmanager.muzaffarpur@utkarsh.bank,,"Mr.Ajeet Kumar(RIT)",BIHAR,9608953407,ajeet.kumar@utkarsh.bank,PO-22-08-010097,"Samsung (Printer - LaserJet)",MFD-SL-M2876ND,ZD4GB8KJ2F0096W,,,"ICON 116L (Toner)","ICON 116L (Drum Unit)",3,0.4,0,0,"0000-00-00 00:00:00","0000-00-00 00:00:00","0000-00-00 00:00:00"
1361,"GAYA GB & MSME","GAYA GB & MSME","Balaji Gharana?,Ground Floor, A.P. Colony, P.O. A.P. Colony, Gaya, Bihar:823001",GAYA,BIHAR,823001,"Abhishek Kumar",,9724300709,NA,,"Mr.Priyatam Kumar Singh(RIT)",BIHAR,9504342712,priyatam.singh@utkarsh.bank,PO-22-08-010097,"Samsung (Printer - LaserJet)",MFD-SL-M2876ND,CNB2M1HV16,,,"ICON 116L (Toner)","ICON 116L (Drum Unit)",3,0,0,0,"0000-00-00 00:00:00","0000-00-00 00:00:00","0000-00-00 00:00:00"
1362,"Deoria GB",Gorakhpur,"House No.392, Ward No.23, Abubkar Nagar, Gorakhpur Road, Deoria, Uttar Pradesh, India, PIN - 274001",DEORIA,"UTTAR PRADESH",274001,"Avnish Panday",,9565095496,branchhead.deoria@utkarsh.bank,,"Mr.Haidar Ali (RIT)","UTTAR PRADESH",8090554271,"haidar,ali@utkarsh.bank",PO-22-12-012449,"Brother (Printer - LaserJet)","Brother- L2541DW",E73802J1N978749,"ICON TN-2365","ICON DR 2365",,,3,0.4,0,0,"0000-00-00 00:00:00","0000-00-00 00:00:00","0000-00-00 00:00:00"
1362,"Deoria GB",Gorakhpur,"House No.392, Ward No.23, Abubkar Nagar, Gorakhpur Road, Deoria, Uttar Pradesh, India, PIN - 274001",DEORIA,"UTTAR PRADESH",274001,"Avnish Panday",,9565095496,branchhead.deoria@utkarsh.bank,,"Mr.Haidar Ali (RIT)","UTTAR PRADESH",8090554271,"haidar,ali@utkarsh.bank",PO-23-04-016383,"Samsung (Printer - LaserJet)",MFD-SL-M2876ND,ZD5HB8KJ8F0279H,,,"ICON 116L (Toner)","ICON 116L (Drum Unit)",3,0.4,0,0,"0000-00-00 00:00:00","0000-00-00 00:00:00","0000-00-00 00:00:00"
1363,Jaunpur,Jaunpur," Plot No 41/2 Ground Floor, Varanasi -Lucknow Main Road, Wajidpur Tiraha, PO - Umarpur, Pin 222002, District - Jaunpur, Uttarpardesh Pin 222002",JAUNPUR,"UTTAR PRADESH",222002,"Nimesh Nagar",,9910929161,NA,,"Mr.Haidar Ali (RIT)","UTTAR PRADESH",8090554271,"haidar,ali@utkarsh.bank",PO-23-04-016383,"Samsung (Printer - LaserJet)",MFD-SL-M2876ND,ZD4GB8KJ2D002C,,,"ICON 116L (Toner)","ICON 116L (Drum Unit)",3,0,0,0,"0000-00-00 00:00:00","0000-00-00 00:00:00","0000-00-00 00:00:00"
1366,Siwan,Siwan,"Mauza- Siwan, Mohalla-Dwivedi Colony, Near ?Head Post Office, P.S-Siwan , P.O & Dist.-Siwan ? 841226",SIWAN,BIHAR,841226,"Ravindra Kumar Mishra",,8051410648,NA,,"Mr.kuldip Kumar (RIT)",BIHAR,9511133885,kuldip.kumar@utkarsh.bank,PO-22-08-010097,"Samsung (Printer - LaserJet)",MFD-SL-M2876ND,CNB3M4H18P,,,"ICON 116L (Toner)","ICON 116L (Drum Unit)",3,0,0,0,"0000-00-00 00:00:00","0000-00-00 00:00:00","0000-00-00 00:00:00"
1368,KASYA,KASYA,"PURANI FAZIL NAGAR ROAD KASYA KUSHINAGAR 274402","KUSHI NAGAR","UTTAR PRADESH",274402,"Neeraj Dubey",,9415677789,NA,,"Mr.Haidar Ali (RIT)","UTTAR PRADESH",8090554271,"haidar,ali@utkarsh.bank",PO-21-03-004916,"HP (Printer - LaserJet)","HP-M226DW- MFP",CNB1M6L042,,,"ICON 88A",,1,0,0,0,"0000-00-00 00:00:00","0000-00-00 00:00:00","0000-00-00 00:00:00"
1370,"Samastipur MEL",Samastipur,"Near Petrol Pump,Dadpur,Chaknaur,Rahmatpur,District - Samsatipur,Bihar,Pin code ? 848101",SAMASTIPUR,BIHAR,848101,"Alok Kumar",,8924540046,Msmesales.samastipur@utkarsh.bank,,"Mr.Priyatam Kumar Singh(RIT)",BIHAR,9504342712,priyatam.singh@utkarsh.bank,PO-22-12-012444,"Brother (Printer - LaserJet)","Brother- L2541DW",E73802J1N978781,"ICON TN-2365","ICON DR 2365",,,3,0.4,0,0,"0000-00-00 00:00:00","0000-00-00 00:00:00","0000-00-00 00:00:00"
1371,Roorkee,Roorkee," 237, Sai Mandir Road, Civil Line Roorkee, PO - Civil Lines, District - Haridwar, Uttrakhand, Pin - 247667",HARIDWAR,UTTARAKHAND,247667,VIPUL,,9653332211,bm.roorkee@utkarsh.bank,,"Mr. Jogindar Kumar (RIT)",UTTARAKHAND,9896984436,Joginder@utkarsh.bank,PO-23-01-026070,"Kyocera (Printer - LaserJet)","Kyocera FS 2040 DN",VYB2Y23427,"ICON TK-1178",DK-1150,,,3,0.4,0,0,"0000-00-00 00:00:00","0000-00-00 00:00:00","0000-00-00 00:00:00"
1371,Roorkee,Roorkee," 237, Sai Mandir Road, Civil Line Roorkee, PO - Civil Lines, District - Haridwar, Uttrakhand, Pin - 247667",HARIDWAR,UTTARAKHAND,247667,VIPUL,,9653332211,bm.roorkee@utkarsh.bank,,"Mr. Jogindar Kumar (RIT)",UTTARAKHAND,9896984436,Joginder@utkarsh.bank,PO-22-08-010107,"Samsung (Printer - LaserJet)",MFD-SL-M2876ND,ZD4GB8KJ2F008S,,,"ICON 116L (Toner)","ICON 116L (Drum Unit)",3,0.4,0,0,"0000-00-00 00:00:00","0000-00-00 00:00:00","0000-00-00 00:00:00"
1372,Ranchi,Ranchi," Ground Floor,Narayani Complex, having M.S. Plot no. 1794, 5 Main Road,Siram, Pagana,khakara, PO - Ranchi, Distict - Ranchi, Jharkhand, Pin 834001.",RANCHI,JHARKHAND,834001,"Bishwajit Mohanta",,9078149017,NA,,"Mr. Tapas Barik & Mr. Nitin Kumar (RIT)",JHARKHAND,9337513317/9608295625,tapas.barikh@utkarsh.bank,PO-22-02-014757,"Brother (Printer - LaserJet)","Brother- L2541DW",E73802A2N240938,"ICON TN-2365","ICON DR 2365",,,3,0,8000,0,"0000-00-00 00:00:00","0000-00-00 00:00:00","0000-00-00 00:00:00"
1372,Ranchi,Ranchi," Ground Floor,Narayani Complex, having M.S. Plot no. 1794, 5 Main Road,Siram, Pagana,khakara, PO - Ranchi, Distict - Ranchi, Jharkhand, Pin 834001.",RANCHI,JHARKHAND,834001,"Bishwajit Mohanta",,9078149017,NA,,"Mr. Tapas Barik & Mr. Nitin Kumar (RIT)",JHARKHAND,9337513317/9608295625,tapas.barikh@utkarsh.bank,PO-22-09-009626,"Kyocera (Printer - LaserJet)","kyocera 3212i",REF1117987,,,"ICON TK-7120",,1,0,0,0,"0000-00-00 00:00:00","0000-00-00 00:00:00","0000-00-00 00:00:00"
1372,Ranchi,Ranchi," Ground Floor,Narayani Complex, having M.S. Plot no. 1794, 5 Main Road,Siram, Pagana,khakara, PO - Ranchi, Distict - Ranchi, Jharkhand, Pin 834001.",RANCHI,JHARKHAND,834001,"Bishwajit Mohanta",,9078149017,NA,,"Mr. Tapas Barik & Mr. Nitin Kumar (RIT)",JHARKHAND,9337513317/9608295625,tapas.barikh@utkarsh.bank,PO-23-06-018154,"Samsung (Printer - LaserJet)",MFD-SL-M2876ND,ZD4GB8KJ2F008WL,,,"ICON 116L (Toner)","ICON 116L (Drum Unit)",3,0,0,0,"0000-00-00 00:00:00","0000-00-00 00:00:00","0000-00-00 00:00:00"
1373,"MEL YAMUNA NAGAR","Ambala Division","DELHI YAMUNANAGAR, YAMUNANAGAR, MEL YAMUNA NAGAR-1373, 135001",YAMUNANAGAR,HARYANA,135001,#N/A,,#N/A,NA,,"Mr.Haidar Ali (RIT)","UTTAR PRADESH",8090554271,"haidar,ali@utkarsh.bank",PO-21-03-004921,"HP (Printer - LaserJet)","HP MFP 72630 DN",CNB1M8H12Z,,,"ICON W1002YC",,1,0,0,0,"0000-00-00 00:00:00","0000-00-00 00:00:00","0000-00-00 00:00:00"
1374,Faridabad,Faridabad," Shop no. 5, 1-2 ka  Chowk, NIT - I, PO - NIT, District - Faridabad, Haryana - Pin 121001",FARIDABAD,HARYANA,121001,"Vyomesh Bhardwaj",,9582327055,NA,,"Mr.Haidar Ali (RIT)","UTTAR PRADESH",8090554271,"haidar,ali@utkarsh.bank",PO-23-05-017643,"Brother (Printer - LaserJet)","Brother- L2541DW",E73802A2N241039,"ICON TN-2365","ICON DR 2365",,,3,0,0,0,"0000-00-00 00:00:00","0000-00-00 00:00:00","0000-00-00 00:00:00"
1374,Faridabad,Faridabad," Shop no. 5, 1-2 ka  Chowk, NIT - I, PO - NIT, District - Faridabad, Haryana - Pin 121001",FARIDABAD,HARYANA,121001,"Vyomesh Bhardwaj",,9582327055,NA,,"Mr.Haidar Ali (RIT)","UTTAR PRADESH",8090554271,"haidar,ali@utkarsh.bank",PO-22-08-010104,"Samsung (Printer - LaserJet)",MFD-SL-M2876ND,ZD4GB8KJ1D002HA,,,"ICON 116L (Toner)","ICON 116L (Drum Unit)",3,0,0,0,"0000-00-00 00:00:00","0000-00-00 00:00:00","0000-00-00 00:00:00"
1375,Godowlia,Godowlia," Ground Floor, D37/37, 37 A,111,164 , Spice KCM Cineplex,  Gadowila - Maidagin Road, Bara Deo, PO - Luxa, District Varanasi, Uttar Pardesh, Pin - 221001",VARANASI,"UTTAR PRADESH",221001,"Nischal Srivastava",,9838413664,NA,,"Mr.Vishal Yadahav (RIT)","UTTAR PRADESH",8052868052,vishal.yadhav@utkarsh.bank,PO-23-05-017661,"Brother (Printer - LaserJet)","Brother- L2541DW",E73802A2N241043,"ICON TN-2365","ICON DR 2365",,,3,0,0,0,"0000-00-00 00:00:00","0000-00-00 00:00:00","0000-00-00 00:00:00"
1375,Godowlia,Godowlia," Ground Floor, D37/37, 37 A,111,164 , Spice KCM Cineplex,  Gadowila - Maidagin Road, Bara Deo, PO - Luxa, District Varanasi, Uttar Pardesh, Pin - 221001",VARANASI,"UTTAR PRADESH",221001,"Nischal Srivastava",,9838413664,NA,,"Mr.Vishal Yadahav (RIT)","UTTAR PRADESH",8052868052,vishal.yadhav@utkarsh.bank,PO-23-04-016383,"Samsung (Printer - LaserJet)",MFD-SL-M2876ND,ZD4GB8KJ2F008J,,,"ICON 116L (Toner)","ICON 116L (Drum Unit)",3,0,0,0,"0000-00-00 00:00:00","0000-00-00 00:00:00","0000-00-00 00:00:00"
1376,Gurugram,Gurugram," SCO 36, Huda Market Sector-15, Part -2, District - Gurugram, Haryana Pin 122001",GURUGRAM,HARYANA,122001,"Mukul Manthan",,9910072395,NA,,"Mr.Haidar Ali (RIT)","UTTAR PRADESH",8090554271,"haidar,ali@utkarsh.bank",PO-22-12-012448,"Brother (Printer - LaserJet)","Brother- L2541DW",E73802J1N976341,"ICON TN-2365","ICON DR 2365",,,3,0,0,0,"0000-00-00 00:00:00","0000-00-00 00:00:00","0000-00-00 00:00:00"
1376,Gurugram,Gurugram," SCO 36, Huda Market Sector-15, Part -2, District - Gurugram, Haryana Pin 122001",GURUGRAM,HARYANA,122001,"Mukul Manthan",,9910072395,NA,,"Mr.Haidar Ali (RIT)","UTTAR PRADESH",8090554271,"haidar,ali@utkarsh.bank",PO-23-05-017643,"EPSON (Printer - Inktank)","EPSON M3170 EPIL",X5TW012512,,,INK-005,"Maintaince Box",3,0,0,0,"0000-00-00 00:00:00","0000-00-00 00:00:00","0000-00-00 00:00:00"
1376,Gurugram,Gurugram," SCO 36, Huda Market Sector-15, Part -2, District - Gurugram, Haryana Pin 122001",GURUGRAM,HARYANA,122001,"Mukul Manthan",,9910072395,NA,,"Mr.Haidar Ali (RIT)","UTTAR PRADESH",8090554271,"haidar,ali@utkarsh.bank",PO-22-08-010104,"Samsung (Printer - LaserJet)",MFD-SL-M2876ND,ZD4GB8K12F000PM,,,"ICON 116L (Toner)","ICON 116L (Drum Unit)",3,0,0,0,"0000-00-00 00:00:00","0000-00-00 00:00:00","0000-00-00 00:00:00"
1376,Gurugram,Gurugram," SCO 36, Huda Market Sector-15, Part -2, District - Gurugram, Haryana Pin 122001",GURUGRAM,HARYANA,122001,"Mukul Manthan",,9910072395,NA,,"Mr.Haidar Ali (RIT)","UTTAR PRADESH",8090554271,"haidar,ali@utkarsh.bank",PO-22-08-010104,"Samsung (Printer - LaserJet)",MFD-SL-M2876ND,ZD5HB8KH9C02NSZ,,,"ICON 116L (Toner)","ICON 116L (Drum Unit)",3,0,0,0,"0000-00-00 00:00:00","0000-00-00 00:00:00","0000-00-00 00:00:00"
1377,"Saguna More","Saguna More"," Ground Floor, Plot No.-202,Vasi Kunj Complex, Bailey Road, Saguna More, PO - Danapur Cantt, Bihar, Pin - 801503",PATNA,BIHAR,801503,"Vishal Kumar ",,7992335141,NA,,"Mr.Shantanu Kanth(RIT)",BIHAR,7635093755,shantanu.kanth@utkarsh.bank,PO-22-11-011398,"Brother (Printer - LaserJet)","Brother- L2541DW",E73802G1N910761,"ICON TN-2365","ICON DR 2365",,,1,0,0,0,"0000-00-00 00:00:00","0000-00-00 00:00:00","0000-00-00 00:00:00"
1377,"Saguna More","Saguna More"," Ground Floor, Plot No.-202,Vasi Kunj Complex, Bailey Road, Saguna More, PO - Danapur Cantt, Bihar, Pin - 801503",PATNA,BIHAR,801503,"Vishal Kumar ",,7992335141,NA,,"Mr.Shantanu Kanth(RIT)",BIHAR,7635093755,shantanu.kanth@utkarsh.bank,PO-22-08-010097,"Samsung (Printer - LaserJet)",MFD-SL-M2876ND,ZD4GB8KJ1D003200,,,"ICON 116L (Toner)","ICON 116L (Drum Unit)",3,0,0,0,"0000-00-00 00:00:00","0000-00-00 00:00:00","0000-00-00 00:00:00"
1378,Manesar,Manesar,"Ground floor Shop no 8,9, 30 Eros Corporate Park, K -block , sector 2, IMT manesar, PO -  Manesar, District - Gurugram,  Haryana. Pin- 122050",Manesar,Delhi,122050,"Trisha Singh",,7784083440,NA,,"Mr Ramesh (RIT)",DELHI,7060504211,ramesh.kumar@utkarsh.bank,PO-22-08-010104,"Samsung (Printer - LaserJet)",MFD-SL-M2876ND,zd4gb8kj2d007ch,,,"ICON 116L (Toner)","ICON 116L (Drum Unit)",3,0,0,0,"0000-00-00 00:00:00","0000-00-00 00:00:00","0000-00-00 00:00:00"
1379,"Lakadganj GB","Rest of Maharashtra","Ground Floor, Honey Arjun Kaushalya Tower, Plot. No. 268, Central Avenue Road, Lakadganj, Nagpur, Maharashtra - 440008",NAGPUR,MAHARASHTRA,440008,"Suhas Manohar Dharmik",,7722055440,branchhead.lakadganj@utkarsh.bank,,"Mr. Rahul Chauhan (RIT) & Mr. Kamal (RIT)",MAHARASHTRA,7021828776/7525048585,rahul.chauhan1@utkarsh.bank,PO-22-02-014692,"Brother (Printer - LaserJet)","Brother- L2541DW",E73802A2N240927,"ICON TN-2365","ICON DR 2365",,,3,0.4,0,0,"0000-00-00 00:00:00","0000-00-00 00:00:00","0000-00-00 00:00:00"
1380,Barh,Barh," First Floor, Ward No 02/14, Holding No 0154/449 Station Bazar Road, District - Patna PO - Barh, Bihar  Pin 803213",NALANDA,BIHAR,803213,"Anil Kumar Singh",,9955814954,NA,,"Mr.kuldip Kumar (RIT)",BIHAR,9511133885,kuldip.kumar@utkarsh.bank,PO-22-08-010097,"Samsung (Printer - LaserJet)",MFD-SL-M2876ND,ZD4GB8KJ2F008V,,,"ICON 116L (Toner)","ICON 116L (Drum Unit)",3,0,0,0,"0000-00-00 00:00:00","0000-00-00 00:00:00","0000-00-00 00:00:00"
1381,Hasdiha,Hasdiha," First Floor,Near Syndicate bank,Dumka Road,District - Dumka,Jharkhand,Pin code ? 814145",DUMKA,JHARKHAND,814145,"Purushottam Kumar",,8298064347,NA,,"Mr. Tapas Barik & Mr. Nitin Kumar (RIT)",JHARKHAND,9337513317/9608295625,tapas.barikh@utkarsh.bank,PO-23-05-017639,"Brother (Printer - LaserJet)","Brother- L2541DW",E73802A2N241060,"ICON TN-2365","ICON DR 2365",,,3,0,0,0,"0000-00-00 00:00:00","0000-00-00 00:00:00","0000-00-00 00:00:00"
1381,Hasdiha,Hasdiha," First Floor,Near Syndicate bank,Dumka Road,District - Dumka,Jharkhand,Pin code ? 814145",DUMKA,JHARKHAND,814145,"Purushottam Kumar",,8298064347,NA,,"Mr. Tapas Barik & Mr. Nitin Kumar (RIT)",JHARKHAND,9337513317/9608295625,tapas.barikh@utkarsh.bank,PO-23-06-018154,"Samsung (Printer - LaserJet)",MFD-SL-M2876ND,ZD5HB8KJ8C00DG,,,"ICON 116L (Toner)","ICON 116L (Drum Unit)",3,0,0,0,"0000-00-00 00:00:00","0000-00-00 00:00:00","0000-00-00 00:00:00"
1382,Jarmundi,Jarmundi,"C/O Chanda Devi, First Floor, Near Uco Bank, Jarmundi Dist- Dumka Jharkhand, Pin code-814141",DUMKA,JHARKHAND,814141,"Mukesh Kumar Sharma",,6202225104,NA,,"Mr. Tapas Barik & Mr. Nitin Kumar (RIT)",JHARKHAND,9337513317/9608295625,tapas.barikh@utkarsh.bank,PO-23-06-018154,"Samsung (Printer - LaserJet)",MFD-SL-M2876ND,CNB3KDK7PW,,,"ICON 116L (Toner)","ICON 116L (Drum Unit)",3,0,0,0,"0000-00-00 00:00:00","0000-00-00 00:00:00","0000-00-00 00:00:00"
1383,Godda,Godda,"Ground floor,Mission Chauk, Godhi Durga Mandir, Godda,Distt ? Godda, Jharkhand, Pin code-814133",GODDA,JHARKHAND,814133,"Dhiraj Kumar",,9693819212,utk10329,,"Mr. Tapas Barik & Mr. Nitin Kumar (RIT)",JHARKHAND,9337513317/9608295625,tapas.barikh@utkarsh.bank,PO-23-06-018154,"Samsung (Printer - LaserJet)",MFD-SL-M2876ND,CNB1KCVWNB,,,"ICON 116L (Toner)","ICON 116L (Drum Unit)",3,0,0,0,"0000-00-00 00:00:00","0000-00-00 00:00:00","0000-00-00 00:00:00"
1384,Mahmoorganj,Mahmoorganj," D-59/71 A-1 Upper Ground Floor, Rathyatra -Manduadih Railway station Road, Mehmoorganj, PO Sigra, District - Varanasi, Uttar Pradesh. Pin 221010.",VARANASI,"UTTAR PRADESH",221010,"Gyan Prakash Srivastava",,9807816255,NA,,"Mr.Vishal Yadahav (RIT)","UTTAR PRADESH",8052868052,vishal.yadhav@utkarsh.bank,PO-21-03-004916,"HP (Printer - LaserJet)","HP MFP 72630 DN",CNB1L9L59X,,,"ICON W1002YC",,1,0,0,0,"0000-00-00 00:00:00","0000-00-00 00:00:00","0000-00-00 00:00:00"
1384,Mahmoorganj,Mahmoorganj," D-59/71 A-1 Upper Ground Floor, Rathyatra -Manduadih Railway station Road, Mehmoorganj, PO Sigra, District - Varanasi, Uttar Pradesh. Pin 221010.",VARANASI,"UTTAR PRADESH",221010,"Gyan Prakash Srivastava",,9807816255,NA,,"Mr.Vishal Yadahav (RIT)","UTTAR PRADESH",8052868052,vishal.yadhav@utkarsh.bank,PO-23-04-016383,"Samsung (Printer - LaserJet)",MFD-SL-M2876ND,ZD4GB8KJ1D003MW,,,"ICON 116L (Toner)","ICON 116L (Drum Unit)",3,0,0,0,"0000-00-00 00:00:00","0000-00-00 00:00:00","0000-00-00 00:00:00"
1385,Chembur,"Mumbai City North East Division","Best Commercial Complex ( Unit Nos.1 & 2 on the Ground Floor and Unit Nos.101 to 109 on the First Floor) , Central Avenue Road, Dr. Ambedkar Udyan,  PO -Chembur , District - Mumbai, Maharashtra - 400071","MUMBAI SUBURBAN",MAHARASHTRA,400071,"Jayesh Rajendra Singh",,9969112469,NA,,"Mr. Rahul Chauhan (RIT) & Mr. Kamal (RIT)",MAHARASHTRA,7021828776/7525048585,rahul.chauhan1@utkarsh.bank,PO-22-08-010102,"Samsung (Printer - LaserJet)",MFD-SL-M2876ND,ZD4GB8KJ2D001N,,,"ICON 116L (Toner)","ICON 116L (Drum Unit)",3,0,0,0,"0000-00-00 00:00:00","0000-00-00 00:00:00","0000-00-00 00:00:00"
1385,Chembur,"Mumbai City North East Division","Best Commercial Complex ( Unit Nos.1 & 2 on the Ground Floor and Unit Nos.101 to 109 on the First Floor) , Central Avenue Road, Dr. Ambedkar Udyan,  PO -Chembur , District - Mumbai, Maharashtra - 400071","MUMBAI SUBURBAN",MAHARASHTRA,400071,"Jayesh Rajendra Singh",,9969112469,NA,,"Mr. Rahul Chauhan (RIT) & Mr. Kamal (RIT)",MAHARASHTRA,7021828776/7525048585,rahul.chauhan1@utkarsh.bank,PO-22-08-010102,"Samsung (Printer - LaserJet)",MFD-SL-M2876ND,ZD4GB8KJ2F008F,,,"ICON 116L (Toner)","ICON 116L (Drum Unit)",3,0,0,0,"0000-00-00 00:00:00","0000-00-00 00:00:00","0000-00-00 00:00:00"
1385,Chembur,"Mumbai City North East Division","Best Commercial Complex ( Unit Nos.1 & 2 on the Ground Floor and Unit Nos.101 to 109 on the First Floor) , Central Avenue Road, Dr. Ambedkar Udyan,  PO -Chembur , District - Mumbai, Maharashtra - 400071","MUMBAI SUBURBAN",MAHARASHTRA,400071,"Jayesh Rajendra Singh",,9969112469,NA,,"Mr. Rahul Chauhan (RIT) & Mr. Kamal (RIT)",MAHARASHTRA,7021828776/7525048585,rahul.chauhan1@utkarsh.bank,PO-23-01-025928,"Kyocera (Printer - LaserJet)","Kyocera FS 2040 DN",VYB2Y23156,"ICON TK-1178",DK-1150,,,3,0,0,0,"0000-00-00 00:00:00","0000-00-00 00:00:00","0000-00-00 00:00:00"
1385,Chembur,"Mumbai City North East Division","Best Commercial Complex ( Unit Nos.1 & 2 on the Ground Floor and Unit Nos.101 to 109 on the First Floor) , Central Avenue Road, Dr. Ambedkar Udyan,  PO -Chembur , District - Mumbai, Maharashtra - 400071","MUMBAI SUBURBAN",MAHARASHTRA,400071,"Jayesh Rajendra Singh",,9969112469,NA,,"Mr. Rahul Chauhan (RIT) & Mr. Kamal (RIT)",MAHARASHTRA,7021828776/7525048585,rahul.chauhan1@utkarsh.bank,PO-23-01-025928,"Kyocera (Printer - LaserJet)","Kyocera FS 2040 DN",VYB2Y23261,"ICON TK-1178",DK-1150,,,3,0,0,0,"0000-00-00 00:00:00","0000-00-00 00:00:00","0000-00-00 00:00:00"
1385,Chembur,"Mumbai City North East Division","Best Commercial Complex ( Unit Nos.1 & 2 on the Ground Floor and Unit Nos.101 to 109 on the First Floor) , Central Avenue Road, Dr. Ambedkar Udyan,  PO -Chembur , District - Mumbai, Maharashtra - 400071","MUMBAI SUBURBAN",MAHARASHTRA,400071,"Jayesh Rajendra Singh",,9969112469,NA,,"Mr. Rahul Chauhan (RIT) & Mr. Kamal (RIT)",MAHARASHTRA,7021828776/7525048585,rahul.chauhan1@utkarsh.bank,PO-23-10-023029,"EPSON (Printer - Inktank)","EPSON M3170 EPIL",X5TW018779,,,INK-005,"Maintaince Box",3,0.4,0,0,"0000-00-00 00:00:00","0000-00-00 00:00:00","0000-00-00 00:00:00"
1385,Chembur,"Mumbai City North East Division","Best Commercial Complex ( Unit Nos.1 & 2 on the Ground Floor and Unit Nos.101 to 109 on the First Floor) , Central Avenue Road, Dr. Ambedkar Udyan,  PO -Chembur , District - Mumbai, Maharashtra - 400071","MUMBAI SUBURBAN",MAHARASHTRA,400071,"Jayesh Rajendra Singh",,9969112469,NA,,"Mr. Rahul Chauhan (RIT) & Mr. Kamal (RIT)",MAHARASHTRA,7021828776/7525048585,rahul.chauhan1@utkarsh.bank,UTK/LTR/IT/2019/20/326/1505,"HP (Printer - LaserJet)","MFP M72630",CNB1M5F00C,,,"ICON W1002YC",,1,0.5,0,6000,"0000-00-00 00:00:00","0000-00-00 00:00:00","0000-00-00 00:00:00"
1385,Chembur,"Mumbai City North East Division","Best Commercial Complex ( Unit Nos.1 & 2 on the Ground Floor and Unit Nos.101 to 109 on the First Floor) , Central Avenue Road, Dr. Ambedkar Udyan,  PO -Chembur , District - Mumbai, Maharashtra - 400071","MUMBAI SUBURBAN",MAHARASHTRA,400071,"Jayesh Rajendra Singh",,9969112469,NA,,"Mr. Rahul Chauhan (RIT) & Mr. Kamal (RIT)",MAHARASHTRA,7021828776/7525048585,rahul.chauhan1@utkarsh.bank,PO-23-08-020513,"EPSON (Printer - Inktank)","EPSON M3170 EPIL",X5TW018447,,,INK-005,"Maintaince Box",3,0.4,0,0,"0000-00-00 00:00:00","0000-00-00 00:00:00","0000-00-00 00:00:00"
1386,"PUSA ROAD","New Delhi Central Division","9 B, 1st Floor, Rajendra Park, Pusa Road, New Delhi, India, PIN -110060, NEW DELHI, PUSA ROAD-1386, 110060 .",CENTRAL,DELHI,110060,#N/A,,#N/A,NA,,"Mr Ramesh (RIT)",DELHI,7060504211,ramesh.kumar@utkarsh.bank,PO-21-03-004918,"HP (Printer - LaserJet)","HP MFP 72630 DN",CNB4JC97049,,,"ICON W1002YC",,1,0,0,0,"0000-00-00 00:00:00","0000-00-00 00:00:00","0000-00-00 00:00:00"
1387,Chalisgaon,Akola,"Near Kharjai Naka,Takari pracha,Chalisgaon,District ? Jalgaon,Maharashtra,Pin code - 424101",JALGAON,MAHARASHTRA,424101,"Mr. Vinode Sarode",,8308684682,bm.chalisgaon@utkarsh.bank,,"Mr. Rahul Chauhan (RIT) & Mr. Kamal (RIT)",MAHARASHTRA,7021828776/7525048585,rahul.chauhan1@utkarsh.bank,PO-22-08-010102,"Samsung (Printer - LaserJet)",MFD-SL-M2876ND,CNB2L7DJCF,,,"ICON 116L (Toner)","ICON 116L (Drum Unit)",3,0.4,0,0,"0000-00-00 00:00:00","0000-00-00 00:00:00","0000-00-00 00:00:00"
1387,Chalisgaon,Akola,"Near Kharjai Naka,Takari pracha,Chalisgaon,District ? Jalgaon,Maharashtra,Pin code - 424101",JALGAON,MAHARASHTRA,424101,"Mr. Vinode Sarode",,8308684682,bm.chalisgaon@utkarsh.bank,,"Mr. Rahul Chauhan (RIT) & Mr. Kamal (RIT)",MAHARASHTRA,7021828776/7525048585,rahul.chauhan1@utkarsh.bank,"PO-23-09-021635 ","EPSON (Printer - Inktank)","EPSON M3170 EPIL",X5TW010739,,,INK-005,"Maintaince Box",3,0.4,0,0,"0000-00-00 00:00:00","0000-00-00 00:00:00","0000-00-00 00:00:00"
1390,Sonipat,Sonipat,"Plot No 215, Ground & First Floor, Atlas Road, Model Town, PO - Model Town, District - Sonipat, Haryana -  Pin 131001",SONIPAT,HARYANA,131001,Sunny,,9896679700,branchhead.sonipat@utkarsh.bank,,"Mr.Haidar Ali (RIT)","UTTAR PRADESH",8090554271,"haidar,ali@utkarsh.bank",PO-22-08-010104,"Samsung (Printer - LaserJet)",MFD-SL-M2876ND,"CNB1KCVWND & ZD5HB8KJBF04YSM",,,"ICON 116L (Toner)","ICON 116L (Drum Unit)",3,0.4,0,0,"0000-00-00 00:00:00","0000-00-00 00:00:00","0000-00-00 00:00:00"
1390,Sonipat,Sonipat,"Plot No 215, Ground & First Floor, Atlas Road, Model Town, PO - Model Town, District - Sonipat, Haryana -  Pin 131001",SONIPAT,HARYANA,131001,Sunny,,9896679700,branchhead.sonipat@utkarsh.bank,,"Mr.Haidar Ali (RIT)","UTTAR PRADESH",8090554271,"haidar,ali@utkarsh.bank",PO-23-11-023365,"EPSON (Printer - Inktank)","EPSON M3170 EPIL",X5TW011631,,,INK-005,"Maintaince Box",3,0.4,0,0,"0000-00-00 00:00:00","0000-00-00 00:00:00","0000-00-00 00:00:00"
1390,Sonipat,Sonipat,"Plot No 215, Ground & First Floor, Atlas Road, Model Town, PO - Model Town, District - Sonipat, Haryana -  Pin 131001",SONIPAT,HARYANA,131001,Sunny,,9896679700,branchhead.sonipat@utkarsh.bank,,"Mr.Haidar Ali (RIT)","UTTAR PRADESH",8090554271,"haidar,ali@utkarsh.bank",PO-22-9-010098,"Samsung (Printer - LaserJet)",MFD-SL-M2876ND,ZD4GB8KJ1D001F,,,"ICON 116L (Toner)","ICON 116L (Drum Unit)",3,0.4,0,0,"0000-00-00 00:00:00","0000-00-00 00:00:00","0000-00-00 00:00:00"
1391,Yamunanagar,Yamunanagar,"38/39, Upper Ground Floor, Nehrupark Road, Pyara Chowk, Modeltown, PO - Yamunanagar, District - Yamunanagar,  Haryana - Pin 135001",YAMUNANAGAR,HARYANA,135001,"PRINCE ",,9050247008,bm.yamunanagar@utkarsh.bank,,"Mr.Haidar Ali (RIT)","UTTAR PRADESH",8090554271,"haidar,ali@utkarsh.bank",PO-22-08-010104,"Samsung (Printer - LaserJet)",MFD-SL-M2876ND,ZD4GB8KJ10003XB,,,"ICON 116L (Toner)","ICON 116L (Drum Unit)",3,0.4,0,0,"0000-00-00 00:00:00","0000-00-00 00:00:00","0000-00-00 00:00:00"
1391,Yamunanagar,Yamunanagar,"38/39, Upper Ground Floor, Nehrupark Road, Pyara Chowk, Modeltown, PO - Yamunanagar, District - Yamunanagar,  Haryana - Pin 135001",YAMUNANAGAR,HARYANA,135001,"PRINCE ",,9050247008,bm.yamunanagar@utkarsh.bank,,"Mr.Haidar Ali (RIT)","UTTAR PRADESH",8090554271,"haidar,ali@utkarsh.bank",PO-22-08-010104,"Samsung (Printer - LaserJet)",MFD-SL-M2876ND,ZD4GB8KJ1D003X,,,"ICON 116L (Toner)","ICON 116L (Drum Unit)",3,0.4,0,0,"0000-00-00 00:00:00","0000-00-00 00:00:00","0000-00-00 00:00:00"
1392,Basti,"Basti Division","89 A, Ground Floor, Malviya RoadPikhaura Shiv Glam, PO - GandhiNagar,District - Basti,Uttar Pradesh Pin 272001, BASTI, Basti-1392, 272001",BASTI,"UTTAR PRADESH",272001,"Rohit Gupta",,9125967308,NA,,"Mr.Haidar Ali (RIT)","UTTAR PRADESH",8090554271,"haidar,ali@utkarsh.bank",PO-23-02-027169,"Kyocera (Printer - LaserJet)","Kyocera FS 2040 DN",VYB2Y23319,"ICON TK-1178",DK-1150,,,3,0,0,0,"0000-00-00 00:00:00","0000-00-00 00:00:00","0000-00-00 00:00:00"
1392,Basti,"Basti Division","89 A, Ground Floor, Malviya RoadPikhaura Shiv Glam, PO - GandhiNagar,District - Basti,Uttar Pradesh Pin 272001, BASTI, Basti-1392, 272001",BASTI,"UTTAR PRADESH",272001,"Rohit Gupta",,9125967308,NA,,"Mr.Haidar Ali (RIT)","UTTAR PRADESH",8090554271,"haidar,ali@utkarsh.bank",PO-23-04-016383,"Samsung (Printer - LaserJet)",MFD-SL-M2876ND,ZD4GB8KJ2F008GV,,,"ICON 116L (Toner)","ICON 116L (Drum Unit)",3,0.4,0,0,"0000-00-00 00:00:00","0000-00-00 00:00:00","0000-00-00 00:00:00"
1393,"Ambala ","Ambala ","Ground Floor, 5406/2-3 Shree Complex, Crossroad no  3, Panjabi Mohalla, District - Ambala, Haryana. Pin 133001",AMBALA,HARYANA,133001,Cherry,,7056924901,Branchead.ambala@utkarsh.bank,,"Mr.Haidar Ali (RIT)","UTTAR PRADESH",8090554271,"haidar,ali@utkarsh.bank",PO-23-04-016383,"Samsung (Printer - LaserJet)",MFD-SL-M2876ND,ZD4GB8KJ1D001CK,,,"ICON 116L (Toner)","ICON 116L (Drum Unit)",3,0.4,0,0,"0000-00-00 00:00:00","0000-00-00 00:00:00","0000-00-00 00:00:00"
1395,Dhanbad,Dhanbad," Poodar Tower, Upper Ground Floor, Holding No. 649,652-654, 683, 694-698,714, Dhanbad - Jhariya Road, Shashtri Nagar, District - Dhanbad PO - Dhanbad, Jharkhand,Pin  826001",DHANBAD,JHARKHAND,826001,"Sandeep Kumar",,9471532289,NA,,"Mr. Tapas Barik & Mr. Nitin Kumar (RIT)",JHARKHAND,9337513317/9608295625,tapas.barikh@utkarsh.bank,PO-23-06-018154,"Samsung (Printer - LaserJet)",MFD-SL-M2876ND,ZD4GB8KJ2F0090,,,"ICON 116L (Toner)","ICON 116L (Drum Unit)",3,0,0,0,"0000-00-00 00:00:00","0000-00-00 00:00:00","0000-00-00 00:00:00"
1396,Ramgarh,Ramgarh,"Building Number JC 9/1, Ground Floor, Main Road, Mahatma Gandhi Chowk, PO - Ramgrh Cant, District - Ramagarh Cantt, Jharkhand, Pin 829122",RAMGARH,JHARKHAND,829122,"Divesh Kumar",,8871580618,NA,,"Mr. Tapas Barik & Mr. Nitin Kumar (RIT)",JHARKHAND,9337513317/9608295625,tapas.barikh@utkarsh.bank,PO-23-06-018154,"Samsung (Printer - LaserJet)",MFD-SL-M2876ND,ZD4GB8KJ2F008YA,,,"ICON 116L (Toner)","ICON 116L (Drum Unit)",3,0,0,0,"0000-00-00 00:00:00","0000-00-00 00:00:00","0000-00-00 00:00:00"
1397,Haridwar,Haridwar," Ground Floor,  Jwalapur Main Road, Yogi Vihar, PO - Jwalapur, District - Haridwar, Uttarakhand. Pin - 249407",HARIDWAR,UTTARAKHAND,249407,"MOHIT ",,9634489228,Branchead.haridwar@utkarsh.bank,,"Mr. Jogindar Kumar (RIT)",UTTARAKHAND,9896984436,Joginder@utkarsh.bank,PO-23-11-024067,"EPSON (Printer - Inktank)","EPSON M3170 EPIL",X5TW017598,,,INK-005,"Maintaince Box",3,0.4,0,0,"0000-00-00 00:00:00","0000-00-00 00:00:00","0000-00-00 00:00:00"
1397,Haridwar,Haridwar," Ground Floor,  Jwalapur Main Road, Yogi Vihar, PO - Jwalapur, District - Haridwar, Uttarakhand. Pin - 249407",HARIDWAR,UTTARAKHAND,249407,"MOHIT ",,9634489228,Branchead.haridwar@utkarsh.bank,,"Mr. Jogindar Kumar (RIT)",UTTARAKHAND,9896984436,Joginder@utkarsh.bank,PO-22-08-010107,"Samsung (Printer - LaserJet)",MFD-SL-M2876ND,ZD4GB8KJ2D007C,,,"ICON 116L (Toner)","ICON 116L (Drum Unit)",3,0.4,0,0,"0000-00-00 00:00:00","0000-00-00 00:00:00","0000-00-00 00:00:00"
1398,"Bokaro ","Bokaro "," B-15, Ground Floor,City Center,  PO - Sector 4, District - Bokaro, Jharkhand, Pin - 827004",BOKARO,JHARKHAND,827004,"Manish Kumar Tiwari",,9733220505,NA,,"Mr. Tapas Barik & Mr. Nitin Kumar (RIT)",JHARKHAND,9337513317/9608295625,tapas.barikh@utkarsh.bank,PO-23-06-018154,"Samsung (Printer - LaserJet)",MFD-SL-M2876ND,ZD4GB8KJ2D001FT,,,"ICON 116L (Toner)","ICON 116L (Drum Unit)",3,0,0,0,"0000-00-00 00:00:00","0000-00-00 00:00:00","0000-00-00 00:00:00"
1399,"Darbhanga GB",Darbhanga,"First Floor, Holding Number 605, ward No. 19, Mirzapur Road, Rajkumarganj, PO - Lalbagh,Distric - Darbhanga, Bihar. Pin 846004.",DARBHANGA,BIHAR,846004,"Rajan Jha",,7654186382,branchhead.darbhanga@utkarsh.bank,,"Mr.Ajeet Kumar(RIT)",BIHAR,9608953407,ajeet.kumar@utkarsh.bank,PO-22-12-012444,"Brother (Printer - LaserJet)","Brother- L2541DW",E73802J1N978686,"ICON TN-2365","ICON DR 2365",,,3,0.4,0,0,"0000-00-00 00:00:00","0000-00-00 00:00:00","0000-00-00 00:00:00"
1399,"Darbhanga GB",Darbhanga,"First Floor, Holding Number 605, ward No. 19, Mirzapur Road, Rajkumarganj, PO - Lalbagh,Distric - Darbhanga, Bihar. Pin 846004.",DARBHANGA,BIHAR,846004,"Rajan Jha",,7654186382,branchhead.darbhanga@utkarsh.bank,,"Mr.Ajeet Kumar(RIT)",BIHAR,9608953407,ajeet.kumar@utkarsh.bank,PO-22-09-010175,"Kyocera (Printer - LaserJet)","Kyocera FS 2040 DN",VYB1668699,"ICON TK-1178",DK-1150,,,1,0,0,0,"0000-00-00 00:00:00","0000-00-00 00:00:00","0000-00-00 00:00:00"
1399,"Darbhanga GB",Darbhanga,"First Floor, Holding Number 605, ward No. 19, Mirzapur Road, Rajkumarganj, PO - Lalbagh,Distric - Darbhanga, Bihar. Pin 846004.",DARBHANGA,BIHAR,846004,"Rajan Jha",,7654186382,branchhead.darbhanga@utkarsh.bank,,"Mr.Ajeet Kumar(RIT)",BIHAR,9608953407,ajeet.kumar@utkarsh.bank,PO-22-08-010097,"Samsung (Printer - LaserJet)",MFD-SL-M2876ND,ZD4GB8KJ1D000QM,,,"ICON 116L (Toner)","ICON 116L (Drum Unit)",3,0,0,0,"0000-00-00 00:00:00","0000-00-00 00:00:00","0000-00-00 00:00:00"
1400,Raipur-1400,"Raipur Division"," Ground Floor, ?17/2? Gore Parisar Raj Bhawan Marg, Civil Lines, PO Civil Line, Raipur 492001",RAIPUR,CHHATTISGARH,492001,"Purabi Sharma/Giri Shankar",,9584600086/7415389281,NA,,"Mr. Neelish Soni (RIT)","MADHYA PRADESH",8090654540,neelesh.soni@utkarsh.bank,PO-22-11-011517,"HP (Printer - LaserJet)","HP MFP 72625DN",CNB1MBH029,,,Icon-w1002YC,,1,0,0,0,"0000-00-00 00:00:00","0000-00-00 00:00:00","0000-00-00 00:00:00"
1400,Raipur-1400,"Raipur Division"," Ground Floor, ?17/2? Gore Parisar Raj Bhawan Marg, Civil Lines, PO Civil Line, Raipur 492001",RAIPUR,CHHATTISGARH,492001,"Purabi Sharma/Giri Shankar",,9584600086/7415389281,NA,,"Mr. Neelish Soni (RIT)","MADHYA PRADESH",8090654540,neelesh.soni@utkarsh.bank,PO-23-05-017640,"EPSON (Printer - Inktank)","EPSON M3170 EPIL",X5TW011305,,,INK-005,"Maintaince Box",3,0.4,0,0,"0000-00-00 00:00:00","0000-00-00 00:00:00","0000-00-00 00:00:00"
1400,Raipur-1400,"Raipur Division"," Ground Floor, ?17/2? Gore Parisar Raj Bhawan Marg, Civil Lines, PO Civil Line, Raipur 492001",RAIPUR,CHHATTISGARH,492001,"Purabi Sharma/Giri Shankar",,9584600086/7415389281,NA,,"Mr. Neelish Soni (RIT)","MADHYA PRADESH",8090654540,neelesh.soni@utkarsh.bank,PO-24-09-010111,"Samsung (Printer - LaserJet)",MFD-SL-M2876ND,ZD4GB8KJ1D000AH,,,"ICON 116L (Toner)","ICON 116L (Drum Unit)",3,0.4,0,0,"0000-00-00 00:00:00","0000-00-00 00:00:00","0000-00-00 00:00:00"
1401,Lajpatnagar,Lajpatnagar," K-91, Veer Savarkar Marg, Lajpat Nagar II, PO - Lajpath Nagar, District - South Delhi,  New Delhi - Pin 110024","South East",DELHI,110024,"Prem Kumar Jha",,9910158586,NA,,"Mr Ramesh (RIT)",DELHI,7060504211,ramesh.kumar@utkarsh.bank,PO-22-08-010104,"Samsung (Printer - LaserJet)",MFD-SL-M2876ND,ZD4GB8KJ1D0035F,,,"ICON 116L (Toner)","ICON 116L (Drum Unit)",3,0,0,0,"0000-00-00 00:00:00","0000-00-00 00:00:00","0000-00-00 00:00:00"
1401,Lajpatnagar,Lajpatnagar," K-91, Veer Savarkar Marg, Lajpat Nagar II, PO - Lajpath Nagar, District - South Delhi,  New Delhi - Pin 110024","South East",DELHI,110024,"Prem Kumar Jha",,9910158586,NA,,"Mr Ramesh (RIT)",DELHI,7060504211,ramesh.kumar@utkarsh.bank,PO-22-08-010104,"Samsung (Printer - LaserJet)",MFD-SL-M2876ND,ZD4GB8KJ2F000MN,,,"ICON 116L (Toner)","ICON 116L (Drum Unit)",3,0,0,0,"0000-00-00 00:00:00","0000-00-00 00:00:00","0000-00-00 00:00:00"
1402,Lalganj,Lalganj,"Ground Floor, Plot No. 131, Muzaffarpur Road,Agarpur, PO - Lalganj, Distict -Vaishali, Bihar. Pin 844121",VAISHALI,BIHAR,844121,"Nitesh Kumar",,9155669669,operationsmanager.lalganj@utkarsh.bank,,"Mr.Ajeet Kumar(RIT)",BIHAR,9608953407,ajeet.kumar@utkarsh.bank,PO-22-08-010097,"Samsung (Printer - LaserJet)",MFD-SL-M2876ND,ZD4GB8KJ2D0075F,,,"ICON 116L (Toner)","ICON 116L (Drum Unit)",3,0.4,0,0,"0000-00-00 00:00:00","0000-00-00 00:00:00","0000-00-00 00:00:00"
1403,"Bihar Sharif","Bihar Sharif"," Ground Floor, Holding Number 603,604, Bhainsasur, Bihar Shariff PO - Ranchi Road, District - Nalanda, Bihar, Pin - 803101",NALANDA,BIHAR,803101,"Gourav Karmarkar",,7033631234,NA,,"Mr.kuldip Kumar (RIT)",BIHAR,9511133885,kuldip.kumar@utkarsh.bank,PO-23-05-017639,"Brother (Printer - LaserJet)","Brother- L2541DW",E73802A2N240928,"ICON TN-2365","ICON DR 2365",,,3,0,0,0,"0000-00-00 00:00:00","0000-00-00 00:00:00","0000-00-00 00:00:00"
1403,"Bihar Sharif","Bihar Sharif"," Ground Floor, Holding Number 603,604, Bhainsasur, Bihar Shariff PO - Ranchi Road, District - Nalanda, Bihar, Pin - 803101",NALANDA,BIHAR,803101,"Gourav Karmarkar",,7033631234,NA,,"Mr.kuldip Kumar (RIT)",BIHAR,9511133885,kuldip.kumar@utkarsh.bank,PO-22-08-010097,"Samsung (Printer - LaserJet)",MFD-SL-M2876ND,ZD4GB8KJ2F008M,,,"ICON 116L (Toner)","ICON 116L (Drum Unit)",3,0,0,0,"0000-00-00 00:00:00","0000-00-00 00:00:00","0000-00-00 00:00:00"
1404,"Rasra GB",Gorakhpur,"Bhagat Singh Chauraha,Rasra, Ballia-221712",BALLIA,"UTTAR PRADESH",221712,"Kailash BL",,8879409902,branchhead.rasra@utkarsh.bank,,"Mr.Haidar Ali (RIT)","UTTAR PRADESH",8090554271,"haidar,ali@utkarsh.bank",PO-23-04-016383,"Samsung (Printer - LaserJet)",MFD-SL-M2876ND,ZD4GB8KJ2D007YH,,,"ICON 116L (Toner)","ICON 116L (Drum Unit)",3,0.4,0,0,"0000-00-00 00:00:00","0000-00-00 00:00:00","0000-00-00 00:00:00"
1405,Bhabua,Bhabua," Upper Ground Floor, Ward No:3, Chainpur Road, Patel Chowk, Bhabua, Distric - Kaimur, Bihar. Pin 821101","KAIMUR (BHABUA)",BIHAR,821101,"Mohammad Jawed Iqbal",,7717759253,NA,,"Mr.Shantanu Kanth(RIT)",BIHAR,7635093755,shantanu.kanth@utkarsh.bank,PO-23-11-024066,"EPSON (Printer - Inktank)","EPSON M3170 EPIL",X5TW017640,,,INK-005,"Maintaince Box",3,0,0,0,"0000-00-00 00:00:00","0000-00-00 00:00:00","0000-00-00 00:00:00"
1405,Bhabua,Bhabua," Upper Ground Floor, Ward No:3, Chainpur Road, Patel Chowk, Bhabua, Distric - Kaimur, Bihar. Pin 821101","KAIMUR (BHABUA)",BIHAR,821101,"Mohammad Jawed Iqbal",,7717759253,NA,,"Mr.Shantanu Kanth(RIT)",BIHAR,7635093755,shantanu.kanth@utkarsh.bank,PO-22-08-010097,"Samsung (Printer - LaserJet)",MFD-SL-M2876ND,ZD4GB8KJ2F008TR,,,"ICON 116L (Toner)","ICON 116L (Drum Unit)",3,0,0,0,"0000-00-00 00:00:00","0000-00-00 00:00:00","0000-00-00 00:00:00"
1406,"Bela Pratapgarh","Bela Pratapgarh","Branch Address: 237, Upper Ground Floor, Civil Lines, Treasury Chauraha,Pratapgarh, Uttar Pradesh, PIN - 230001",PRATAPGARH,"UTTAR PRADESH",230001,"Abhishek Singh ",,8905952703,branchhead.belapratapgarh@utkarsh.bank,,"Mr. Anil Kumar (RIT)","UTTAR PRADESH",7753811316,anil.yadav@utkarsh.bank,PO-22-11-011402,"Brother (Printer - LaserJet)","Brother- L2541DW",E73802H1N928937,"ICON TN-2365","ICON DR 2365",,,1,0.4,0,0,"0000-00-00 00:00:00","0000-00-00 00:00:00","0000-00-00 00:00:00"
1407,Jamshedpur,Jamshedpur,"Upper Ground Floor, DS Trade Center, Holding No.-20, Ram Mandir Area, Bistupur, Jamshedpur, Dist- East Singhbhum, State ?JharkhandPin-831001","EAST SINGHBUM",JHARKHAND,831001,NA,,#N/A,NA,,"Mr. Tapas Barik & Mr. Nitin Kumar (RIT)",JHARKHAND,9337513317/9608295625,tapas.barikh@utkarsh.bank,PO-23-06-018154,"Samsung (Printer - LaserJet)",MFD-SL-M2876ND,ZD4GB8KJ2F006E,,,"ICON 116L (Toner)","ICON 116L (Drum Unit)",3,0,0,0,"0000-00-00 00:00:00","0000-00-00 00:00:00","0000-00-00 00:00:00"
1408,Kankarbagh,Kankarbagh," Ground & First Floor, 3RC40, Bhoothnath Main Road, PO- Bahadur Housing Colony, Distric - Patna, Bihar, Pin 800026",PATNA,BIHAR,800026,"Rahul Kumar",,8877564642,NA,,"Mr.Shantanu Kanth(RIT)",BIHAR,7635093755,shantanu.kanth@utkarsh.bank,PO-22-12-012235,"HP (Printer - LaserJet)","HP-M226DW- MFP",CNBRPBFFSF,,,"ICON 88A",,3,0,0,0,"0000-00-00 00:00:00","0000-00-00 00:00:00","0000-00-00 00:00:00"
1408,Kankarbagh,Kankarbagh," Ground & First Floor, 3RC40, Bhoothnath Main Road, PO- Bahadur Housing Colony, Distric - Patna, Bihar, Pin 800026",PATNA,BIHAR,800026,"Rahul Kumar",,8877564642,NA,,"Mr.Shantanu Kanth(RIT)",BIHAR,7635093755,shantanu.kanth@utkarsh.bank,PO-22-08-010097,"Samsung (Printer - LaserJet)",MFD-SL-M2876ND,ZD4GB8KJ1D003DY,,,"ICON 116L (Toner)","ICON 116L (Drum Unit)",3,0,0,0,"0000-00-00 00:00:00","0000-00-00 00:00:00","0000-00-00 00:00:00"
1410,Rudrapur,Rudrapur," H. No22, Nainital highway road, PO- Rudrapur, District - Udham Singh Nagar,  Uttarakhand Pin - 263153","UDAM SINGH NAGAR",UTTARAKHAND,263153,"Akash Deep Vishnoi",,8171604684,NA,,"Mr. Jogindar Kumar (RIT)",UTTARAKHAND,9896984436,Joginder@utkarsh.bank,PO-22-08-010107,"Samsung (Printer - LaserJet)",MFD-SL-M2876ND,ZD4GB8KJ2D001R,,,"ICON 116L (Toner)","ICON 116L (Drum Unit)",3,0,0,0,"0000-00-00 00:00:00","0000-00-00 00:00:00","0000-00-00 00:00:00"
1412,"Kanker ","Bastar Division"," Gyani Chowk,Near Varsh Hard ware,Bardebhata,Kanker,District ? Kanker,Chhattisgarh,Pin code ? 494334",KANKER,CHHATTISGARH,494334,"Akash Rajesh Janbandhu",,9765222191,NA,,"Mr. Neelish Soni (RIT)","MADHYA PRADESH",8090654540,neelesh.soni@utkarsh.bank,PO-24-09-010111,"Samsung (Printer - LaserJet)",MFD-SL-M2876ND,"ZD5HB8KJBF05F8J- CNB2KCYM16",,,"ICON 116L (Toner)","ICON 116L (Drum Unit)",3,0,0,0,"0000-00-00 00:00:00","0000-00-00 00:00:00","0000-00-00 00:00:00"
1413,"Nagar Untari","Nagar Untari","In front of thana , Nagar Untari Garhwa Jharkhand-822121",GARHWA,JHARKHAND,822121,"Sujeet Kumar",,7321848138,Utk12989@utkarsh.bank,,"Mr. Tapas Barik & Mr. Nitin Kumar (RIT)",JHARKHAND,9337513317/9608295625,tapas.barikh@utkarsh.bank,PO-23-06-018154,"Samsung (Printer - LaserJet)",MFD-SL-M2876ND,CNB1L1DROX,,,"ICON 116L (Toner)","ICON 116L (Drum Unit)",3,0,0,0,"0000-00-00 00:00:00","0000-00-00 00:00:00","0000-00-00 00:00:00"
1413,"Nagar Untari","Nagar Untari","In front of thana , Nagar Untari Garhwa Jharkhand-822121",GARHWA,JHARKHAND,822121,"Sujeet Kumar",,7321848138,Utk12989@utkarsh.bank,,"Mr. Tapas Barik & Mr. Nitin Kumar (RIT)",JHARKHAND,9337513317/9608295625,tapas.barikh@utkarsh.bank,PO-23-11-023367,"EPSON (Printer - Inktank)","EPSON M3170 EPIL",X5TW011174,,,INK-005,"Maintaince Box",3,0,4000,0,"0000-00-00 00:00:00","0000-00-00 00:00:00","0000-00-00 00:00:00"
1414,Govindpur,Govindpur," Garg Complex,Upar Bazar,Near Dhanbad Mord Poand,Gobindpur,District - Dhanbad,Jharkhand,Pin code ? 828108",DHANBAD,JHARKHAND,828108,"Rinki Kumari",,7979003160,NA,,"Mr. Tapas Barik & Mr. Nitin Kumar (RIT)",JHARKHAND,9337513317/9608295625,tapas.barikh@utkarsh.bank,PO-23-06-018154,"Samsung (Printer - LaserJet)",MFD-SL-M2876ND,CNB3KDK4GQ,,,"ICON 116L (Toner)","ICON 116L (Drum Unit)",3,0,0,0,"0000-00-00 00:00:00","0000-00-00 00:00:00","0000-00-00 00:00:00"
1415,Patti,Patti," Hospital Road,Near Central Bank,Vadraf Nagar,District - Balarampur,Chhattisgarh,Pin code ? 497225",BALRAMPUR,CHHATTISGARH,497225,"Vivek Kumar",,8271266636,NA,,"Mr. Neelish Soni (RIT)","MADHYA PRADESH",8090654540,neelesh.soni@utkarsh.bank,PO-24-09-010111,"Samsung (Printer - LaserJet)",MFD-SL-M2876ND,CNB2KCYM0X,,,"ICON 116L (Toner)","ICON 116L (Drum Unit)",3,0,0,0,"0000-00-00 00:00:00","0000-00-00 00:00:00","0000-00-00 00:00:00"
1416,"Birgaon ","Birgaon ","Raigarh Road,Jashpur,Near PNB,Bankitoli,Jashpur,District ? Jashpur,Chhatishgarh,Pin Code ? 496331",JASHPUR,CHHATTISGARH,496331,"Vandana Bai/Sudhir Kr",,8319869863,NA,,"Mr. Neelish Soni (RIT)","MADHYA PRADESH",8090654540,neelesh.soni@utkarsh.bank,PO-24-09-010111,"Samsung (Printer - LaserJet)",MFD-SL-M2876ND,CNB2L7DJ9T,,,"ICON 116L (Toner)","ICON 116L (Drum Unit)",3,0,0,0,"0000-00-00 00:00:00","0000-00-00 00:00:00","0000-00-00 00:00:00"
1417,Pakur,Pakur,"New Court Road,Ravindra Murti Chowk,Pakur District ? Dumka,Jharkhand,Pin code ? 806107",Pakur,JHARKHAND,806107,"Brijesh kumar Yadav",,8292992202,utk11432@utkarsh.bank,,"Mr. Tapas Barik & Mr. Nitin Kumar (RIT)",JHARKHAND,9337513317/9608295625,tapas.barikh@utkarsh.bank,PO-23-06-018154,"Samsung (Printer - LaserJet)",MFD-SL-M2876ND,CNB3KDK728,,,"ICON 116L (Toner)","ICON 116L (Drum Unit)",3,0,0,0,"0000-00-00 00:00:00","0000-00-00 00:00:00","0000-00-00 00:00:00"
1418,Marihan,Marihan," Bilashpur Road,Near Tehsil, Udaypur,District- Surguja,Chhattisgarh,Pin code - 497116",SURGUJA,CHHATTISGARH,497116,"Premkumar Bachar",,7000147164,NA,,"Mr. Neelish Soni (RIT)","MADHYA PRADESH",8090654540,neelesh.soni@utkarsh.bank,PO-24-09-010111,"Samsung (Printer - LaserJet)",MFD-SL-M2876ND,CNB1KCBMXL,,,"ICON 116L (Toner)","ICON 116L (Drum Unit)",3,0,0,0,"0000-00-00 00:00:00","0000-00-00 00:00:00","0000-00-00 00:00:00"
1419,Raniganj(Br),Raniganj(Br)," Daltanganj Road,Gajbor,Near Hero agncy,Panki,District - Palamu,Jharkhand,Pin code - 822122",PALAMU,JHARKHAND,822122,"PINKI KUMARI",,7061380476,NA,,"Mr. Tapas Barik & Mr. Nitin Kumar (RIT)",JHARKHAND,9337513317/9608295625,tapas.barikh@utkarsh.bank,PO-23-06-018154,"Samsung (Printer - LaserJet)",MFD-SL-M2876ND,CNB1KCAMSK,,,"ICON 116L (Toner)","ICON 116L (Drum Unit)",3,0,0,0,"0000-00-00 00:00:00","0000-00-00 00:00:00","0000-00-00 00:00:00"
1419,Raniganj(Br),Raniganj(Br)," Daltanganj Road,Gajbor,Near Hero agncy,Panki,District - Palamu,Jharkhand,Pin code - 822122",PALAMU,JHARKHAND,822122,"PINKI KUMARI",,7061380476,NA,,"Mr. Tapas Barik & Mr. Nitin Kumar (RIT)",JHARKHAND,9337513317/9608295625,tapas.barikh@utkarsh.bank,PO-23-01-025884,"Kyocera (Printer - LaserJet)","Kyocera FS 2040 DN",VYB2X14154,"ICON TK-1178",DK-1150,,,3,0,0,0,"0000-00-00 00:00:00","0000-00-00 00:00:00","0000-00-00 00:00:00"
1420,"Padwa Mod","Padwa Mod"," First floor,Daltonganj Road,Near Bhart gass agancy,Padwa Mod,District - Palamu,Jharkhand,Pin code - 822124",GARHWA,JHARKHAND,822124,Gautam/Premchandra,,7607689338,NA,,"Mr. Tapas Barik & Mr. Nitin Kumar (RIT)",JHARKHAND,9337513317/9608295625,tapas.barikh@utkarsh.bank,PO-23-06-018154,"Samsung (Printer - LaserJet)",MFD-SL-M2876ND,CNB2KC8F2P,,,"ICON 116L (Toner)","ICON 116L (Drum Unit)",3,0,0,0,"0000-00-00 00:00:00","0000-00-00 00:00:00","0000-00-00 00:00:00"
1420,"Padwa Mod","Padwa Mod"," First floor,Daltonganj Road,Near Bhart gass agancy,Padwa Mod,District - Palamu,Jharkhand,Pin code - 822124",GARHWA,JHARKHAND,822124,Gautam/Premchandra,,7607689338,NA,,"Mr. Tapas Barik & Mr. Nitin Kumar (RIT)",JHARKHAND,9337513317/9608295625,tapas.barikh@utkarsh.bank,PO-22-12-012241,"HP (Printer - LaserJet)","HP-M226DW- MFP",CNBRPBFGZY,,,"ICON 88A",,3,0,0,0,"0000-00-00 00:00:00","0000-00-00 00:00:00","0000-00-00 00:00:00"
1421,Kursela,Kursela," Ward No.1,Near Indian Oil? Petrol Pump,Ramanuganj,District ? Balarampur,Chhattishgarh,Pin code - 497220",BALRAMPUR,CHHATTISGARH,497220,"Dhiraj Kumar Singh/Reema ",,9131636976,NA,,"Mr. Neelish Soni (RIT)","MADHYA PRADESH",8090654540,neelesh.soni@utkarsh.bank,PO-24-09-010111,"Samsung (Printer - LaserJet)",MFD-SL-M2876ND,CNB1L1DR0R,,,"ICON 116L (Toner)","ICON 116L (Drum Unit)",3,0,0,0,"0000-00-00 00:00:00","0000-00-00 00:00:00","0000-00-00 00:00:00"
1422,Japla,Japla," Near Girls Highschool,Haidar Nagar Road,Japla,District - Palamu,Jharkhand,Pin code ? 822116",PALAMU,JHARKHAND,822116,"Janmejay Kumar",,9431851562,NA,,"Mr. Tapas Barik & Mr. Nitin Kumar (RIT)",JHARKHAND,9337513317/9608295625,tapas.barikh@utkarsh.bank,PO-23-06-018154,"Samsung (Printer - LaserJet)",MFD-SL-M2876ND,CNB3KDK725,,,"ICON 116L (Toner)","ICON 116L (Drum Unit)",3,0.4,0,0,"0000-00-00 00:00:00","0000-00-00 00:00:00","0000-00-00 00:00:00"
1423,"Gariyaband ","Raipur Division"," Devbhog Road,Ward No.1,frunt of PNB,Gariyaband,District ? Gariyaband,Chhatisgarh,Pin code ? 493889",GARIYABAND,CHHATTISGARH,493889,"Vipin Namdev",,7509594979,NA,,"Mr. Neelish Soni (RIT)","MADHYA PRADESH",8090654540,neelesh.soni@utkarsh.bank,PO-24-09-010111,"Samsung (Printer - LaserJet)",MFD-SL-M2876ND,ZD5HB8KK7F01E3N-CNB2L7DJ9H,,,"ICON 116L (Toner)","ICON 116L (Drum Unit)",3,0,0,0,"0000-00-00 00:00:00","0000-00-00 00:00:00","0000-00-00 00:00:00"
1424,Meral,"Palamau Division"," Near High School,Meral,District - Garhwa,Jharkhand,Pin code - 822114",GARHWA,JHARKHAND,822114,"Pravesh Kumar Vishwakarma",,8738958912/8858909217,NA,,"Mr. Tapas Barik & Mr. Nitin Kumar (RIT)",JHARKHAND,9337513317/9608295625,tapas.barikh@utkarsh.bank,PO-23-06-018154,"Samsung (Printer - LaserJet)",MFD-SL-M2876ND,CNB2L7DJ7R,,,"ICON 116L (Toner)","ICON 116L (Drum Unit)",3,0,0,0,"0000-00-00 00:00:00","0000-00-00 00:00:00","0000-00-00 00:00:00"
1424,Meral,"Palamau Division"," Near High School,Meral,District - Garhwa,Jharkhand,Pin code - 822114",GARHWA,JHARKHAND,822114,"Pravesh Kumar Vishwakarma",,8738958912/8858909217,NA,,"Mr. Tapas Barik & Mr. Nitin Kumar (RIT)",JHARKHAND,9337513317/9608295625,tapas.barikh@utkarsh.bank,PO-22-01-013014,"Brother (Printer - LaserJet)","Brother- L2541DW",E73802K1N28441,"ICON TN-2365","ICON DR 2365",,,3,0,0,0,"0000-00-00 00:00:00","0000-00-00 00:00:00","0000-00-00 00:00:00"
1425,Garhwa,"Palamau Division","Vill Sonpurwa,P.S.Garhwa,ParaganaGarhwa,Near R. K. Public School,Dist-Garhwa, Jharkhand, Pin code822114,Khata No.129,Khesara No 616,619,Thana

No.242,Tauzi No.1298, GARHWA, Garhawa-1425, 822114",GARHWA,JHARKHAND,822114,"Rani Kumar/",,9102539095,NA,,"Mr. Tapas Barik & Mr. Nitin Kumar (RIT)",JHARKHAND,9337513317/9608295625,tapas.barikh@utkarsh.bank,PO-23-06-018154,"Samsung (Printer - LaserJet)",MFD-SL-M2876ND,CNB2L7DJH9,,,"ICON 116L (Toner)","ICON 116L (Drum Unit)",3,0,0,0,"0000-00-00 00:00:00","0000-00-00 00:00:00","0000-00-00 00:00:00"
1425,Garhwa,"Palamau Division","Vill Sonpurwa,P.S.Garhwa,ParaganaGarhwa,Near R. K. Public School,Dist-Garhwa, Jharkhand, Pin code822114,Khata No.129,Khesara No 616,619,Thana

No.242,Tauzi No.1298, GARHWA, Garhawa-1425, 822114",GARHWA,JHARKHAND,822114,"Rani Kumar/",,9102539095,NA,,"Mr. Tapas Barik & Mr. Nitin Kumar (RIT)",JHARKHAND,9337513317/9608295625,tapas.barikh@utkarsh.bank,PO-22-02-014757,"Brother (Printer - LaserJet)","Brother- L2541DW",E73802A2N240916,"ICON TN-2365","ICON DR 2365",,,3,0,0,0,"0000-00-00 00:00:00","0000-00-00 00:00:00","0000-00-00 00:00:00"
1426,Dumka,Dumka," First floor,Station road,front of Vanachal Grameen Bank,Mohamdganj,District,Palamu,Jharkhand,Pin Code ? 822120",GARHWA,JHARKHAND,822120,"Kumari Sanyukta Paswan/Santosh Kumar",,9709401188,NA,,"Mr. Tapas Barik & Mr. Nitin Kumar (RIT)",JHARKHAND,9337513317/9608295625,tapas.barikh@utkarsh.bank,PO-23-06-018154,"Samsung (Printer - LaserJet)",MFD-SL-M2876ND,CNB2L7DJ7Q,,,"ICON 116L (Toner)","ICON 116L (Drum Unit)",3,0.4,0,0,"0000-00-00 00:00:00","0000-00-00 00:00:00","0000-00-00 00:00:00"
1426,Dumka,Dumka," First floor,Station road,front of Vanachal Grameen Bank,Mohamdganj,District,Palamu,Jharkhand,Pin Code ? 822120",GARHWA,JHARKHAND,822120,"Kumari Sanyukta Paswan/Santosh Kumar",,9709401188,NA,,"Mr. Tapas Barik & Mr. Nitin Kumar (RIT)",JHARKHAND,9337513317/9608295625,tapas.barikh@utkarsh.bank,PO-22-01-013014,"Brother (Printer - LaserJet)","Brother- L2541DW",E73802K1N28464,"ICON TN-2365","ICON DR 2365",,,3,0.4,0,0,"0000-00-00 00:00:00","0000-00-00 00:00:00","0000-00-00 00:00:00"
1427,Balrampur,Balrampur," Near Balrampur Indian Gass Agancy,Chanchla Niwas,Balarampur,District ? Balrampur,Chhatisgarh,Pin Code ? 497119",BALRAMPUR,CHHATTISGARH,497119,"Abhishek /Sanjit Kr",,8815121006,NA,,"Mr. Neelish Soni (RIT)","MADHYA PRADESH",8090654540,neelesh.soni@utkarsh.bank,PO-24-09-010111,"Samsung (Printer - LaserJet)",MFD-SL-M2876ND,CNB2L7DJ9W,,,"ICON 116L (Toner)","ICON 116L (Drum Unit)",3,0.4,0,0,"0000-00-00 00:00:00","0000-00-00 00:00:00","0000-00-00 00:00:00"
1428,Barharwa,Barharwa," TLD. Near Bindu Dham Path,Barharwa,District - Sahibganj,Jharkhand,Pin code ? 816101",SAHEBGANJ,JHARKHAND,816101,"Chandan Kumar",,8409096264,utk11712@utkarsh.bank,,"Mr. Tapas Barik & Mr. Nitin Kumar (RIT)",JHARKHAND,9337513317/9608295625,tapas.barikh@utkarsh.bank,PO-23-06-018154,"Samsung (Printer - LaserJet)",MFD-SL-M2876ND,CNB2L7DJ7P,,,"ICON 116L (Toner)","ICON 116L (Drum Unit)",3,0,0,0,"0000-00-00 00:00:00","0000-00-00 00:00:00","0000-00-00 00:00:00"
1429,Shahibganj,"Santhal Parganas Division"," Subhash chowk,In front of Sahebganj police station,Sahibganj,District ? Sahebganj,Jharkhand,Pin Code ? 816109",SAHEBGANJ,JHARKHAND,816109,"Nitesh Kumar Pandey/Rahul ",,9430040833/9572285989,NA,,"Mr. Tapas Barik & Mr. Nitin Kumar (RIT)",JHARKHAND,9337513317/9608295625,tapas.barikh@utkarsh.bank,PO-23-06-018154,"Samsung (Printer - LaserJet)",MFD-SL-M2876ND,CNB2L7DJ7N,,,"ICON 116L (Toner)","ICON 116L (Drum Unit)",3,0,0,0,"0000-00-00 00:00:00","0000-00-00 00:00:00","0000-00-00 00:00:00"
1429,Shahibganj,"Santhal Parganas Division"," Subhash chowk,In front of Sahebganj police station,Sahibganj,District ? Sahebganj,Jharkhand,Pin Code ? 816109",SAHEBGANJ,JHARKHAND,816109,"Nitesh Kumar Pandey/Rahul ",,9430040833/9572285989,NA,,"Mr. Tapas Barik & Mr. Nitin Kumar (RIT)",JHARKHAND,9337513317/9608295625,tapas.barikh@utkarsh.bank,PO-23-11-023367,"EPSON (Printer - Inktank)","EPSON M3170 EPIL",X5TW013566,,,INK-005,"Maintaince Box",3,0.4,0,0,"0000-00-00 00:00:00","0000-00-00 00:00:00","0000-00-00 00:00:00"
1430,Duddhi,Duddhi," Ram Nagar Road,Railway crosing,Dudhi,District ? Sonbhadra,Uttar Pradesh,Pin Code ? 231208",SONBHADRA,"UTTAR PRADESH",231208,"Abhishek Pandey",,9506499671,NA,,"Mr.Haidar Ali (RIT)","UTTAR PRADESH",8090554271,"haidar,ali@utkarsh.bank",PO-23-04-016383,"Samsung (Printer - LaserJet)",MFD-SL-M2876ND,CNB2L7DJ9Q,,,"ICON 116L (Toner)","ICON 116L (Drum Unit)",3,0.4,0,0,"0000-00-00 00:00:00","0000-00-00 00:00:00","0000-00-00 00:00:00"
1430,Duddhi,Duddhi," Ram Nagar Road,Railway crosing,Dudhi,District ? Sonbhadra,Uttar Pradesh,Pin Code ? 231208",SONBHADRA,"UTTAR PRADESH",231208,"Abhishek Pandey",,9506499671,NA,,"Mr.Haidar Ali (RIT)","UTTAR PRADESH",8090554271,"haidar,ali@utkarsh.bank",PO-23-11-023335,"EPSON (Printer - Inktank)","EPSON M3170 EPIL",X5TW012675,,,INK-005,"Maintaince Box",3,0.4,0,0,"0000-00-00 00:00:00","0000-00-00 00:00:00","0000-00-00 00:00:00"
1431,Mahgama,Mahgama,"
Shayama complex,Basua chowk,opposite Sabji mandi
P.o-Mahagama,P.S-Mahagama,Dist-Godda,Jharkhand,PIN-814154",GODDA,JHARKHAND,814154,"Gautam Kumar Mandal",,7739730023,NA,,"Mr. Tapas Barik & Mr. Nitin Kumar (RIT)",JHARKHAND,9337513317/9608295625,tapas.barikh@utkarsh.bank,PO-23-06-018154,"Samsung (Printer - LaserJet)",MFD-SL-M2876ND,CNB2L7DJ7M,,,"ICON 116L (Toner)","ICON 116L (Drum Unit)",3,0.4,0,0,"0000-00-00 00:00:00","0000-00-00 00:00:00","0000-00-00 00:00:00"
1431,Mahgama,Mahgama,"
Shayama complex,Basua chowk,opposite Sabji mandi
P.o-Mahagama,P.S-Mahagama,Dist-Godda,Jharkhand,PIN-814154",GODDA,JHARKHAND,814154,"Gautam Kumar Mandal",,7739730023,NA,,"Mr. Tapas Barik & Mr. Nitin Kumar (RIT)",JHARKHAND,9337513317/9608295625,tapas.barikh@utkarsh.bank,PO-22-01-013014,"Brother (Printer - LaserJet)","Brother- L2541DW",E73802J1N976494,"ICON TN-2365","ICON DR 2365",,,3,0.4,0,0,"0000-00-00 00:00:00","0000-00-00 00:00:00","0000-00-00 00:00:00"
1432,Daltonganj,Daltonganj," Near Gayatri Mandir Road,Baiyria Chowk,Sudhna,Daltonganj,District - Palamu,Jharkhand,Pin Code - 822101",PALAMU,JHARKHAND,822101,"Brijesh Kumar Rai",,7905672153,NA,,"Mr. Tapas Barik & Mr. Nitin Kumar (RIT)",JHARKHAND,9337513317/9608295625,tapas.barikh@utkarsh.bank,PO-23-06-018154,"Samsung (Printer - LaserJet)",MFD-SL-M2876ND,CNB3KDK4GR,,,"ICON 116L (Toner)","ICON 116L (Drum Unit)",3,0.4,0,0,"0000-00-00 00:00:00","0000-00-00 00:00:00","0000-00-00 00:00:00"
1432,Daltonganj,Daltonganj," Near Gayatri Mandir Road,Baiyria Chowk,Sudhna,Daltonganj,District - Palamu,Jharkhand,Pin Code - 822101",PALAMU,JHARKHAND,822101,"Brijesh Kumar Rai",,7905672153,NA,,"Mr. Tapas Barik & Mr. Nitin Kumar (RIT)",JHARKHAND,9337513317/9608295625,tapas.barikh@utkarsh.bank,PO-22-11-011398,"HP (Printer - LaserJet)","HP-M226DW- MFP",CNBRPBFFXK,,,"ICON 88A",,1,0.4,0,2500,"0000-00-00 00:00:00","0000-00-00 00:00:00","0000-00-00 00:00:00"
1433,Anjani,Anjani," Sakatinagar Road,Bakhrihwa,Anjani,District ? Sonbhadra,Uttar Pradesh,Pin Code ? 231223",SONBHADRA,"UTTAR PRADESH",231223,"Shivam Kumar Sonkar",,8081862508,NA,,"Mr.Haidar Ali (RIT)","UTTAR PRADESH",8090554271,"haidar,ali@utkarsh.bank",PO-23-04-016383,"Samsung (Printer - LaserJet)",MFD-SL-M2876ND,CNB3KDK74W,,,"ICON 116L (Toner)","ICON 116L (Drum Unit)",3,0.4,0,0,"0000-00-00 00:00:00","0000-00-00 00:00:00","0000-00-00 00:00:00"
1434,Sitamarhi,Sitamarhi,"Bypass Road,Near Bus stand,Chakmailia,Sitamadhi,District ? Sitamarhi,Bihar,Pin code ? 843302",SITAMARHI,BIHAR,843302,"Rajesh Kumar Purve",,8507519153,bom.sitamarhi@utkarsh.bank,,"Mr.Ajeet Kumar(RIT)",BIHAR,9608953407,ajeet.kumar@utkarsh.bank,PO-22-08-010097,"Samsung (Printer - LaserJet)",MFD-SL-M2876ND,CNB2L7DJ9D,,,"ICON 116L (Toner)","ICON 116L (Drum Unit)",3,0.4,0,0,"0000-00-00 00:00:00","0000-00-00 00:00:00","0000-00-00 00:00:00"
1435,Choudwar,Choudwar,"Ground Floor, At- Kapaleshwar, P.S.- Choudwar, Near ICICI bank, New India assurance building,Kapaleshwar,Choudwar,,District-Cuttack,  P.S. No.- 54, Odisha Pin Code -754071",CUTTACK,ODISHA,754071,"Rashmirekha Barik",,6372652155,NA,,"Mr. Sanjay Kumar Mishra (RIT)",ODISHA,9853679830,sanjay.mishra@utkarsh.bank,PO-22-08-010105,"Samsung (Printer - LaserJet)",MFD-SL-M2876ND,CNB3M4H0NK,,,"ICON 116L (Toner)","ICON 116L (Drum Unit)",3,0.4,0,0,"0000-00-00 00:00:00","0000-00-00 00:00:00","0000-00-00 00:00:00"
1435,Choudwar,Choudwar,"Ground Floor, At- Kapaleshwar, P.S.- Choudwar, Near ICICI bank, New India assurance building,Kapaleshwar,Choudwar,,District-Cuttack,  P.S. No.- 54, Odisha Pin Code -754071",CUTTACK,ODISHA,754071,"Rashmirekha Barik",,6372652155,NA,,"Mr. Sanjay Kumar Mishra (RIT)",ODISHA,9853679830,sanjay.mishra@utkarsh.bank,PO-23-05-017652,"Samsung (Printer - LaserJet)",MFD-SL-M2876ND,ZDE4BJFJ3000AWD,,,"ICON 116L (Toner)","ICON 116L (Drum Unit)",3,0.4,0,0,"0000-00-00 00:00:00","0000-00-00 00:00:00","0000-00-00 00:00:00"
1436,Salipur,Salipur,"Ground Floor, Mauza ? Sapanpur, Near Santoshi Mata Tample, Salipur Cuttack Main Road, Kantasahi, Dist- Cuttack, Odisha, Pin Code ? 754202",CUTTACK,ODISHA,754202,"Pravisini/Divendu Kar",,7849007848/9340054845,NA,,"Mr. Sanjay Kumar Mishra (RIT)",ODISHA,9853679830,sanjay.mishra@utkarsh.bank,PO-22-08-010105,"Samsung (Printer - LaserJet)",MFD-SL-M2876ND,CNB1L9T5XX,,,"ICON 116L (Toner)","ICON 116L (Drum Unit)",3,0.4,0,0,"0000-00-00 00:00:00","0000-00-00 00:00:00","0000-00-00 00:00:00"
1436,Salipur,Salipur,"Ground Floor, Mauza ? Sapanpur, Near Santoshi Mata Tample, Salipur Cuttack Main Road, Kantasahi, Dist- Cuttack, Odisha, Pin Code ? 754202",CUTTACK,ODISHA,754202,"Pravisini/Divendu Kar",,7849007848/9340054845,NA,,"Mr. Sanjay Kumar Mishra (RIT)",ODISHA,9853679830,sanjay.mishra@utkarsh.bank,PO-23-11-023837,"EPSON (Printer - Inktank)","EPSON M3170 EPIL",X5TW012582,,,INK-005,"Maintaince Box",3,0.4,0,0,"0000-00-00 00:00:00","0000-00-00 00:00:00","0000-00-00 00:00:00"
1437,Chatrapur,Chatrapur,"Ground Floor, Court Station Road, Chhatrapur ,Near SBI ATM, District- Ganjam , State- Odisha, Pin Code -761020",GANJAM,ODISHA,761020,"Sujata Mahapatra/Sunil Babu",,7538028691/9793614376,NA,,"Mr. Sanjay Kumar Mishra (RIT)",ODISHA,9853679830,sanjay.mishra@utkarsh.bank,PO-22-08-010105,"Samsung (Printer - LaserJet)",MFD-SL-M2876ND,CNB1LDD4PR,,,"ICON 116L (Toner)","ICON 116L (Drum Unit)",3,0.4,0,0,"0000-00-00 00:00:00","0000-00-00 00:00:00","0000-00-00 00:00:00"
1438,Bhanjanagar,Bhanjanagar,"Ground Floor, Badakodanda Chowk, Infront of  Kurti Basa Medical Care,Bhanajnagar, PO+PS-Bhanjnagar, Distt.-Ganjam, Odisha, Pin Code - 761126",GANJAM,ODISHA,761126,"Biswajit Subudhi",,7008064706/8270565456,NA,,"Mr. Sanjay Kumar Mishra (RIT)",ODISHA,9853679830,sanjay.mishra@utkarsh.bank,PO-22-08-010105,"Samsung (Printer - LaserJet)",MFD-SL-M2876ND,CNB1LDD4PS,,,"ICON 116L (Toner)","ICON 116L (Drum Unit)",3,0.4,0,0,"0000-00-00 00:00:00","0000-00-00 00:00:00","0000-00-00 00:00:00"
1439,Narsinghpur,Narsinghpur,"Ground Floor, Panch Mukhi Chowk, Paikpara Patna Narsingpur, Dist ? Cuttack, Pin Code -  754032",CUTTACK,ODISHA,754032,"Rudranarayan Panigrahi",,7008610478,NA,,"Mr. Sanjay Kumar Mishra (RIT)",ODISHA,9853679830,sanjay.mishra@utkarsh.bank,PO-22-08-010105,"Samsung (Printer - LaserJet)",MFD-SL-M2876ND,CNB3M4H0NT,,,"ICON 116L (Toner)","ICON 116L (Drum Unit)",3,0.4,0,0,"0000-00-00 00:00:00","0000-00-00 00:00:00","0000-00-00 00:00:00"
1439,Narsinghpur,Narsinghpur,"Ground Floor, Panch Mukhi Chowk, Paikpara Patna Narsingpur, Dist ? Cuttack, Pin Code -  754032",CUTTACK,ODISHA,754032,"Rudranarayan Panigrahi",,7008610478,NA,,"Mr. Sanjay Kumar Mishra (RIT)",ODISHA,9853679830,sanjay.mishra@utkarsh.bank,PO-23-11-023837,"EPSON (Printer - Inktank)","EPSON M3170 EPIL",X5TW012620,,,INK-005,"Maintaince Box",3,0.4,0,0,"0000-00-00 00:00:00","0000-00-00 00:00:00","0000-00-00 00:00:00"
1440,"Bombay chowk","Bombay chowk","1st Floor, Infront of hotel Tarini, Jharpokhariya Bombay Chowk,Dist-Mayurbhanj,Pin Code-757086",MAYURBHANJ,ODISHA,757086,"Abhishek Behra",,9583312837,NA,,"Mr. Sanjay Kumar Mishra (RIT)",ODISHA,9853679830,sanjay.mishra@utkarsh.bank,PO-22-08-010105,"Samsung (Printer - LaserJet)",MFD-SL-M2876ND,CNB3L1949K,,,"ICON 116L (Toner)","ICON 116L (Drum Unit)",3,0.4,0,0,"0000-00-00 00:00:00","0000-00-00 00:00:00","0000-00-00 00:00:00"
1440,"Bombay chowk","Bombay chowk","1st Floor, Infront of hotel Tarini, Jharpokhariya Bombay Chowk,Dist-Mayurbhanj,Pin Code-757086",MAYURBHANJ,ODISHA,757086,"Abhishek Behra",,9583312837,NA,,"Mr. Sanjay Kumar Mishra (RIT)",ODISHA,9853679830,sanjay.mishra@utkarsh.bank,PO-23-05-017447,"EPSON (Printer - Inktank)","EPSON M3170 EPIL",X5TW013586,,,INK-005,"Maintaince Box",3,0.4,0,0,"0000-00-00 00:00:00","0000-00-00 00:00:00","0000-00-00 00:00:00"
1441,Angul,Angul,"Ground Floor, Turang Chhak, Near Green Apple Hotel, Angul, Dist - Angul, Odisha, Pin Code ? 759123",ANUGUL,ODISHA,759123,"Happy Narayan Tandia",,7978778235/7978778235,NA,,"Mr. Sanjay Kumar Mishra (RIT)",ODISHA,9853679830,sanjay.mishra@utkarsh.bank,PO-22-08-010105,"Samsung (Printer - LaserJet)",MFD-SL-M2876ND,CNB3M4HONY,,,"ICON 116L (Toner)","ICON 116L (Drum Unit)",3,0.4,0,0,"0000-00-00 00:00:00","0000-00-00 00:00:00","0000-00-00 00:00:00"
1441,Angul,Angul,"Ground Floor, Turang Chhak, Near Green Apple Hotel, Angul, Dist - Angul, Odisha, Pin Code ? 759123",ANUGUL,ODISHA,759123,"Happy Narayan Tandia",,7978778235/7978778235,NA,,"Mr. Sanjay Kumar Mishra (RIT)",ODISHA,9853679830,sanjay.mishra@utkarsh.bank,"Awaiting PO","EPSON (Printer - Inktank)","EPSON M3170 EPIL",X5TW015798,,,INK-005,"Maintaince Box",3,0.4,0,0,"0000-00-00 00:00:00","0000-00-00 00:00:00","0000-00-00 00:00:00"
1441,Angul,Angul,"Ground Floor, Turang Chhak, Near Green Apple Hotel, Angul, Dist - Angul, Odisha, Pin Code ? 759123",ANUGUL,ODISHA,759123,"Happy Narayan Tandia",,7978778235/7978778235,NA,,"Mr. Sanjay Kumar Mishra (RIT)",ODISHA,9853679830,sanjay.mishra@utkarsh.bank,PO-23-05-017652,"Samsung (Printer - LaserJet)",M-3820ND-/XIP,ZDE4BJFJ3000BBV,,,"ICON 203L",,3,0.4,0,0,"0000-00-00 00:00:00","0000-00-00 00:00:00","0000-00-00 00:00:00"
1442,"Keonjhar ","Keonjhar ","1st Floor, Khimlidoli, Near Telkoi Bus Stand, Dhangarpada,  PO- Keonjhar, Dist - Keonjhar Odisha Pin Code ? 758001",KENDUJHAR,ODISHA,758001,"Pravasini Sahu/Ratan Kr Sahoo",,8984556885/8249445875,NA,,"Mr. Sanjay Kumar Mishra (RIT)",ODISHA,9853679830,sanjay.mishra@utkarsh.bank,PO-22-08-010105,"Samsung (Printer - LaserJet)",MFD-SL-M2876ND,CNB3M4H0NN,,,"ICON 116L (Toner)","ICON 116L (Drum Unit)",3,0.4,0,0,"0000-00-00 00:00:00","0000-00-00 00:00:00","0000-00-00 00:00:00"
1442,"Keonjhar ","Keonjhar ","1st Floor, Khimlidoli, Near Telkoi Bus Stand, Dhangarpada,  PO- Keonjhar, Dist - Keonjhar Odisha Pin Code ? 758001",KENDUJHAR,ODISHA,758001,"Pravasini Sahu/Ratan Kr Sahoo",,8984556885/8249445875,NA,,"Mr. Sanjay Kumar Mishra (RIT)",ODISHA,9853679830,sanjay.mishra@utkarsh.bank,PO-22-11-011333,"EPSON (Printer - Inktank)","EPSON M3170 EPIL",X5TW011270,,,INK-005,"Maintaince Box",3,0.4,0,0,"0000-00-00 00:00:00","0000-00-00 00:00:00","0000-00-00 00:00:00"
1443,Karanjia,Karanjia," Ground Floor, Near Ambika Mandir Bina Printer,
PO and PS -  Karanjia Dist ? Mayurbhanj Odisha Pin Code -  757037",MAYURBHANJ,ODISHA,757037,"Sambit Prusty",,7377451618,NA,,"Mr. Sanjay Kumar Mishra (RIT)",ODISHA,9853679830,sanjay.mishra@utkarsh.bank,PO-22-08-010105,"Samsung (Printer - LaserJet)",MFD-SL-M2876ND,CNB3M4H0NG,,,"ICON 116L (Toner)","ICON 116L (Drum Unit)",3,0.4,0,0,"0000-00-00 00:00:00","0000-00-00 00:00:00","0000-00-00 00:00:00"
1443,Karanjia,Karanjia," Ground Floor, Near Ambika Mandir Bina Printer,
PO and PS -  Karanjia Dist ? Mayurbhanj Odisha Pin Code -  757037",MAYURBHANJ,ODISHA,757037,"Sambit Prusty",,7377451618,NA,,"Mr. Sanjay Kumar Mishra (RIT)",ODISHA,9853679830,sanjay.mishra@utkarsh.bank,PO-23-02-026930,"Kyocera (Printer - LaserJet)","Kyocera FS 2040 DN",VYB2Y23383,"ICON TK-1178",DK-1150,,,3,0,0,0,"0000-00-00 00:00:00","0000-00-00 00:00:00","0000-00-00 00:00:00"
1444,Baripada,Baripada,"Ground Floor, Word N0-15,Sub Divisional House Building,Near Indian Bank,Baghada Road,Baripada, Dist ? Mayurbhanj, Odisha, Pin Code ? 757001",MAYURBHANJ,ODISHA,757001,"Subrasansu Behra/Bonoja",,7606088114/8018431121,NA,,"Mr. Sanjay Kumar Mishra (RIT)",ODISHA,9853679830,sanjay.mishra@utkarsh.bank,PO-22-08-010105,"Samsung (Printer - LaserJet)",MFD-SL-M2876ND,CNB2L8FWK9,,,"ICON 116L (Toner)","ICON 116L (Drum Unit)",3,0.4,0,0,"0000-00-00 00:00:00","0000-00-00 00:00:00","0000-00-00 00:00:00"
1445,Rairangpur,Rairangpur,"C/O ? Dinabandhu Karmakar, Ground Floor, Near Yaodha Paetrol Pump(HP), TATA Baripada Main Road, Rairangpur, Dist ? Mayurbhanj, Odisha, Pin Code ? 757043",MAYURBHANJ,ODISHA,757043,"Tapaswini Pati/Samiranjan",,8895342647/8895342647/9337411726,NA,,"Mr. Sanjay Kumar Mishra (RIT)",ODISHA,9853679830,sanjay.mishra@utkarsh.bank,PO-22-08-010105,"Samsung (Printer - LaserJet)",MFD-SL-M2876ND,CNB3M4H0CV,,,"ICON 116L (Toner)","ICON 116L (Drum Unit)",3,0.4,0,0,"0000-00-00 00:00:00","0000-00-00 00:00:00","0000-00-00 00:00:00"
1445,Rairangpur,Rairangpur,"C/O ? Dinabandhu Karmakar, Ground Floor, Near Yaodha Paetrol Pump(HP), TATA Baripada Main Road, Rairangpur, Dist ? Mayurbhanj, Odisha, Pin Code ? 757043",MAYURBHANJ,ODISHA,757043,"Tapaswini Pati/Samiranjan",,8895342647/8895342647/9337411726,NA,,"Mr. Sanjay Kumar Mishra (RIT)",ODISHA,9853679830,sanjay.mishra@utkarsh.bank,PO-22-11-011333,"EPSON (Printer - Inktank)","EPSON M3170 EPIL",X5TW011241,,,INK-005,"Maintaince Box",3,0.4,0,0,"0000-00-00 00:00:00","0000-00-00 00:00:00","0000-00-00 00:00:00"
1446,Anandpur,"Keonjhar Division"," Sai Colony,Anandpur, kendujhar,Odisha|India|Pincode- 758021",KENDUJHAR,ODISHA,758021,"
Pinaki Priyadarsini Rana",,7978362051,NA,,"Mr. Sanjay Kumar Mishra (RIT)",ODISHA,9853679830,sanjay.mishra@utkarsh.bank,PO-22-08-010105,"Samsung (Printer - LaserJet)",MFD-SL-M2876ND,CNB3M4HOPO,,,"ICON 116L (Toner)","ICON 116L (Drum Unit)",3,0,0,0,"0000-00-00 00:00:00","0000-00-00 00:00:00","0000-00-00 00:00:00"
1446,Anandpur,"Keonjhar Division"," Sai Colony,Anandpur, kendujhar,Odisha|India|Pincode- 758021",KENDUJHAR,ODISHA,758021,"
Pinaki Priyadarsini Rana",,7978362051,NA,,"Mr. Sanjay Kumar Mishra (RIT)",ODISHA,9853679830,sanjay.mishra@utkarsh.bank,PO-23-02-027799,"Kyocera (Printer - LaserJet)","Kyocera FS 2040 DN",VYB2Y22759,"ICON TK-1178",DK-1150,,,3,0,0,0,"0000-00-00 00:00:00","0000-00-00 00:00:00","0000-00-00 00:00:00"
1447,Talcher,Talcher,"Ground Floor , At ? Handidhuan, Near Punjab National Bank, PO and PS Talcher, Dist Angul, Pin Code ? 759100",ANUGUL,ODISHA,759100,"Bishala Mohanty",,7978820239/7978820239,NA,,"Mr. Sanjay Kumar Mishra (RIT)",ODISHA,9853679830,sanjay.mishra@utkarsh.bank,PO-22-08-010105,"Samsung (Printer - LaserJet)",MFD-SL-M2876ND,CNB3M4HONL,,,"ICON 116L (Toner)","ICON 116L (Drum Unit)",3,0.4,0,0,"0000-00-00 00:00:00","0000-00-00 00:00:00","0000-00-00 00:00:00"
1447,Talcher,Talcher,"Ground Floor , At ? Handidhuan, Near Punjab National Bank, PO and PS Talcher, Dist Angul, Pin Code ? 759100",ANUGUL,ODISHA,759100,"Bishala Mohanty",,7978820239/7978820239,NA,,"Mr. Sanjay Kumar Mishra (RIT)",ODISHA,9853679830,sanjay.mishra@utkarsh.bank,PO-23-02-026930,"Kyocera (Printer - LaserJet)","Kyocera FS 2040 DN",VYB2Y23196,"ICON TK-1178",DK-1150,,,3,0,0,0,"0000-00-00 00:00:00","0000-00-00 00:00:00","0000-00-00 00:00:00"
1448,Dhenkanal,Dhenkanal,"Ground floor, LIC Lane , PO and PS Dhenkanal Dist-  Dhenkanal Pin Code ? 759001",DHENKANAL,ODISHA,759001,"Rajashree Behera/Ratikam",,9090812969/7008700649/8280321342,NA,,"Mr. Sanjay Kumar Mishra (RIT)",ODISHA,9853679830,sanjay.mishra@utkarsh.bank,PO-22-08-010105,"Samsung (Printer - LaserJet)",MFD-SL-M2876ND,CNB3M4H0NP,,,"ICON 116L (Toner)","ICON 116L (Drum Unit)",3,0.4,0,0,"0000-00-00 00:00:00","0000-00-00 00:00:00","0000-00-00 00:00:00"
1449,Deogarh,Deogarh,"Ground Floor , Plot No - 1200/1993, Unit No - 3, Traffic Chowk, P.O + P.S - Deogarh Town, Dist -  Deogarh, State - Odisha,Pin Code ? 768108",DEOGARH,ODISHA,768108,"Prabhat Ojha",,7873146331,NA,,"Mr. Sanjay Kumar Mishra (RIT)",ODISHA,9853679830,sanjay.mishra@utkarsh.bank,PO-22-08-010105,"Samsung (Printer - LaserJet)",MFD-SL-M2876ND,CNB3M4HONM,,,"ICON 116L (Toner)","ICON 116L (Drum Unit)",3,0.4,0,0,"0000-00-00 00:00:00","0000-00-00 00:00:00","0000-00-00 00:00:00"
1450,Nabrangpur,Nabrangpur,"C/O ? Sibo Prasad Gantayat, S/O ? Trinath Gantayat, Panjia Sahi, Near New Bus stand, Nabrangpur (M), P.S ? Nabrangpur, Dist ? Nabrangpur Odisha, Pin Code ? 764059",NABARANGPUR,ODISHA,764059,"Raja Adhikary",,9151016744,NA,,"Mr. Sanjay Kumar Mishra (RIT)",ODISHA,9853679830,sanjay.mishra@utkarsh.bank,PO-22-08-010105,"Samsung (Printer - LaserJet)",MFD-SL-M2876ND,CNB3M4H0NQ,,,"ICON 116L (Toner)","ICON 116L (Drum Unit)",3,0.4,0,0,"0000-00-00 00:00:00","0000-00-00 00:00:00","0000-00-00 00:00:00"
1451,Nuapada,Nuapada,"C/O ? Radheshyam Saha, Ground Floor,  At ? V.S.S Nagar, Ward No ? 8, (Near Panigrahi Maternity Nursing Home), P.O ? Nuapada, Dist ? Nuapada, Odisha, Pin Code ? 766105",NUAPADA,ODISHA,766105,"Ardhendu Hota",,7978248297,NA,,"Mr. Sanjay Kumar Mishra (RIT)",ODISHA,9853679830,sanjay.mishra@utkarsh.bank,PO-22-08-010105,"Samsung (Printer - LaserJet)",MFD-SL-M2876ND,CNB3M4HONS,,,"ICON 116L (Toner)","ICON 116L (Drum Unit)",3,0.4,0,0,"0000-00-00 00:00:00","0000-00-00 00:00:00","0000-00-00 00:00:00"
1452,Jeypore,Jeypore,"C/O ? Mr. Pramod Chandra Padhy, Ground Floor, Back Side of Axis Bank, Near New  Bus Stand, P.S- Jeypore, Dist ? Koraput, Odisha, Pin Code -? 764001",KORAPUT,ODISHA,764001,"Sonali Moharana/Hemant Kumar ",,7077383477/9337238713,NA,,"Mr. Sanjay Kumar Mishra (RIT)",ODISHA,9853679830,sanjay.mishra@utkarsh.bank,PO-22-08-010105,"Samsung (Printer - LaserJet)",MFD-SL-M2876ND,CNB2L8FWKW,,,"ICON 116L (Toner)","ICON 116L (Drum Unit)",3,0.4,0,0,"0000-00-00 00:00:00","0000-00-00 00:00:00","0000-00-00 00:00:00"
1453,Nayagarh,Nayagarh,"Ground Floor,Near DCB Bank,Durga Prashad,Nayagarh Main Road,Nayagarh,Dist ? Nayagarh,Odisha,Pin Code ? 752069",NAYAGARH,ODISHA,752069,"Satyaranjan Pahil",,9439618518/9630830978,NA,,"Mr. Sanjay Kumar Mishra (RIT)",ODISHA,9853679830,sanjay.mishra@utkarsh.bank,PO-22-08-010105,"Samsung (Printer - LaserJet)",MFD-SL-M2876ND,CNB3M4G65C,,,"ICON 116L (Toner)","ICON 116L (Drum Unit)",3,0.4,0,0,"0000-00-00 00:00:00","0000-00-00 00:00:00","0000-00-00 00:00:00"
1453,Nayagarh,Nayagarh,"Ground Floor,Near DCB Bank,Durga Prashad,Nayagarh Main Road,Nayagarh,Dist ? Nayagarh,Odisha,Pin Code ? 752069",NAYAGARH,ODISHA,752069,"Satyaranjan Pahil",,9439618518/9630830978,NA,,"Mr. Sanjay Kumar Mishra (RIT)",ODISHA,9853679830,sanjay.mishra@utkarsh.bank,PO-23-05-017652,"Samsung (Printer - LaserJet)",M-3820ND-/XIP,ZDE4BJFJ30001YM,,,"ICON 203L",,3,0,0,0,"0000-00-00 00:00:00","0000-00-00 00:00:00","0000-00-00 00:00:00"
1454,Khandapada,Khandapada,"Ground Floor, Near Tinak Chowk,Khandapada Main Road,Khandpada, Dist ? Nayagarh,Odisha,Pin Code ? 752077",NAYAGARH,ODISHA,752077,"Rasmipriya Jena",,8637295657,NA,,"Mr. Sanjay Kumar Mishra (RIT)",ODISHA,9853679830,sanjay.mishra@utkarsh.bank,PO-22-08-010105,"Samsung (Printer - LaserJet)",MFD-SL-M2876ND,CNB2M4BKY0,,,"ICON 116L (Toner)","ICON 116L (Drum Unit)",3,0.4,0,0,"0000-00-00 00:00:00","0000-00-00 00:00:00","0000-00-00 00:00:00"
1455,Kendupali,Kendupali,"Ground Floor, At - Kendupalli, P.O - Kendupalli,  P.S - Baideswar, Dist - Cuttack Odisha, Pin Code -754009",CUTTACK,ODISHA,754009,"Atish Kumar Nahak",,9776656522,NA,,"Mr. Sanjay Kumar Mishra (RIT)",ODISHA,9853679830,sanjay.mishra@utkarsh.bank,PO-22-08-010105,"Samsung (Printer - LaserJet)",MFD-SL-M2876ND,CNB2M41H5R,,,"ICON 116L (Toner)","ICON 116L (Drum Unit)",3,0.4,0,0,"0000-00-00 00:00:00","0000-00-00 00:00:00","0000-00-00 00:00:00"
1455,Kendupali,Kendupali,"Ground Floor, At - Kendupalli, P.O - Kendupalli,  P.S - Baideswar, Dist - Cuttack Odisha, Pin Code -754009",CUTTACK,ODISHA,754009,"Atish Kumar Nahak",,9776656522,NA,,"Mr. Sanjay Kumar Mishra (RIT)",ODISHA,9853679830,sanjay.mishra@utkarsh.bank,PO-23-11-023837,"EPSON (Printer - Inktank)","EPSON M3170 EPIL",X5TW012568,,,INK-005,"Maintaince Box",3,0.4,0,0,"0000-00-00 00:00:00","0000-00-00 00:00:00","0000-00-00 00:00:00"
1456,Badakumari,Badakumari,"Ground Floor, Bolgarh, Near Sani Temple, At-P.O ? Badakumari, Dist ? Khorda, Odisha, Pin Code ? 752065",NAYAGARH,ODISHA,752065,"Rajlaxmi Malik/Amita Kumari",,7504242640/6372886200,NA,,"Mr. Sanjay Kumar Mishra (RIT)",ODISHA,9853679830,sanjay.mishra@utkarsh.bank,PO-22-08-010105,"Samsung (Printer - LaserJet)",MFD-SL-M2876ND,CNB2M3MNRX,,,"ICON 116L (Toner)","ICON 116L (Drum Unit)",3,0.4,0,0,"0000-00-00 00:00:00","0000-00-00 00:00:00","0000-00-00 00:00:00"
1457,Rahana,Rahana,"Ground Floor, At+P.O- Ambasala, P.S ? Balikuda, Dist ? Jagatsinghpur, Odisha, Pin Code ? 754119",JAGATSINGHAPUR,ODISHA,754119,"Sarbeswar Patra",,9178400164,NA,,"Mr. Sanjay Kumar Mishra (RIT)",ODISHA,9853679830,sanjay.mishra@utkarsh.bank,PO-22-08-010105,"Samsung (Printer - LaserJet)",MFD-SL-M2876ND,CNB3M4G650,,,"ICON 116L (Toner)","ICON 116L (Drum Unit)",3,0.4,0,0,"0000-00-00 00:00:00","0000-00-00 00:00:00","0000-00-00 00:00:00"
1457,Rahana,Rahana,"Ground Floor, At+P.O- Ambasala, P.S ? Balikuda, Dist ? Jagatsinghpur, Odisha, Pin Code ? 754119",JAGATSINGHAPUR,ODISHA,754119,"Sarbeswar Patra",,9178400164,NA,,"Mr. Sanjay Kumar Mishra (RIT)",ODISHA,9853679830,sanjay.mishra@utkarsh.bank,PO-23-02-026930,"Kyocera (Printer - LaserJet)","Kyocera FS 2040 DN",VYB2Y23191,"ICON TK-1178",DK-1150,,,3,0,0,0,"0000-00-00 00:00:00","0000-00-00 00:00:00","0000-00-00 00:00:00"
1457,Rahana,Rahana,"Ground Floor, At+P.O- Ambasala, P.S ? Balikuda, Dist ? Jagatsinghpur, Odisha, Pin Code ? 754119",JAGATSINGHAPUR,ODISHA,754119,"Sarbeswar Patra",,9178400164,NA,,"Mr. Sanjay Kumar Mishra (RIT)",ODISHA,9853679830,sanjay.mishra@utkarsh.bank,PO-23-02-026930,"Kyocera (Printer - LaserJet)","Kyocera FS 2040 DN",VYB2Y23380,"ICON TK-1178",DK-1150,,,3,0,0,0,"0000-00-00 00:00:00","0000-00-00 00:00:00","0000-00-00 00:00:00"
1458,Odagaon,Odagaon,"Ground Floor, Raghunath Temple Road, Near SBI, P.O+P.S ? Odagaon, Dist ? Nayagarh, Odisha, Pin Code ? 752081",NAYAGARH,ODISHA,752081,"Bhaktipriya Swain",,7077173633,NA,,"Mr. Sanjay Kumar Mishra (RIT)",ODISHA,9853679830,sanjay.mishra@utkarsh.bank,PO-22-08-010105,"Samsung (Printer - LaserJet)",MFD-SL-M2876ND,CNB3M4G65B,,,"ICON 116L (Toner)","ICON 116L (Drum Unit)",3,0.4,0,0,"0000-00-00 00:00:00","0000-00-00 00:00:00","0000-00-00 00:00:00"
1459,Jallarpur,Jallarpur,"Ground Floor, At- Sahanajpur, P.O- Jallarpur, P.S ? Niali, Dist ? Cuttack, Odisha, Pin Code ? 754004",CUTTACK,ODISHA,754004,"Snehanjali Mohapatra/Yoshna rani",,6371858485/7205288263,NA,,"Mr. Sanjay Kumar Mishra (RIT)",ODISHA,9853679830,sanjay.mishra@utkarsh.bank,PO-22-08-010105,"Samsung (Printer - LaserJet)",MFD-SL-M2876ND,CNB3M4G656,,,"ICON 116L (Toner)","ICON 116L (Drum Unit)",3,0.4,0,0,"0000-00-00 00:00:00","0000-00-00 00:00:00","0000-00-00 00:00:00"
1460,Puranadashpallha,Puranadashpallha,"Ground Floor,At- Kunjabangarh, Near Govt. High Schooll,P.O+ P.S ? Dashpalla, Dist ? Nayagarh, Odisha, Pin Code ? 752084",NAYAGARH,ODISHA,752084,"Kiranbala Jena",,8637267589,NA,,"Mr. Sanjay Kumar Mishra (RIT)",ODISHA,9853679830,sanjay.mishra@utkarsh.bank,PO-22-08-010105,"Samsung (Printer - LaserJet)",MFD-SL-M2876ND,CNB2M4BKY6,,,"ICON 116L (Toner)","ICON 116L (Drum Unit)",3,0.4,0,0,"0000-00-00 00:00:00","0000-00-00 00:00:00","0000-00-00 00:00:00"
1460,Puranadashpallha,Puranadashpallha,"Ground Floor,At- Kunjabangarh, Near Govt. High Schooll,P.O+ P.S ? Dashpalla, Dist ? Nayagarh, Odisha, Pin Code ? 752084",NAYAGARH,ODISHA,752084,"Kiranbala Jena",,8637267589,NA,,"Mr. Sanjay Kumar Mishra (RIT)",ODISHA,9853679830,sanjay.mishra@utkarsh.bank,PO-23-01-026752,"Kyocera (Printer - LaserJet)","Kyocera FS 2040 DN",VYB2Y23311,"ICON TK-1178",DK-1150,,,3,0,0,0,"0000-00-00 00:00:00","0000-00-00 00:00:00","0000-00-00 00:00:00"
1461,Chikilibania,Chikilibania,"Ground Floor, Near BSNL Tower & Chikili Panchayat Office,Chikili,District ? Ganjam,Odisha,Pin Code ? 761030",GANJAM,ODISHA,761030,"Rasmita Garai/Kalpalata",,8144655580/7008196905,NA,,"Mr. Sanjay Kumar Mishra (RIT)",ODISHA,9853679830,sanjay.mishra@utkarsh.bank,PO-22-08-010105,"Samsung (Printer - LaserJet)",MFD-SL-M2876ND,CNB2M41H7D,,,"ICON 116L (Toner)","ICON 116L (Drum Unit)",3,0.4,0,0,"0000-00-00 00:00:00","0000-00-00 00:00:00","0000-00-00 00:00:00"
1461,Chikilibania,Chikilibania,"Ground Floor, Near BSNL Tower & Chikili Panchayat Office,Chikili,District ? Ganjam,Odisha,Pin Code ? 761030",GANJAM,ODISHA,761030,"Rasmita Garai/Kalpalata",,8144655580/7008196905,NA,,"Mr. Sanjay Kumar Mishra (RIT)",ODISHA,9853679830,sanjay.mishra@utkarsh.bank,PO-23-05-017652,"Samsung (Printer - LaserJet)",MFD-SL-M2876ND,ZDE4BJFJ300089K,,,"ICON 116L (Toner)","ICON 116L (Drum Unit)",3,0.4,0,0,"0000-00-00 00:00:00","0000-00-00 00:00:00","0000-00-00 00:00:00"
1462,Jamankira,Jamankira,"1st Floor, Near Block Chhak, Sambalpur Road, P.O + P.S - Jamankira, Dist ? Sambalpur, Pin Code ? 768107",SAMBALPUR,ODISHA,768107,"Nibedita Ghadei/Jamankira",,8294775610/9337949101,NA,,"Mr. Sanjay Kumar Mishra (RIT)",ODISHA,9853679830,sanjay.mishra@utkarsh.bank,PO-22-08-010105,"Samsung (Printer - LaserJet)",MFD-SL-M2876ND,CNB2M4BKY3,,,"ICON 116L (Toner)","ICON 116L (Drum Unit)",3,0.4,0,0,"0000-00-00 00:00:00","0000-00-00 00:00:00","0000-00-00 00:00:00"
1463,Rengali,Rengali,"Ground Floor, Near Agarwal Bustand, Opposite Bus Stand, P.O + P.S- Rengali, Dist ? Sambalpur, Odisha, Pin Code ? 768212",SAMBALPUR,ODISHA,768212,"Rutuparna Jena",,9437395237/9090897745,NA,,"Mr. Sanjay Kumar Mishra (RIT)",ODISHA,9853679830,sanjay.mishra@utkarsh.bank,PO-22-08-010105,"Samsung (Printer - LaserJet)",MFD-SL-M2876ND,CNB2M4BKYD,,,"ICON 116L (Toner)","ICON 116L (Drum Unit)",3,0.4,0,0,"0000-00-00 00:00:00","0000-00-00 00:00:00","0000-00-00 00:00:00"
1463,Rengali,Rengali,"Ground Floor, Near Agarwal Bustand, Opposite Bus Stand, P.O + P.S- Rengali, Dist ? Sambalpur, Odisha, Pin Code ? 768212",SAMBALPUR,ODISHA,768212,"Rutuparna Jena",,9437395237/9090897745,NA,,"Mr. Sanjay Kumar Mishra (RIT)",ODISHA,9853679830,sanjay.mishra@utkarsh.bank,PO-23-11-023837,"EPSON (Printer - Inktank)","EPSON M3170 EPIL",X5TW011635,,,INK-005,"Maintaince Box",3,0.4,0,0,"0000-00-00 00:00:00","0000-00-00 00:00:00","0000-00-00 00:00:00"
1464,Khamar,Khamar,"Ground Floor, Infront of TVS Showroom, P.O + P.S ? Khamar, Dist ? Angul, Pin Code ? 759118",ANUGUL,ODISHA,759118,"Durgashankar Sahoo/Dipak Kumar",,6372163993/7077779535,NA,,"Mr. Sanjay Kumar Mishra (RIT)",ODISHA,9853679830,sanjay.mishra@utkarsh.bank,PO-22-08-010105,"Samsung (Printer - LaserJet)",MFD-SL-M2876ND,CNB1L8S1HT,,,"ICON 116L (Toner)","ICON 116L (Drum Unit)",3,0.4,0,0,"0000-00-00 00:00:00","0000-00-00 00:00:00","0000-00-00 00:00:00"
1465,Uradha,Uradha,"Ground Floor, Uradha,Adaspur, Dist ? Cuttack , Odisha, Pin Code - 754011",CUTTACK,ODISHA,754011,"Sushanta kumar rout ",,7750052612,NA,,"Mr. Sanjay Kumar Mishra (RIT)",ODISHA,9853679830,sanjay.mishra@utkarsh.bank,PO-23-06-18146,"HP (Printer - LaserJet)","HP LaserJet Pro MFP M227fdn",VNL3F01356,,,"ICON CF 230A","ICON CF-232",3,0.4,0,0,"0000-00-00 00:00:00","0000-00-00 00:00:00","0000-00-00 00:00:00"
1465,Uradha,Uradha,"Ground Floor, Uradha,Adaspur, Dist ? Cuttack , Odisha, Pin Code - 754011",CUTTACK,ODISHA,754011,"Sushanta kumar rout ",,7750052612,NA,,"Mr. Sanjay Kumar Mishra (RIT)",ODISHA,9853679830,sanjay.mishra@utkarsh.bank,PO-23-11-023837,"EPSON (Printer - Inktank)","EPSON M3170 EPIL",X5TW012637,,,INK-005,"Maintaince Box",3,0.4,0,0,"0000-00-00 00:00:00","0000-00-00 00:00:00","0000-00-00 00:00:00"
1466,Lanjigarh,Lanjigarh,"Ground Floor, Gaurpada, Near Govt. Hospital & Police Station, P.O ? Lanjigarh, Dist ? Kalahandi, Pin Code -  766027",KALAHANDI,ODISHA,766027,"Sanatan Nayak",,8018194266,NA,,"Mr. Sanjay Kumar Mishra (RIT)",ODISHA,9853679830,sanjay.mishra@utkarsh.bank,PO-22-08-010105,"Samsung (Printer - LaserJet)",MFD-SL-M2876ND,CNB2M4JRTQ,,,"ICON 116L (Toner)","ICON 116L (Drum Unit)",3,0.4,0,0,"0000-00-00 00:00:00","0000-00-00 00:00:00","0000-00-00 00:00:00"
1467,Saintala,Saintala,"Ground Floor, Saintala Naveen Chhak, Bhawanipatna Road,?P.O+P.S - Saintala, Dist -Balangir, Pin Code ? 767032",BALANGIR,ODISHA,767032,"Basant Maharana/Suryati Pradhan",,9348278595/7855959164,NA,,"Mr. Sanjay Kumar Mishra (RIT)",ODISHA,9853679830,sanjay.mishra@utkarsh.bank,PO-22-08-010105,"Samsung (Printer - LaserJet)",MFD-SL-M2876ND,CNB3M4G5GL,,,"ICON 116L (Toner)","ICON 116L (Drum Unit)",3,0.4,0,0,"0000-00-00 00:00:00","0000-00-00 00:00:00","0000-00-00 00:00:00"
1468,patnagarh,patnagarh,"Ground Floor, Block Chowk,Main Road,Infront of RATHBATHA, Berhampura, PO+PS-Patnagarh,Balangir Odisha, Pin Code - 767025",BALANGIR,ODISHA,767025,"Rinsa Sahu/Arun ",,8328929655/7978209092,NA,,"Mr. Sanjay Kumar Mishra (RIT)",ODISHA,9853679830,sanjay.mishra@utkarsh.bank,PO-22-08-010105,"Samsung (Printer - LaserJet)",MFD-SL-M2876ND,CNB2M41H7K,,,"ICON 116L (Toner)","ICON 116L (Drum Unit)",3,0.4,0,0,"0000-00-00 00:00:00","0000-00-00 00:00:00","0000-00-00 00:00:00"
1468,patnagarh,patnagarh,"Ground Floor, Block Chowk,Main Road,Infront of RATHBATHA, Berhampura, PO+PS-Patnagarh,Balangir Odisha, Pin Code - 767025",BALANGIR,ODISHA,767025,"Rinsa Sahu/Arun ",,8328929655/7978209092,NA,,"Mr. Sanjay Kumar Mishra (RIT)",ODISHA,9853679830,sanjay.mishra@utkarsh.bank,"Awaiting PO","EPSON (Printer - Inktank)","EPSON M3170 EPIL",X5TW015796,,,INK-005,"Maintaince Box",3,0.4,0,0,"0000-00-00 00:00:00","0000-00-00 00:00:00","0000-00-00 00:00:00"
1469,Sambalpur,Sambalpur,"Ground Floor,Unit No-13,Baraipali, Near Vikash School,Sambalpur,Odisha, Pin Code - 768006",SAMBALPUR,ODISHA,768006,"Priyanka Badatya",,9078085833,NA,,"Mr. Sanjay Kumar Mishra (RIT)",ODISHA,9853679830,sanjay.mishra@utkarsh.bank,PO-22-08-010105,"HP (Printer - LaserJet)","HP LaserJet Pro MFP M227fdn",VNL3F01312,,,"ICON CF 230A","ICON CF-232",3,0.4,0,0,"0000-00-00 00:00:00","0000-00-00 00:00:00","0000-00-00 00:00:00"
1469,Sambalpur,Sambalpur,"Ground Floor,Unit No-13,Baraipali, Near Vikash School,Sambalpur,Odisha, Pin Code - 768006",SAMBALPUR,ODISHA,768006,"Priyanka Badatya",,9078085833,NA,,"Mr. Sanjay Kumar Mishra (RIT)",ODISHA,9853679830,sanjay.mishra@utkarsh.bank,PO-23-05-017652,"Samsung (Printer - LaserJet)",M-3820ND-/XIP,ZDE4BJFJ300054T,,,"ICON 203L",,3,0.4,0,0,"0000-00-00 00:00:00","0000-00-00 00:00:00","0000-00-00 00:00:00"
1470,Badabarsingh,Badabarsingh,"Ground Floor At-Badabarsingh,PO+-Ragadipada ,PS-Badamba,Distt.-Cuttack, Odisha, Pin Code - 754031",CUTTACK,ODISHA,754031,"Rasmita Sasmal",,8658522976/8658522976,NA,,"Mr. Sanjay Kumar Mishra (RIT)",ODISHA,9853679830,sanjay.mishra@utkarsh.bank,PO-22-08-010105,"Samsung (Printer - LaserJet)",MFD-SL-M2876ND,CNB2M41H7P,,,"ICON 116L (Toner)","ICON 116L (Drum Unit)",3,0.4,0,0,"0000-00-00 00:00:00","0000-00-00 00:00:00","0000-00-00 00:00:00"
1471,Umarkote,Umarkote,",?C/O ? Mrs. Priti Rekha Mohanty, Near Radhakrishna Temple, DNK, PO:-Umarkot, Dist:-Nabrangpur, Odisha,Pin Code - 764073",NABARANGPUR,ODISHA,764073,"Monisa Patnaik",,7749075025,NA,,"Mr. Sanjay Kumar Mishra (RIT)",ODISHA,9853679830,sanjay.mishra@utkarsh.bank,PO-22-08-010105,"HP (Printer - LaserJet)","HP LaserJet Pro MFP M227fdn",VNL3F01298,,,"ICON CF 230A","ICON CF-232",3,0.4,0,0,"0000-00-00 00:00:00","0000-00-00 00:00:00","0000-00-00 00:00:00"
1471,Umarkote,Umarkote,",?C/O ? Mrs. Priti Rekha Mohanty, Near Radhakrishna Temple, DNK, PO:-Umarkot, Dist:-Nabrangpur, Odisha,Pin Code - 764073",NABARANGPUR,ODISHA,764073,"Monisa Patnaik",,7749075025,NA,,"Mr. Sanjay Kumar Mishra (RIT)",ODISHA,9853679830,sanjay.mishra@utkarsh.bank,PO-22-08-010105,"Samsung (Printer - LaserJet)",M-3820ND-/XIP,ZDE4BJEJ3000BV,,,"ICON 203L",,3,0.4,0,0,"0000-00-00 00:00:00","0000-00-00 00:00:00","0000-00-00 00:00:00"
1472,Balangir,Balangir,"Ground Floor, Patnagarh Road, Laltikhra, Near Sadar Thana & Infront of Medical college, Dist.: Balangir, State - Odisha ,Pin Code ? 767001",BALANGIR,ODISHA,767001,"Chitta Ranjan Das",,9776764114,NA,,"Mr. Sanjay Kumar Mishra (RIT)",ODISHA,9853679830,sanjay.mishra@utkarsh.bank,PO-23-11-023837,"EPSON (Printer - Inktank)","EPSON M3170 EPIL",X5TW011636,,,INK-005,"Maintaince Box",3,0.4,0,0,"0000-00-00 00:00:00","0000-00-00 00:00:00","0000-00-00 00:00:00"
1473,Anchuli,Anchuli,"Ground Floor at Main Road, NH-5, Achhuli Chowk , PO+PS- Pursottampur,District -  Ganjam, Odisha, Pin Code -  761018",GANJAM,ODISHA,761018,"Subrat Kumar Sahoo",,9178216645,NA,,"Mr. Sanjay Kumar Mishra (RIT)",ODISHA,9853679830,sanjay.mishra@utkarsh.bank,PO-22-08-010105,"HP (Printer - LaserJet)","HP LaserJet Pro MFP M227fdn",VNL3F01380,,,"ICON CF 230A","ICON CF-232",3,0.4,0,0,"0000-00-00 00:00:00","0000-00-00 00:00:00","0000-00-00 00:00:00"
1474,Koraput,Koraput,"C/O - G Vinod , Behind Samaj Office, Besides MM Residency, Koraput, Dist ? Koraput ,Odisha, Pin Code - 764020",KORAPUT,ODISHA,764020,"Minati Panigrahi",,9556687012,NA,,"Mr. Sanjay Kumar Mishra (RIT)",ODISHA,9853679830,sanjay.mishra@utkarsh.bank,PO-23-06-18146,"HP (Printer - LaserJet)","HP LaserJet Pro MFP M227fdn",VNL3F01297,,,"ICON CF 230A","ICON CF-232",3,0.4,0,0,"0000-00-00 00:00:00","0000-00-00 00:00:00","0000-00-00 00:00:00"
1474,Koraput,Koraput,"C/O - G Vinod , Behind Samaj Office, Besides MM Residency, Koraput, Dist ? Koraput ,Odisha, Pin Code - 764020",KORAPUT,ODISHA,764020,"Minati Panigrahi",,9556687012,NA,,"Mr. Sanjay Kumar Mishra (RIT)",ODISHA,9853679830,sanjay.mishra@utkarsh.bank,PO-23-11-023837,"EPSON (Printer - Inktank)","EPSON M3170 EPIL",X5TW010955,,,INK-005,"Maintaince Box",3,0.4,0,0,"0000-00-00 00:00:00","0000-00-00 00:00:00","0000-00-00 00:00:00"
1474,Koraput,Koraput,"C/O - G Vinod , Behind Samaj Office, Besides MM Residency, Koraput, Dist ? Koraput ,Odisha, Pin Code - 764020",KORAPUT,ODISHA,764020,"Minati Panigrahi",,9556687012,NA,,"Mr. Sanjay Kumar Mishra (RIT)",ODISHA,9853679830,sanjay.mishra@utkarsh.bank,PO-23-05-017652,"Samsung (Printer - LaserJet)",M-3820ND-/XIP,ZDE4BJFJ300044Y,,,"ICON 203L",,3,0.4,0,0,"0000-00-00 00:00:00","0000-00-00 00:00:00","0000-00-00 00:00:00"
1475,Kantamal,Kantamal,",?Ground Floor, Hospital Chowk, Manamundo ?Road, AT+PO+PS: Kantamal, Dist.-Boudh, State-Odisha, Pin Code -762017",BOUDH,ODISHA,762017,Swarnaprabha,,7504754412,NA,,"Mr. Sanjay Kumar Mishra (RIT)",ODISHA,9853679830,sanjay.mishra@utkarsh.bank,PO-23-06-18146,"HP (Printer - LaserJet)","HP LaserJet Pro MFP M227fdn",VNL3F01317,,,"ICON CF 230A","ICON CF-232",3,0.4,0,0,"0000-00-00 00:00:00","0000-00-00 00:00:00","0000-00-00 00:00:00"
1476,Bhawanipatna,Bhawanipatna,"Ground Floor,?Parmanandpur Chowk, Kesinga Road, Bhawanipatna ,Near IDBI Bank, District ? Kalahandi, State ? Odisha, Pin Code ? 766002",KALAHANDI,ODISHA,766002,"Arpita Sahoo",,8249494598/8249494598,NA,,"Mr. Sanjay Kumar Mishra (RIT)",ODISHA,9853679830,sanjay.mishra@utkarsh.bank,PO-23-06-18146,"HP (Printer - LaserJet)","HP LaserJet Pro MFP M227fdn",VNL3F01307,,,"ICON CF 230A","ICON CF-232",3,0.4,0,0,"0000-00-00 00:00:00","0000-00-00 00:00:00","0000-00-00 00:00:00"
1476,Bhawanipatna,Bhawanipatna,"Ground Floor,?Parmanandpur Chowk, Kesinga Road, Bhawanipatna ,Near IDBI Bank, District ? Kalahandi, State ? Odisha, Pin Code ? 766002",KALAHANDI,ODISHA,766002,"Arpita Sahoo",,8249494598/8249494598,NA,,"Mr. Sanjay Kumar Mishra (RIT)",ODISHA,9853679830,sanjay.mishra@utkarsh.bank,PO-23-05-017652,"Samsung (Printer - LaserJet)",M-3820ND-/XIP,ZDE4BJFJ3000AXK,,,"ICON 203L",,3,0,0,0,"0000-00-00 00:00:00","0000-00-00 00:00:00","0000-00-00 00:00:00"
1477,Jaipatna,Jaipatna,"Ground Floor, Agrawal Dharamshala,? Main road jaipatna , Kalahandi Road, Jaipatna, District ? Kalahandi, Pin Code ? 766018",KALAHANDI,ODISHA,766018,"Debashish Putal",,966844119,NA,,"Mr. Sanjay Kumar Mishra (RIT)",ODISHA,9853679830,sanjay.mishra@utkarsh.bank,PO-23-06-18146,"HP (Printer - LaserJet)","HP LaserJet Pro MFP M227fdn",VNL3F01382,,,"ICON CF 230A","ICON CF-232",3,0.4,0,0,"0000-00-00 00:00:00","0000-00-00 00:00:00","0000-00-00 00:00:00"
1477,Jaipatna,Jaipatna,"Ground Floor, Agrawal Dharamshala,? Main road jaipatna , Kalahandi Road, Jaipatna, District ? Kalahandi, Pin Code ? 766018",KALAHANDI,ODISHA,766018,"Debashish Putal",,966844119,NA,,"Mr. Sanjay Kumar Mishra (RIT)",ODISHA,9853679830,sanjay.mishra@utkarsh.bank,PO-23-11-023837,"EPSON (Printer - Inktank)","EPSON M3170 EPIL",X5TW014167,,,INK-005,"Maintaince Box",3,0.4,4000,0,"0000-00-00 00:00:00","0000-00-00 00:00:00","0000-00-00 00:00:00"
1478,Mukundpur,Mukundpur,"Ground Floor,Vill-Mukundpur, PO-Baragam, PS-Aska, Dist-Ganjam, Pin Code -761111",GANJAM,ODISHA,761111,"Abadesh Dash/Ditin Kr ",,8917427893/9078391893/6371448529,NA,,"Mr. Sanjay Kumar Mishra (RIT)",ODISHA,9853679830,sanjay.mishra@utkarsh.bank,PO-23-06-18146,"HP (Printer - LaserJet)","HP LaserJet Pro MFP M227fdn",VNL3F01310,,,"ICON CF 230A","ICON CF-232",3,0.4,0,0,"0000-00-00 00:00:00","0000-00-00 00:00:00","0000-00-00 00:00:00"
1478,Mukundpur,Mukundpur,"Ground Floor,Vill-Mukundpur, PO-Baragam, PS-Aska, Dist-Ganjam, Pin Code -761111",GANJAM,ODISHA,761111,"Abadesh Dash/Ditin Kr ",,8917427893/9078391893/6371448529,NA,,"Mr. Sanjay Kumar Mishra (RIT)",ODISHA,9853679830,sanjay.mishra@utkarsh.bank,PO-23-11-023837,"EPSON (Printer - Inktank)","EPSON M3170 EPIL",X5TW012693,,,INK-005,"Maintaince Box",3,0.4,0,0,"0000-00-00 00:00:00","0000-00-00 00:00:00","0000-00-00 00:00:00"
1478,Mukundpur,Mukundpur,"Ground Floor,Vill-Mukundpur, PO-Baragam, PS-Aska, Dist-Ganjam, Pin Code -761111",GANJAM,ODISHA,761111,"Abadesh Dash/Ditin Kr ",,8917427893/9078391893/6371448529,NA,,"Mr. Sanjay Kumar Mishra (RIT)",ODISHA,9853679830,sanjay.mishra@utkarsh.bank,PO-22-08-010097,"Samsung (Printer - LaserJet)",M-3820ND-/XIP,ZD5HB8KJ8F02CWW,,,"ICON 203L",,3,0.4,0,0,"0000-00-00 00:00:00","0000-00-00 00:00:00","0000-00-00 00:00:00"
1478,Mukundpur,Mukundpur,"Ground Floor,Vill-Mukundpur, PO-Baragam, PS-Aska, Dist-Ganjam, Pin Code -761111",GANJAM,ODISHA,761111,"Abadesh Dash/Ditin Kr ",,8917427893/9078391893/6371448529,NA,,"Mr. Sanjay Kumar Mishra (RIT)",ODISHA,9853679830,sanjay.mishra@utkarsh.bank,PO-23-05-017652,"Samsung (Printer - LaserJet)",M-3820ND-/XIP,ZDE4BJFJ3000A3Y,,,"ICON 203L",,3,0,0,0,"0000-00-00 00:00:00","0000-00-00 00:00:00","0000-00-00 00:00:00"
1479,Latehar,Latehar,"Ranchi Road, Near Indusind Bank, karkat, latehar, jharkhand- 829206",LATEHAR,JHARKHAND,829206,"Anuj kumar yadav",,8201933187,utk11886@utkarsh.bank,,"Mr. Tapas Barik & Mr. Nitin Kumar (RIT)",JHARKHAND,9337513317/9608295625,tapas.barikh@utkarsh.bank,PO-23-06-018154,"HP (Printer - LaserJet)","HP LaserJet Pro MFP M227fdn",VNL3F01828,,,"ICON CF 230A","ICON CF-232",3,0,0,0,"0000-00-00 00:00:00","0000-00-00 00:00:00","0000-00-00 00:00:00"
1479,Latehar,Latehar,"Ranchi Road, Near Indusind Bank, karkat, latehar, jharkhand- 829206",LATEHAR,JHARKHAND,829206,"Anuj kumar yadav",,8201933187,utk11886@utkarsh.bank,,"Mr. Tapas Barik & Mr. Nitin Kumar (RIT)",JHARKHAND,9337513317/9608295625,tapas.barikh@utkarsh.bank,PO-23-01-025884,"Kyocera (Printer - LaserJet)","Kyocera FS 2040 DN",VYB2X14092,"ICON TK-1178",DK-1150,,,3,0,0,0,"0000-00-00 00:00:00","0000-00-00 00:00:00","0000-00-00 00:00:00"
1480,Boudhgarh,Boudhgarh,"Ground Floor, Jambu Chowk, Kachari Road,Boudh, Dist ? Boudh, State ? Odisha, Pin Code ? 762014",BOUDH,ODISHA,762014,"Rakesh Majhi",,9178216645,NA,,"Mr. Sanjay Kumar Mishra (RIT)",ODISHA,9853679830,sanjay.mishra@utkarsh.bank,PO-23-06-18146,"HP (Printer - LaserJet)","HP LaserJet Pro MFP M227fdn",VNL3F01318,,,"ICON CF 230A","ICON CF-232",3,0.4,0,0,"0000-00-00 00:00:00","0000-00-00 00:00:00","0000-00-00 00:00:00"
1481,Titlagarh,Titlagarh,"Ground Floor, Sariguda Titlagarh, Opposite Of H.P Petrol Pump, PO+PS-Titlagarh, Dist-Balangir, Odisha, Pin Code ? 767033",BALANGIR,ODISHA,767033,"Dipika  Mishra",,6371689174,NA,,"Mr. Sanjay Kumar Mishra (RIT)",ODISHA,9853679830,sanjay.mishra@utkarsh.bank,PO-23-06-18146,"HP (Printer - LaserJet)","HP LaserJet Pro MFP M227fdn",VNL3F01273,,,"ICON CF 230A","ICON CF-232",3,0.4,8000,0,"0000-00-00 00:00:00","0000-00-00 00:00:00","0000-00-00 00:00:00"
1481,Titlagarh,Titlagarh,"Ground Floor, Sariguda Titlagarh, Opposite Of H.P Petrol Pump, PO+PS-Titlagarh, Dist-Balangir, Odisha, Pin Code ? 767033",BALANGIR,ODISHA,767033,"Dipika  Mishra",,6371689174,NA,,"Mr. Sanjay Kumar Mishra (RIT)",ODISHA,9853679830,sanjay.mishra@utkarsh.bank,PO-23-05-017447,"EPSON (Printer - Inktank)","EPSON M3170 EPIL",X5TW013199,,,INK-005,"Maintaince Box",3,0.4,0,0,"0000-00-00 00:00:00","0000-00-00 00:00:00","0000-00-00 00:00:00"
1482,Ambikapur,"Raigarh Division","BC- Ambikapur, PO- Ambikapur Bilashpur Chowk, Dist- Sarguja Chattishgarh- 497001",SURAJPUR,CHHATTISGARH,497001,#N/A,,#N/A,NA,,"Mr. Neelish Soni (RIT)","MADHYA PRADESH",8090654540,neelesh.soni@utkarsh.bank,PO-23-11-023339,"EPSON (Printer - Inktank)","EPSON M3170 EPIL",X5TW011597,,,INK-005,"Maintaince Box",3,0,8000,0,"0000-00-00 00:00:00","0000-00-00 00:00:00","0000-00-00 00:00:00"
1483,Simdega,Simdega,"NEAR, BANDHAN BANK, SONAR TOLI , SIMDEGA? 835223",SIMDEGA,JHARKHAND,835223,"Krishna Kumar Singh",,8825234707,utk11602@utkarsh.bank,,"Mr. Tapas Barik & Mr. Nitin Kumar (RIT)",JHARKHAND,9337513317/9608295625,tapas.barikh@utkarsh.bank,PO-23-06-018154,"HP (Printer - LaserJet)","HP LaserJet Pro MFP M227fdn",VNL3F01842,,,"ICON CF 230A","ICON CF-232",3,0,0,0,"0000-00-00 00:00:00","0000-00-00 00:00:00","0000-00-00 00:00:00"
1484,Sinapali,Sinapali,"Ground Floor, Infront of Jio Service Center, Sinapali, PO+PS- Sinapali, Dist. - Nuapada, State - Odisha ,Pin Code - 766108",NUAPADA,ODISHA,766108,Debraj,,9861492927,NA,,"Mr. Sanjay Kumar Mishra (RIT)",ODISHA,9853679830,sanjay.mishra@utkarsh.bank,PO-23-06-18146,"HP (Printer - LaserJet)","HP LaserJet Pro MFP M227fdn",VNL3F01301,,,"ICON CF 230A","ICON CF-232",3,0.4,0,0,"0000-00-00 00:00:00","0000-00-00 00:00:00","0000-00-00 00:00:00"
1484,Sinapali,Sinapali,"Ground Floor, Infront of Jio Service Center, Sinapali, PO+PS- Sinapali, Dist. - Nuapada, State - Odisha ,Pin Code - 766108",NUAPADA,ODISHA,766108,Debraj,,9861492927,NA,,"Mr. Sanjay Kumar Mishra (RIT)",ODISHA,9853679830,sanjay.mishra@utkarsh.bank,"Awaiting PO","EPSON (Printer - Inktank)","EPSON M3170 EPIL",X5TW015786,,,INK-005,"Maintaince Box",3,0.4,0,0,"0000-00-00 00:00:00","0000-00-00 00:00:00","0000-00-00 00:00:00"
1485,Phulbani,Phulbani,"Ground Floor, Beside Indian Oil Petrol Pumb, Near Hanuman Mandir Saahi, Jiring Pada, Phulabani, Dist.-Kandhamal, Odisha,Pin Code -762001",KANDHAMAL,ODISHA,762001,"Harisankar Sethi",,8457020331,NA,,"Mr. Sanjay Kumar Mishra (RIT)",ODISHA,9853679830,sanjay.mishra@utkarsh.bank,PO-23-06-18146,"HP (Printer - LaserJet)","HP LaserJet Pro MFP M227fdn",VNL3F01303,,,"ICON CF 230A","ICON CF-232",3,0.4,8000,0,"0000-00-00 00:00:00","0000-00-00 00:00:00","0000-00-00 00:00:00"
1485,Phulbani,Phulbani,"Ground Floor, Beside Indian Oil Petrol Pumb, Near Hanuman Mandir Saahi, Jiring Pada, Phulabani, Dist.-Kandhamal, Odisha,Pin Code -762001",KANDHAMAL,ODISHA,762001,"Harisankar Sethi",,8457020331,NA,,"Mr. Sanjay Kumar Mishra (RIT)",ODISHA,9853679830,sanjay.mishra@utkarsh.bank,PO-23-11-023837,"EPSON (Printer - Inktank)","EPSON M3170 EPIL",X5TW012720,,,INK-005,"Maintaince Box",3,0.4,0,0,"0000-00-00 00:00:00","0000-00-00 00:00:00","0000-00-00 00:00:00"
1485,Phulbani,Phulbani,"Ground Floor, Beside Indian Oil Petrol Pumb, Near Hanuman Mandir Saahi, Jiring Pada, Phulabani, Dist.-Kandhamal, Odisha,Pin Code -762001",KANDHAMAL,ODISHA,762001,"Harisankar Sethi",,8457020331,NA,,"Mr. Sanjay Kumar Mishra (RIT)",ODISHA,9853679830,sanjay.mishra@utkarsh.bank,PO-23-05-017652,"Samsung (Printer - LaserJet)",M-3820ND-/XIP,ZDE4BJFJ30001CJ,,,"ICON 203L",,3,0,0,0,"0000-00-00 00:00:00","0000-00-00 00:00:00","0000-00-00 00:00:00"
1486,Lohardaga,Lohardaga,"Near Bus Stand, Shree Apartment, Lohardaga,Dist - Lohardardaga, Lohardaga (Jharkhand), 835302",GUMLA,JHARKHAND,835302,RajeshChoudhary,,7061382880,utk20085@utkarsh.bank,,"Mr. Tapas Barik & Mr. Nitin Kumar (RIT)",JHARKHAND,9337513317/9608295625,tapas.barikh@utkarsh.bank,PO-23-11-023367,"EPSON (Printer - Inktank)","EPSON M3170 EPIL",X5TW014163,,,INK-005,"Maintaince Box",3,0,0,0,"0000-00-00 00:00:00","0000-00-00 00:00:00","0000-00-00 00:00:00"
1487,Tikabali,Tikabali,"Ground Floor, Infront of Electricity office, Bypass Road, AT+PO-Tikabali, Distt.-Kandhamal, State-Odisha, Pin Code -762010",KANDHAMAL,ODISHA,762010,"Jaishree Panda/Arun Kumar",,8018498357/8917510890,NA,,"Mr. Sanjay Kumar Mishra (RIT)",ODISHA,9853679830,sanjay.mishra@utkarsh.bank,PO-23-06-18146,"HP (Printer - LaserJet)","HP LaserJet Pro MFP M227fdn",VNL3F01295,,,"ICON CF 230A","ICON CF-232",3,0.4,0,0,"0000-00-00 00:00:00","0000-00-00 00:00:00","0000-00-00 00:00:00"
1488,Harbhanga,Harbhanga,"Ground Floor,  Infront of Old Panchyat Office, Harbhanga, PO+PS-Harbhanga, Distt.-Boudh, Odisha,Pin Code - 762020",BOUDH,ODISHA,762020,"Subhalaxmi Sahoo",,7608903321,NA,,"Mr. Sanjay Kumar Mishra (RIT)",ODISHA,9853679830,sanjay.mishra@utkarsh.bank,PO-23-06-18146,"HP (Printer - LaserJet)","HP LaserJet Pro MFP M227fdn",VNL3F01314,,,"ICON CF 230A","ICON CF-232",3,0.4,8000,0,"0000-00-00 00:00:00","0000-00-00 00:00:00","0000-00-00 00:00:00"
1488,Harbhanga,Harbhanga,"Ground Floor,  Infront of Old Panchyat Office, Harbhanga, PO+PS-Harbhanga, Distt.-Boudh, Odisha,Pin Code - 762020",BOUDH,ODISHA,762020,"Subhalaxmi Sahoo",,7608903321,NA,,"Mr. Sanjay Kumar Mishra (RIT)",ODISHA,9853679830,sanjay.mishra@utkarsh.bank,PO-23-12-024806,"Kyocera (Printer - LaserJet)","Kyocera FS 2040 DN",VYB2X11024,"ICON TK-1178",DK-1150,,,3,0.4,0,0,"0000-00-00 00:00:00","0000-00-00 00:00:00","0000-00-00 00:00:00"
1489,"Raighar ","Raighar ","Ground Floor, Chhattisgarh Road, , Near ICICI Bank, Raighar, District -Nabrangpur, Odisha, Pin Code - 764074",NABARANGPUR,ODISHA,764074,"Smita Pragnya Pattnaik",,7605998993,NA,,"Mr. Sanjay Kumar Mishra (RIT)",ODISHA,9853679830,sanjay.mishra@utkarsh.bank,PO-23-06-18146,"HP (Printer - LaserJet)","HP LaserJet Pro MFP M227fdn",VNL3F01320,,,"ICON CF 230A","ICON CF-232",3,0.4,0,0,"0000-00-00 00:00:00","0000-00-00 00:00:00","0000-00-00 00:00:00"
1490,Kharaiar,Kharaiar,"Ground Floor, Near Axis Bank, College Road, Khariar, District - Nuapada, Odisha, Pin Code -766107",NUAPADA,ODISHA,766107,"Ambuja Rana",,9078154896,NA,,"Mr. Sanjay Kumar Mishra (RIT)",ODISHA,9853679830,sanjay.mishra@utkarsh.bank,PO-23-06-18146,"HP (Printer - LaserJet)","HP LaserJet Pro MFP M227fdn",VNL3F01415,,,"ICON CF 230A","ICON CF-232",3,0.4,0,0,"0000-00-00 00:00:00","0000-00-00 00:00:00","0000-00-00 00:00:00"
1490,Kharaiar,Kharaiar,"Ground Floor, Near Axis Bank, College Road, Khariar, District - Nuapada, Odisha, Pin Code -766107",NUAPADA,ODISHA,766107,"Ambuja Rana",,9078154896,NA,,"Mr. Sanjay Kumar Mishra (RIT)",ODISHA,9853679830,sanjay.mishra@utkarsh.bank,PO-23-05-017652,"Samsung (Printer - LaserJet)",M-3820ND-/XIP,ZDE4BJFJ30005QM,,,"ICON 203L",,3,0.4,0,0,"0000-00-00 00:00:00","0000-00-00 00:00:00","0000-00-00 00:00:00"
1493,SHEIKHPURA,"Nawadha Division","Branch Office :YASH MARKET, Opposite-ROYAL ENFIELD, DALLU MORE, SHEIKHPURA,, Bihar-811105",SHEIKHPURA,BIHAR,811105,"Shantanu Kanth",,8083979318,NA,,"Mr.Ajeet Kumar(RIT)",BIHAR,9608953407,ajeet.kumar@utkarsh.bank,PO-23-02-027670,"Kyocera (Printer - LaserJet)","Kyocera FS 2040 DN",VYB2Y23050,"ICON TK-1178",DK-1150,,,3,0,0,0,"0000-00-00 00:00:00","0000-00-00 00:00:00","0000-00-00 00:00:00"
1496,Bochaha,"Muzaffarpur Division","UTKARSH SMALL FINANCE BANK LTD., Raj Nagar, Bochaha, PO-Bochaha, Dist-Muzaffarpur, Bihar-843103, MUZAFFARPUR, Bochaha - 1496, 843103",MUZAFFARPUR,BIHAR,843103,0,,0,NA,,"Mr.Ajeet Kumar(RIT)",BIHAR,9608953407,ajeet.kumar@utkarsh.bank,PO-23-12-024329,"EPSON (Printer - Inktank)","EPSON M3170 EPIL",X5TW018771,,,INK-005,"Maintaince Box",3,0,0,0,"0000-00-00 00:00:00","0000-00-00 00:00:00","0000-00-00 00:00:00"
1498,Chatra,Chatra,"Near Collectorate Building, Chatra,Dist:-Chatra Pin code:- 825401",CHATRA,JHARKHAND,825401,"Shrawan Kumar Yadav",,7485094855,utk12901@utkarsh.bank,,"Mr. Tapas Barik & Mr. Nitin Kumar (RIT)",JHARKHAND,9337513317/9608295625,tapas.barikh@utkarsh.bank,PO-23-11-023367,"EPSON (Printer - Inktank)","EPSON M3170 EPIL",X5TW019618,,,INK-005,"Maintaince Box",3,0,0,0,"0000-00-00 00:00:00","0000-00-00 00:00:00","0000-00-00 00:00:00"
1501,Lucknow,Lucknow," Unit Nos. 201, 202,203. Upper Ground Floor & Unit No 106 Lower Ground Floor, Trident Building - Plot No 10, Rana Pratap Marg, Hazaratganj, PO - Hazaratganj, District - Lucknow, UttarPardesh, Pin 226001",LUCKNOW,"UTTAR PRADESH",226001,"Kainat Beg",,9565549435,NA,,"Mr.Haidar Ali (RIT)","UTTAR PRADESH",8090554271,"haidar,ali@utkarsh.bank",PO-23-04-016383,"Samsung (Printer - LaserJet)",MFD-SL-M2876ND,CNB1L9L554,,,"ICON 116L (Toner)","ICON 116L (Drum Unit)",3,0.4,4000,0,"0000-00-00 00:00:00","0000-00-00 00:00:00","0000-00-00 00:00:00"
1501,Lucknow,Lucknow," Unit Nos. 201, 202,203. Upper Ground Floor & Unit No 106 Lower Ground Floor, Trident Building - Plot No 10, Rana Pratap Marg, Hazaratganj, PO - Hazaratganj, District - Lucknow, UttarPardesh, Pin 226001",LUCKNOW,"UTTAR PRADESH",226001,"Kainat Beg",,9565549435,NA,,"Mr.Haidar Ali (RIT)","UTTAR PRADESH",8090554271,"haidar,ali@utkarsh.bank",PO-21-03-004916,"HP (Printer - LaserJet)","HP MFP 72630 DN",CNB1M8L185,,,"ICON W1002YC",,1,0.4,0,2500,"0000-00-00 00:00:00","0000-00-00 00:00:00","0000-00-00 00:00:00"
1501,Lucknow,Lucknow," Unit Nos. 201, 202,203. Upper Ground Floor & Unit No 106 Lower Ground Floor, Trident Building - Plot No 10, Rana Pratap Marg, Hazaratganj, PO - Hazaratganj, District - Lucknow, UttarPardesh, Pin 226001",LUCKNOW,"UTTAR PRADESH",226001,"Kainat Beg",,9565549435,NA,,"Mr.Haidar Ali (RIT)","UTTAR PRADESH",8090554271,"haidar,ali@utkarsh.bank",PO-23-05-017661,"EPSON (Printer - Inktank)","EPSON M3170 EPIL",X5TW011296,,,INK-005,"Maintaince Box",3,0.4,0,0,"0000-00-00 00:00:00","0000-00-00 00:00:00","0000-00-00 00:00:00"
1501,Lucknow,Lucknow," Unit Nos. 201, 202,203. Upper Ground Floor & Unit No 106 Lower Ground Floor, Trident Building - Plot No 10, Rana Pratap Marg, Hazaratganj, PO - Hazaratganj, District - Lucknow, UttarPardesh, Pin 226001",LUCKNOW,"UTTAR PRADESH",226001,"Kainat Beg",,9565549435,NA,,"Mr.Haidar Ali (RIT)","UTTAR PRADESH",8090554271,"haidar,ali@utkarsh.bank",PO-23-11-023335,"EPSON (Printer - Inktank)","EPSON M3170 EPIL",X5TW011888,,,INK-005,"Maintaince Box",3,0.4,0,0,"0000-00-00 00:00:00","0000-00-00 00:00:00","0000-00-00 00:00:00"
1501,Lucknow,Lucknow," Unit Nos. 201, 202,203. Upper Ground Floor & Unit No 106 Lower Ground Floor, Trident Building - Plot No 10, Rana Pratap Marg, Hazaratganj, PO - Hazaratganj, District - Lucknow, UttarPardesh, Pin 226001",LUCKNOW,"UTTAR PRADESH",226001,"Kainat Beg",,9565549435,NA,,"Mr.Haidar Ali (RIT)","UTTAR PRADESH",8090554271,"haidar,ali@utkarsh.bank",PO-23-04-016383,"Samsung (Printer - LaserJet)",MFD-SL-M2876ND,ZD5HB8KJ3F013RB,,,"ICON 116L (Toner)","ICON 116L (Drum Unit)",3,0.4,0,0,"0000-00-00 00:00:00","0000-00-00 00:00:00","0000-00-00 00:00:00"
1503,Pakur,Pakur," Jalikhan, Post Office - Bangidhar. Tehsil Salt, Dist-Almora,  Uttrakhand-263676",ALMORA,UTTARAKHAND,263676,0,,#N/A,NA,,"Mr. Jogindar Kumar (RIT)",UTTARAKHAND,9896984436,Joginder@utkarsh.bank,PO-23-04-016383,"Samsung (Printer - LaserJet)",MFD-SL-M2876ND,ZD4GB8KJ2D001P,,,"ICON 116L (Toner)","ICON 116L (Drum Unit)",3,0.4,0,0,"0000-00-00 00:00:00","0000-00-00 00:00:00","0000-00-00 00:00:00"
1504,Jabalpur-1504,"Jabalpur Division","Ground Floor, Plot No 2-B-1House no1187, 1188Chanchala Bai RoadWright
Town, PO - MarahtalDistrict-Jabalpur, Madhya Pradeshpin-482002,
JABALPUR, Jabalpur-1504, 482002",JABALPUR,"MADHYA PRADESH",482002,"Naveen kumar Gupta",,7898395144,NA,,"Mr. Neelish Soni (RIT)","MADHYA PRADESH",8090654540,neelesh.soni@utkarsh.bank,PO-22-11-011400,"Brother (Printer - LaserJet)","Brother- L2541DW",E73802H1N928936,"ICON TN-2365","ICON DR 2365",,,1,0,0,0,"0000-00-00 00:00:00","0000-00-00 00:00:00","0000-00-00 00:00:00"
1504,Jabalpur-1504,"Jabalpur Division","Ground Floor, Plot No 2-B-1House no1187, 1188Chanchala Bai RoadWright
Town, PO - MarahtalDistrict-Jabalpur, Madhya Pradeshpin-482002,
JABALPUR, Jabalpur-1504, 482002",JABALPUR,"MADHYA PRADESH",482002,"Naveen kumar Gupta",,7898395144,NA,,"Mr. Neelish Soni (RIT)","MADHYA PRADESH",8090654540,neelesh.soni@utkarsh.bank,PO-23-05-017644,"EPSON (Printer - Inktank)","EPSON M3170 EPIL",X5TW012035,,,INK-005,"Maintaince Box",3,0.4,0,0,"0000-00-00 00:00:00","0000-00-00 00:00:00","0000-00-00 00:00:00"
1504,Jabalpur-1504,"Jabalpur Division","Ground Floor, Plot No 2-B-1House no1187, 1188Chanchala Bai RoadWright
Town, PO - MarahtalDistrict-Jabalpur, Madhya Pradeshpin-482002,
JABALPUR, Jabalpur-1504, 482002",JABALPUR,"MADHYA PRADESH",482002,"Naveen kumar Gupta",,7898395144,NA,,"Mr. Neelish Soni (RIT)","MADHYA PRADESH",8090654540,neelesh.soni@utkarsh.bank,PO-24-09-010101,"Samsung (Printer - LaserJet)",MFD-SL-M2876ND,ZD5HB8KJ8F02A5,,,"ICON 116L (Toner)","ICON 116L (Drum Unit)",3,0.4,0,0,"0000-00-00 00:00:00","0000-00-00 00:00:00","0000-00-00 00:00:00"
1505,"Kanpur ",Kanpur,"
Plot No -119/538 A, Mohalla- Darshanpurwa, Fazalganj, Gumti No 5, Post- Kaushalpuri, District- Kanpur, State- Uttar Pradesh?208012","KANPUR NAGAR","UTTAR PRADESH",208012,"Tanushree Bansal ",,9721134747,branchhead.kanpur@utkarsh.bank,,"Mr. Anil Kumar (RIT)","UTTAR PRADESH",7753811316,anil.yadav@utkarsh.bank,PO-21-03-004916,"HP (Printer - LaserJet)","MFP M72630",CNB1M8L174,,,"ICON W1002YC",,1,0.5,0,6000,"0000-00-00 00:00:00","0000-00-00 00:00:00","0000-00-00 00:00:00"
1505,"Kanpur ",Kanpur,"
Plot No -119/538 A, Mohalla- Darshanpurwa, Fazalganj, Gumti No 5, Post- Kaushalpuri, District- Kanpur, State- Uttar Pradesh?208012","KANPUR NAGAR","UTTAR PRADESH",208012,"Tanushree Bansal ",,9721134747,branchhead.kanpur@utkarsh.bank,,"Mr. Anil Kumar (RIT)","UTTAR PRADESH",7753811316,anil.yadav@utkarsh.bank,PO-23-04-016383,"Samsung (Printer - LaserJet)",MFD-SL-M2876ND,ZD5HB8KJ8F0204,,,"ICON 116L (Toner)","ICON 116L (Drum Unit)",3,0.4,0,0,"0000-00-00 00:00:00","0000-00-00 00:00:00","0000-00-00 00:00:00"
1506,Bareilly,Bareilly,"
Ground Floor, Plot No -148 Civil Lines, Bareilly State- Uttar Pradesh, PIN- 243001",BAREILLY,"UTTAR PRADESH",243001,"Akhil Agarwal",,9756068944,branchhead.bareilly@utkarsh.bank,,"Mr. Anil Kumar (RIT)","UTTAR PRADESH",7753811316,anil.yadav@utkarsh.bank,PO-21-03-004916,"HP (Printer - LaserJet)","MFP M72630",CNB1M9Z159,,,"ICON W1002YC",,1,0.5,0,6000,"0000-00-00 00:00:00","0000-00-00 00:00:00","0000-00-00 00:00:00"
1506,Bareilly,Bareilly,"
Ground Floor, Plot No -148 Civil Lines, Bareilly State- Uttar Pradesh, PIN- 243001",BAREILLY,"UTTAR PRADESH",243001,"Akhil Agarwal",,9756068944,branchhead.bareilly@utkarsh.bank,,"Mr. Anil Kumar (RIT)","UTTAR PRADESH",7753811316,anil.yadav@utkarsh.bank,PO-23-04-016383,"Samsung (Printer - LaserJet)",MFD-SL-M2876ND,ZD5HB8KJ8F0224T,,,"ICON 116L (Toner)","ICON 116L (Drum Unit)",3,0.4,0,0,"0000-00-00 00:00:00","0000-00-00 00:00:00","0000-00-00 00:00:00"
1507,Moradabad,Moradabad,"Ground Floor, ?House No ? 0809153 B, Agarwal Complex, Near ? Pili Kothi, Road- Kanth Road, Post- Civil Line , District- Moradabad, State- Uttar Pradesh, PIN- 244001",MORADABAD,"UTTAR PRADESH",244001,"Ankur Yadav",,7465925737,branchhead.moradabad@utkarsh.bank,,"Mr. Anil Kumar (RIT)","UTTAR PRADESH",7753811316,anil.yadav@utkarsh.bank,PO-22-12-012449,"Brother (Printer - LaserJet)","Brother- L2541DW",E73802J1N978790,"ICON TN-2365","ICON DR 2365",,,3,0.4,0,0,"0000-00-00 00:00:00","0000-00-00 00:00:00","0000-00-00 00:00:00"
1507,Moradabad,Moradabad,"Ground Floor, ?House No ? 0809153 B, Agarwal Complex, Near ? Pili Kothi, Road- Kanth Road, Post- Civil Line , District- Moradabad, State- Uttar Pradesh, PIN- 244001",MORADABAD,"UTTAR PRADESH",244001,"Ankur Yadav",,7465925737,branchhead.moradabad@utkarsh.bank,,"Mr. Anil Kumar (RIT)","UTTAR PRADESH",7753811316,anil.yadav@utkarsh.bank,PO-23-04-016383,"Samsung (Printer - LaserJet)",MFD-SL-M2876ND,ZD5HB8KJ8F022Z,,,"ICON 116L (Toner)","ICON 116L (Drum Unit)",3,0.4,0,0,"0000-00-00 00:00:00","0000-00-00 00:00:00","0000-00-00 00:00:00"
1508,Panchkula,Panchkula,"SCO -6P, Sector-10, Panchkula-134109",PANCHKULA,HARYANA,134109,"Gaurav Sharma ",,8814838302,Branchhead.panchkula@utkarsh.bank,,"Mr.Haidar Ali (RIT)","UTTAR PRADESH",8090554271,"haidar,ali@utkarsh.bank",PO-21-03-004920,"HP (Printer - LaserJet)","MFP M72630",CNB1M9Y004,,,"ICON W1002YC",,1,0.5,0,6000,"0000-00-00 00:00:00","0000-00-00 00:00:00","0000-00-00 00:00:00"
1508,Panchkula,Panchkula,"SCO -6P, Sector-10, Panchkula-134109",PANCHKULA,HARYANA,134109,"Gaurav Sharma ",,8814838302,Branchhead.panchkula@utkarsh.bank,,"Mr.Haidar Ali (RIT)","UTTAR PRADESH",8090554271,"haidar,ali@utkarsh.bank",PO-23-05-017643,"Samsung (Printer - LaserJet)",M-3820ND-/XIP,EDE4BJEJ30000NP,,,"ICON 203L",,3,0.4,0,0,"0000-00-00 00:00:00","0000-00-00 00:00:00","0000-00-00 00:00:00"
1508,Panchkula,Panchkula,"SCO -6P, Sector-10, Panchkula-134109",PANCHKULA,HARYANA,134109,"Gaurav Sharma ",,8814838302,Branchhead.panchkula@utkarsh.bank,,"Mr.Haidar Ali (RIT)","UTTAR PRADESH",8090554271,"haidar,ali@utkarsh.bank",PO-22-9-010098,"Samsung (Printer - LaserJet)",MFD-SL-M2876ND,ZD5HB8KJ8F0255L,,,"ICON 116L (Toner)","ICON 116L (Drum Unit)",3,0.4,0,0,"0000-00-00 00:00:00","0000-00-00 00:00:00","0000-00-00 00:00:00"
1509,Bhopal,West,"Ground Floor,Plot No.178, M.P.Nagar Zone-II,Near Pragati Petrol Pump, Bhopal (M.P) India, PIN ? 462016",BHOPAL,"MADHYA PRADESH",462016,"Rohit Kokas",,6390015091,branchhead.bhopal@utkarsh.bank,,"Mr. Neelish Soni (RIT)","MADHYA PRADESH",8090654540,neelesh.soni@utkarsh.bank,PO-24-09-010101,"Samsung (Printer - LaserJet)",MFD-SL-M2876ND,ZD5HB8KJ8F0240H,,,"ICON 116L (Toner)","ICON 116L (Drum Unit)",3,0.4,4000,0,"0000-00-00 00:00:00","0000-00-00 00:00:00","0000-00-00 00:00:00"
1509,Bhopal,West,"Ground Floor,Plot No.178, M.P.Nagar Zone-II,Near Pragati Petrol Pump, Bhopal (M.P) India, PIN ? 462016",BHOPAL,"MADHYA PRADESH",462016,"Rohit Kokas",,6390015091,branchhead.bhopal@utkarsh.bank,,"Mr. Neelish Soni (RIT)","MADHYA PRADESH",8090654540,neelesh.soni@utkarsh.bank,PO-24-09-010101,"Samsung (Printer - LaserJet)",MFD-SL-M2876ND,ZD5HB8KK9C04KDK-CNB1L9V6F2,,,"ICON 116L (Toner)","ICON 116L (Drum Unit)",3,0,0,0,"0000-00-00 00:00:00","0000-00-00 00:00:00","0000-00-00 00:00:00"
1510,Kolkata,Kolkata,"                                                      Ground Floor BC-28 Salt Lake City,Sector-1,Near Bidhan Nagar Post Office,Water tank No.3 ,Salt lake City,Kolkata-700064","24 PARAGANAS NORTH","WEST BENGAL",700064,"Anamika Mukherjee/Mr Saynal",,7439297167,NA,,"Mr.Tapas Kumar Barikh(RIT)","WEST BENGAL",9337513317,tapas.barikh@utkarsh.bank,PO-21-03-004924,"HP (Printer - LaserJet)","HP MFP 72630 DN",CNB1M6F2WT,,,"ICON W1002YC",,1,0.5,0,6000,"0000-00-00 00:00:00","0000-00-00 00:00:00","0000-00-00 00:00:00"
1510,Kolkata,Kolkata,"                                                      Ground Floor BC-28 Salt Lake City,Sector-1,Near Bidhan Nagar Post Office,Water tank No.3 ,Salt lake City,Kolkata-700064","24 PARAGANAS NORTH","WEST BENGAL",700064,"Anamika Mukherjee/Mr Saynal",,7439297167,NA,,"Mr.Tapas Kumar Barikh(RIT)","WEST BENGAL",9337513317,tapas.barikh@utkarsh.bank,PO-22-08-009427,"Samsung (Printer - LaserJet)",MFD-SL-M2876ND,ZD5HB8KJ8F02AE,,,"ICON 116L (Toner)","ICON 116L (Drum Unit)",3,0.4,0,0,"0000-00-00 00:00:00","0000-00-00 00:00:00","0000-00-00 00:00:00"
1511,Bhagalpur,"Bhagalpur Division","Ground Floor Suman Plaza NetajiShubhash Chandra Bose RoadNH-80, Tilka
Manjhi, Post OfficeBhagalpur, District- Bhagalpur,Bihar PIN-812001,
BHAGALPUR, Bhagalpur-1511, 812001",BHAGALPUR,BIHAR,812001,"Sahana Khatoon
",,8709862120,NA,,"Mr.Priyatam Kumar Singh(RIT)",BIHAR,9504342712,priyatam.singh@utkarsh.bank,PO-23-02-026932,"Kyocera (Printer - LaserJet)","Kyocera FS 2040 DN",VYB2Y23198,"ICON TK-1178",DK-1150,,,3,0,0,0,"0000-00-00 00:00:00","0000-00-00 00:00:00","0000-00-00 00:00:00"
1511,Bhagalpur,"Bhagalpur Division","Ground Floor Suman Plaza NetajiShubhash Chandra Bose RoadNH-80, Tilka
Manjhi, Post OfficeBhagalpur, District- Bhagalpur,Bihar PIN-812001,
BHAGALPUR, Bhagalpur-1511, 812001",BHAGALPUR,BIHAR,812001,"Sahana Khatoon
",,8709862120,NA,,"Mr.Priyatam Kumar Singh(RIT)",BIHAR,9504342712,priyatam.singh@utkarsh.bank,PO-22-08-010097,"Samsung (Printer - LaserJet)",MFD-SL-M2876ND,ZD5HB8KJ8F02AL,,,"ICON 116L (Toner)","ICON 116L (Drum Unit)",3,0,0,0,"0000-00-00 00:00:00","0000-00-00 00:00:00","0000-00-00 00:00:00"
1512,"Preet Vihar - Delhi","Preet Vihar - Delhi","Ground Floor, 9, Park End, Panjatani Co-op. House Building Society,Vikas Marg, Delhi-110092",EAST,DELHI,110092,"Rajesh Kumar",,9050419660,NA,,"Mr Ramesh (RIT)",DELHI,7060504211,ramesh.kumar@utkarsh.bank,PO-22-08-010104,"Samsung (Printer - LaserJet)",MFD-SL-M2876ND,CNB3KDK7PJ,,,"ICON 116L (Toner)","ICON 116L (Drum Unit)",3,0.4,0,0,"0000-00-00 00:00:00","0000-00-00 00:00:00","0000-00-00 00:00:00"
1512,"Preet Vihar - Delhi","Preet Vihar - Delhi","Ground Floor, 9, Park End, Panjatani Co-op. House Building Society,Vikas Marg, Delhi-110092",EAST,DELHI,110092,"Rajesh Kumar",,9050419660,NA,,"Mr Ramesh (RIT)",DELHI,7060504211,ramesh.kumar@utkarsh.bank,PO-22-12-012238,"HP (Printer - LaserJet)","HP-M226DW- MFP",CNBRPBFH14,,,"ICON 88A",,3,0.4,0,0,"0000-00-00 00:00:00","0000-00-00 00:00:00","0000-00-00 00:00:00"
1513,Lanka,Lanka,"Ground Floor, B/36/10, PJR Sheetal Complex, Durgakund, Dist :Varanasi: , State- Uttar Pradesh, PIN- 221005",VARANASI,"UTTAR PRADESH",221005,"Prashant Srivastava",,8765050861,NA,,"Mr.Vishal Yadahav (RIT)","UTTAR PRADESH",8052868052,vishal.yadhav@utkarsh.bank,PO-23-04-016383,"Samsung (Printer - LaserJet)",MFD-SL-M2876ND,CNB3KDK7PT,,,"ICON 116L (Toner)","ICON 116L (Drum Unit)",3,0.4,0,0,"0000-00-00 00:00:00","0000-00-00 00:00:00","0000-00-00 00:00:00"
1513,Lanka,Lanka,"Ground Floor, B/36/10, PJR Sheetal Complex, Durgakund, Dist :Varanasi: , State- Uttar Pradesh, PIN- 221005",VARANASI,"UTTAR PRADESH",221005,"Prashant Srivastava",,8765050861,NA,,"Mr.Vishal Yadahav (RIT)","UTTAR PRADESH",8052868052,vishal.yadhav@utkarsh.bank,PO-22-01-013029,"Brother (Printer - LaserJet)","Brother- L2541DW",E73802J1N978483,"ICON TN-2365","ICON DR 2365",,,3,0.4,0,0,"0000-00-00 00:00:00","0000-00-00 00:00:00","0000-00-00 00:00:00"
1514,Noida,Noida,"F-20, Dector-18, Noida-201301","GAUTAM BUDDHA NAGAR","UTTAR PRADESH",201301,Sankershan,,NA,NA,,"Mr.Vishal Yadahav (RIT)","UTTAR PRADESH",8052868052,vishal.yadhav@utkarsh.bank,PO-21-03-004917,"HP (Printer - LaserJet)","HP MFP 72630 DN",CNB1M8H12M,,,"ICON W1002YC",,1,0.4,0,2500,"0000-00-00 00:00:00","0000-00-00 00:00:00","0000-00-00 00:00:00"
1514,Noida,Noida,"F-20, Dector-18, Noida-201301","GAUTAM BUDDHA NAGAR","UTTAR PRADESH",201301,Sankershan,,NA,NA,,"Mr.Vishal Yadahav (RIT)","UTTAR PRADESH",8052868052,vishal.yadhav@utkarsh.bank,PO-23-04-016383,"Samsung (Printer - LaserJet)",MFD-SL-M2876ND,ZD4GB8KJ2F007F,,,"ICON 116L (Toner)","ICON 116L (Drum Unit)",3,0.4,0,0,"0000-00-00 00:00:00","0000-00-00 00:00:00","0000-00-00 00:00:00"
1514,Noida,Noida,"F-20, Dector-18, Noida-201301","GAUTAM BUDDHA NAGAR","UTTAR PRADESH",201301,Sankershan,,NA,NA,,"Mr.Vishal Yadahav (RIT)","UTTAR PRADESH",8052868052,vishal.yadhav@utkarsh.bank,PO-23-04-016383,"Samsung (Printer - LaserJet)",MFD-SL-M2876ND,ZD5HB8KJ8F0281,,,"ICON 116L (Toner)","ICON 116L (Drum Unit)",3,0.4,0,0,"0000-00-00 00:00:00","0000-00-00 00:00:00","0000-00-00 00:00:00"
1515,"Punjabi Bagh",West,"Shop No G-1,G-6,G-9,ground floor ,Mangal city mall and hotel ,plot no A-1,scheme no. 54,PU-4 commercial ,Indore ,Madhya Pradesh Pin
",INDORE,"MADHYA PRADESH",452010,"Bobbysingh Ajitsingh Labana",,8446548789,NA,,"Mr. Neelish Soni (RIT)","MADHYA PRADESH",8090654540,neelesh.soni@utkarsh.bank," PO-21-02-003979","HP (Printer - LaserJet)","MFP M72630",CNB1M2S3B5,,,"ICON W1002YC",,1,0,0,0,"0000-00-00 00:00:00","0000-00-00 00:00:00","0000-00-00 00:00:00"
1515,"Punjabi Bagh",West,"Shop No G-1,G-6,G-9,ground floor ,Mangal city mall and hotel ,plot no A-1,scheme no. 54,PU-4 commercial ,Indore ,Madhya Pradesh Pin
",INDORE,"MADHYA PRADESH",452010,"Bobbysingh Ajitsingh Labana",,8446548789,NA,,"Mr. Neelish Soni (RIT)","MADHYA PRADESH",8090654540,neelesh.soni@utkarsh.bank,PO-24-09-010101,"Samsung (Printer - LaserJet)",MFD-SL-M2876ND,"CNB3KDK7PH & ZD5HB8KJCF01GWB",,,"ICON 116L (Toner)","ICON 116L (Drum Unit)",3,0,0,0,"0000-00-00 00:00:00","0000-00-00 00:00:00","0000-00-00 00:00:00"
1515,"Punjabi Bagh",West,"Shop No G-1,G-6,G-9,ground floor ,Mangal city mall and hotel ,plot no A-1,scheme no. 54,PU-4 commercial ,Indore ,Madhya Pradesh Pin
",INDORE,"MADHYA PRADESH",452010,"Bobbysingh Ajitsingh Labana",,8446548789,NA,,"Mr. Neelish Soni (RIT)","MADHYA PRADESH",8090654540,neelesh.soni@utkarsh.bank,PO-23-11-023342,"EPSON (Printer - Inktank)","EPSON M3170 EPIL",X5TW011178,,,INK-005,"Maintaince Box",3,0.4,0,0,"0000-00-00 00:00:00","0000-00-00 00:00:00","0000-00-00 00:00:00"
1516,Agra,Agra,"Shop No.G-12 & B-12, Friends Wasan Plaza, 17/2/4, Sanjay Place, Agra, Uttar Pradesh-282002",AGRA,"UTTAR PRADESH",282002,"Sumit Agarwal",,8126934167,branchhead.agra@utkarsh.bank,,"Mr. Anil Kumar (RIT)","UTTAR PRADESH",7753811316,anil.yadav@utkarsh.bank,PO-23-04-016383,"Samsung (Printer - LaserJet)",MFD-SL-M2876ND,CNB3KDK4GJ,,,"ICON 116L (Toner)","ICON 116L (Drum Unit)",3,0.4,0,0,"0000-00-00 00:00:00","0000-00-00 00:00:00","0000-00-00 00:00:00"
1516,Agra,Agra,"Shop No.G-12 & B-12, Friends Wasan Plaza, 17/2/4, Sanjay Place, Agra, Uttar Pradesh-282002",AGRA,"UTTAR PRADESH",282002,"Sumit Agarwal",,8126934167,branchhead.agra@utkarsh.bank,,"Mr. Anil Kumar (RIT)","UTTAR PRADESH",7753811316,anil.yadav@utkarsh.bank,PO-22-12-012449,"Brother (Printer - LaserJet)","Brother- L2541DW",E73802J1N976464,"ICON TN-2365","ICON DR 2365",,,3,0.4,8000,0,"0000-00-00 00:00:00","0000-00-00 00:00:00","0000-00-00 00:00:00"
1517,Dehradun,Dehradun,"Ground Floor, Municipal No.1, Ashok Vihar, GMS Road, Khasra No.504/2 Min, Mauza Kanwali, Pargana Central Doon, Distt.-Dehradun, Uttarakhand-248001",DEHRADUN,UTTARAKHAND,248001,"HASEEN AHMAD",,7983820430,Branchhead.dehradun@utkarsh.bank,,"Mr. Jogindar Kumar (RIT)",UTTARAKHAND,9896984436,Joginder@utkarsh.bank,PO-22-08-010107,"Samsung (Printer - LaserJet)",MFD-SL-M2876ND,CNB3KDK7PV,,,"ICON 116L (Toner)","ICON 116L (Drum Unit)",3,0.4,0,0,"0000-00-00 00:00:00","0000-00-00 00:00:00","0000-00-00 00:00:00"
1517,Dehradun,Dehradun,"Ground Floor, Municipal No.1, Ashok Vihar, GMS Road, Khasra No.504/2 Min, Mauza Kanwali, Pargana Central Doon, Distt.-Dehradun, Uttarakhand-248001",DEHRADUN,UTTARAKHAND,248001,"HASEEN AHMAD",,7983820430,Branchhead.dehradun@utkarsh.bank,,"Mr. Jogindar Kumar (RIT)",UTTARAKHAND,9896984436,Joginder@utkarsh.bank,"Awaiting PO","EPSON (Printer - Inktank)","EPSON M3170 EPIL",X5TW015509,,,INK-005,"Maintaince Box",3,0.4,0,0,"0000-00-00 00:00:00","0000-00-00 00:00:00","0000-00-00 00:00:00"
1518,Meerut,Meerut,"G-1, G-2 & G-3, Vardhman Plaza, Panchvati, Shiv Sarovar, Garh Road, Meerut, Uttar Pradesh?250002",MEERUT,"UTTAR PRADESH",250002,"Ankit gupta",,9456259668,branchhead.meerut@utkarsh.bank,,"Mr. Anil Kumar (RIT)","UTTAR PRADESH",7753811316,anil.yadav@utkarsh.bank,PO-23-04-016383,"Samsung (Printer - LaserJet)",MFD-SL-M2876ND,CNB3KDK74X,,,"ICON 116L (Toner)","ICON 116L (Drum Unit)",3,0.4,0,0,"0000-00-00 00:00:00","0000-00-00 00:00:00","0000-00-00 00:00:00"
1518,Meerut,Meerut,"G-1, G-2 & G-3, Vardhman Plaza, Panchvati, Shiv Sarovar, Garh Road, Meerut, Uttar Pradesh?250002",MEERUT,"UTTAR PRADESH",250002,"Ankit gupta",,9456259668,branchhead.meerut@utkarsh.bank,,"Mr. Anil Kumar (RIT)","UTTAR PRADESH",7753811316,anil.yadav@utkarsh.bank,PO-22-12-012449,"Brother (Printer - LaserJet)","Brother- L2541DW",E73802J1N978758,"ICON TN-2365","ICON DR 2365",,,3,0.4,0,0,"0000-00-00 00:00:00","0000-00-00 00:00:00","0000-00-00 00:00:00"
1519,"Mirzapur, UP","Mirzapur, UP","Plot no.38, Adarsh Bhawan Co-operative House Building Society on North West Avenue Road, Punjabi Bagh Extension, Near Punjabi Bagh, New Delhi- 110026",WEST,DELHI,110026,"Dhiraj Thakur",,9873037806,NA,,"Mr Ramesh (RIT)",DELHI,7060504211,ramesh.kumar@utkarsh.bank,PO-22-08-010104,"Samsung (Printer - LaserJet)",MFD-SL-M2876ND,CNB1L9V6KL,,,"ICON 116L (Toner)","ICON 116L (Drum Unit)",3,0.4,0,0,"0000-00-00 00:00:00","0000-00-00 00:00:00","0000-00-00 00:00:00"
1520,"Tilak Nagar","Tilak Nagar","Municipal No. WZ-1128, Meenakshi Garden, Post-Meenakshi Garden, Thana: Hari Nagar, District: West Delhi, Delhi: 110018",WEST,DELHI,110018,"Akhilesh Kumar Gupta",,9981889450,NA,,"Mr Ramesh (RIT)",DELHI,7060504211,ramesh.kumar@utkarsh.bank,PO-22-08-010104,"Samsung (Printer - LaserJet)",MFD-SL-M2876ND,CNB1L9V6G4,,,"ICON 116L (Toner)","ICON 116L (Drum Unit)",3,0.4,0,0,"0000-00-00 00:00:00","0000-00-00 00:00:00","0000-00-00 00:00:00"
1520,"Tilak Nagar","Tilak Nagar","Municipal No. WZ-1128, Meenakshi Garden, Post-Meenakshi Garden, Thana: Hari Nagar, District: West Delhi, Delhi: 110018",WEST,DELHI,110018,"Akhilesh Kumar Gupta",,9981889450,NA,,"Mr Ramesh (RIT)",DELHI,7060504211,ramesh.kumar@utkarsh.bank,PO-22-12-012238,"HP (Printer - LaserJet)","HP-M226DW- MFP",CNBRPBFGX8,,,"ICON 88A",,3,0.4,0,0,"0000-00-00 00:00:00","0000-00-00 00:00:00","0000-00-00 00:00:00"
1521,"C R Park","C R Park","B-317, C.R. Park, Delhi-110019","South East",DELHI,110019,"Anoop Sharma",,8447968480,NA,,"Mr Ramesh (RIT)",DELHI,7060504211,ramesh.kumar@utkarsh.bank,PO-22-08-010104,"Samsung (Printer - LaserJet)",MFD-SL-M2876ND,CNB2L8FWKJ,,,"ICON 116L (Toner)","ICON 116L (Drum Unit)",3,0.4,0,0,"0000-00-00 00:00:00","0000-00-00 00:00:00","0000-00-00 00:00:00"
1522,Ghaziabad,Ghaziabad,"D-17, Raj Nagar District Center (RDC), Ghaziabad,
UP- 201001",GHAZIABAD,"UTTAR PRADESH",201001,"Sumit Kumar",,9654520054,NA,,"Mr.Haidar Ali (RIT)","UTTAR PRADESH",8090554271,"haidar,ali@utkarsh.bank",PO-23-04-016383,"Samsung (Printer - LaserJet)",MFD-SL-M2876ND,CNB1LDBWWF,,,"ICON 116L (Toner)","ICON 116L (Drum Unit)",3,0.4,0,0,"0000-00-00 00:00:00","0000-00-00 00:00:00","0000-00-00 00:00:00"
1522,Ghaziabad,Ghaziabad,"D-17, Raj Nagar District Center (RDC), Ghaziabad,
UP- 201001",GHAZIABAD,"UTTAR PRADESH",201001,"Sumit Kumar",,9654520054,NA,,"Mr.Haidar Ali (RIT)","UTTAR PRADESH",8090554271,"haidar,ali@utkarsh.bank",PO-23-05-017661,"Brother (Printer - LaserJet)","Brother- L2541DW",E73802A2N243047,"ICON TN-2365","ICON DR 2365",,,3,0.4,0,0,"0000-00-00 00:00:00","0000-00-00 00:00:00","0000-00-00 00:00:00"
1522,Ghaziabad,Ghaziabad,"D-17, Raj Nagar District Center (RDC), Ghaziabad,
UP- 201001",GHAZIABAD,"UTTAR PRADESH",201001,"Sumit Kumar",,9654520054,NA,,"Mr.Haidar Ali (RIT)","UTTAR PRADESH",8090554271,"haidar,ali@utkarsh.bank",PO-22-11-011402,"Brother (Printer - LaserJet)","Brother- L2541DW",E73802G1N910505,"ICON TN-2365","ICON DR 2365",,,1,0.4,8000,0,"0000-00-00 00:00:00","0000-00-00 00:00:00","0000-00-00 00:00:00"
1523,Ujjain,West,"Plot No. 48,Kamla Nehru Marg,Freeganj,Ujjain Madhya Pradesh 456006",UJJAIN,"MADHYA PRADESH",456006,"Rakesh Gupta",,9836666978,branchhead.ujjain@utkarsh.bank,,"Mr. Neelish Soni (RIT)","MADHYA PRADESH",8090654540,neelesh.soni@utkarsh.bank,PO-24-09-010101,"Samsung (Printer - LaserJet)",MFD-SL-M2876ND,CNB1LDBX2W,,,"ICON 116L (Toner)","ICON 116L (Drum Unit)",3,0.4,0,0,"0000-00-00 00:00:00","0000-00-00 00:00:00","0000-00-00 00:00:00"
1523,Ujjain,West,"Plot No. 48,Kamla Nehru Marg,Freeganj,Ujjain Madhya Pradesh 456006",UJJAIN,"MADHYA PRADESH",456006,"Rakesh Gupta",,9836666978,branchhead.ujjain@utkarsh.bank,,"Mr. Neelish Soni (RIT)","MADHYA PRADESH",8090654540,neelesh.soni@utkarsh.bank,PO-22-12-012442,"Brother (Printer - LaserJet)","Brother- L2541DW",E73802J1N976363,"ICON TN-2365","ICON DR 2365",,,3,0.4,0,0,"0000-00-00 00:00:00","0000-00-00 00:00:00","0000-00-00 00:00:00"
1523,Ujjain,West,"Plot No. 48,Kamla Nehru Marg,Freeganj,Ujjain Madhya Pradesh 456006",UJJAIN,"MADHYA PRADESH",456006,"Rakesh Gupta",,9836666978,branchhead.ujjain@utkarsh.bank,,"Mr. Neelish Soni (RIT)","MADHYA PRADESH",8090654540,neelesh.soni@utkarsh.bank,PO-23-05-017644,"EPSON (Printer - Inktank)","EPSON M3170 EPIL",X5TW012221,,,INK-005,"Maintaince Box",3,0.4,0,0,"0000-00-00 00:00:00","0000-00-00 00:00:00","0000-00-00 00:00:00"
1525,Hajipur,Hajipur,"Flat No.G-1 ?Saryu Residency?, Baghmali Main Road, Town Hajipur, District: Vaishali, Bihar: 844101",VAISHALI,BIHAR,844101,"Ashutosh Kumar ",,7488022275,NA,,"Mr.Ajeet Kumar(RIT)",BIHAR,9608953407,ajeet.kumar@utkarsh.bank,PO-22-08-010097,"Samsung (Printer - LaserJet)",MFD-SL-M2876ND,CNB1LDBX2R,,,"ICON 116L (Toner)","ICON 116L (Drum Unit)",3,0.4,0,0,"0000-00-00 00:00:00","0000-00-00 00:00:00","0000-00-00 00:00:00"
1525,Hajipur,Hajipur,"Flat No.G-1 ?Saryu Residency?, Baghmali Main Road, Town Hajipur, District: Vaishali, Bihar: 844101",VAISHALI,BIHAR,844101,"Ashutosh Kumar ",,7488022275,NA,,"Mr.Ajeet Kumar(RIT)",BIHAR,9608953407,ajeet.kumar@utkarsh.bank,PO-23-11-023330,"EPSON (Printer - Inktank)","EPSON M3170 EPIL",X5TW012574,,,INK-005,"Maintaince Box",3,0.4,0,0,"0000-00-00 00:00:00","0000-00-00 00:00:00","0000-00-00 00:00:00"
1526,Aligarh,Aligarh,"Ground Floor, Municipal ?No.3/339A, Ramghat Road, Aligarh, UP- 202001",ALIGARH,"UTTAR PRADESH",202001,"Mayank Varshney",,9627015559,branchhead.aligarh@utkarsh.bank,,"Mr. Anil Kumar (RIT)","UTTAR PRADESH",7753811316,anil.yadav@utkarsh.bank,PO-23-04-016383,"Samsung (Printer - LaserJet)",MFD-SL-M2876ND,CNB1L8X4K5,,,"ICON 116L (Toner)","ICON 116L (Drum Unit)",3,0.4,0,0,"0000-00-00 00:00:00","0000-00-00 00:00:00","0000-00-00 00:00:00"
1527,Chandigarh,Chandigarh,"Ground Floor, S.C.O.-42, Sector-18 D, Chandigarh-160018",CHANDIGARH,CHANDIGARH,160018,MUSKAN,,8837531057,bm.chandigarh@utkarsh.bank,,"Mr. Jogindar Kumar (RIT)",UTTARAKHAND,9896984436,Joginder@utkarsh.bank,PO-23-06-018147,"Samsung (Printer - LaserJet)",MFD-SL-M2876ND,CNB1L8X4L3,,,"ICON 116L (Toner)","ICON 116L (Drum Unit)",3,0.4,0,0,"0000-00-00 00:00:00","0000-00-00 00:00:00","0000-00-00 00:00:00"
1528,Gwalior,West,"Plot No. C-8, Alaknanda Tower-II,City Centre,Gwalior,Madhya Pradesh, PIN - 474011
",GWALIOR,"MADHYA PRADESH",474011,"Nishant ",,9981130990,branchhead.gwalior@utkarsh.bank,,"Mr. Neelish Soni (RIT)","MADHYA PRADESH",8090654540,neelesh.soni@utkarsh.bank,PO-24-09-010101,"Samsung (Printer - LaserJet)",MFD-SL-M2876ND,CNB1LDBWWT,,,"ICON 116L (Toner)","ICON 116L (Drum Unit)",3,0.4,8000,0,"0000-00-00 00:00:00","0000-00-00 00:00:00","0000-00-00 00:00:00"
1528,Gwalior,West,"Plot No. C-8, Alaknanda Tower-II,City Centre,Gwalior,Madhya Pradesh, PIN - 474011
",GWALIOR,"MADHYA PRADESH",474011,"Nishant ",,9981130990,branchhead.gwalior@utkarsh.bank,,"Mr. Neelish Soni (RIT)","MADHYA PRADESH",8090654540,neelesh.soni@utkarsh.bank,PO-22-12-012442,"Brother (Printer - LaserJet)","Brother- L2541DW",E73802J1N978760,"ICON TN-2365","ICON DR 2365",,,3,0.4,0,0,"0000-00-00 00:00:00","0000-00-00 00:00:00","0000-00-00 00:00:00"
1528,Gwalior,West,"Plot No. C-8, Alaknanda Tower-II,City Centre,Gwalior,Madhya Pradesh, PIN - 474011
",GWALIOR,"MADHYA PRADESH",474011,"Nishant ",,9981130990,branchhead.gwalior@utkarsh.bank,,"Mr. Neelish Soni (RIT)","MADHYA PRADESH",8090654540,neelesh.soni@utkarsh.bank,PO-24-09-010101,"Samsung (Printer - LaserJet)",MFD-SL-M2876ND,ZD5HB8KKCC00THP-CNB1LDBWW9,,,"ICON 116L (Toner)","ICON 116L (Drum Unit)",3,0,0,0,"0000-00-00 00:00:00","0000-00-00 00:00:00","0000-00-00 00:00:00"
1529,Bhillai,"Durg Division","A-8, Uttar Gangotri, G.E Road, Supela, Bhilai, Durg, Chattisgarh: 490023",DURG,CHHATTISGARH,490023,"Jyoti Mishra/Ankit Jain",,6232102190/9754328609,NA,,"Mr. Neelish Soni (RIT)","MADHYA PRADESH",8090654540,neelesh.soni@utkarsh.bank,PO-24-09-010111,"Samsung (Printer - LaserJet)",MFD-SL-M2876ND,"ZD5HB8KK9D02FCB- CNB2LBFWKF",,,"ICON 116L (Toner)","ICON 116L (Drum Unit)",3,0,0,0,"0000-00-00 00:00:00","0000-00-00 00:00:00","0000-00-00 00:00:00"
1530,"Sakchi, Jamshedpur","Sakchi, Jamshedpur","TISCO lease holding No. 66, Pennar Road, New Planning Area, Sakchi, Jamshedpur District: East Singhbhum, Jharkhand-831001","EAST SINGHBUM",JHARKHAND,831001,"Abhishek Sharma",,9122071000,NA,,"Mr. Tapas Barik & Mr. Nitin Kumar (RIT)",JHARKHAND,9337513317/9608295625,tapas.barikh@utkarsh.bank,PO-23-04-016383,"Samsung (Printer - LaserJet)",MFD-SL-M2876ND,CNB1L9T5YC,,,"ICON 116L (Toner)","ICON 116L (Drum Unit)",3,0.4,0,0,"0000-00-00 00:00:00","0000-00-00 00:00:00","0000-00-00 00:00:00"
1530,"Sakchi, Jamshedpur","Sakchi, Jamshedpur","TISCO lease holding No. 66, Pennar Road, New Planning Area, Sakchi, Jamshedpur District: East Singhbhum, Jharkhand-831001","EAST SINGHBUM",JHARKHAND,831001,"Abhishek Sharma",,9122071000,NA,,"Mr. Tapas Barik & Mr. Nitin Kumar (RIT)",JHARKHAND,9337513317/9608295625,tapas.barikh@utkarsh.bank,PO-23-06-018154,"Samsung (Printer - LaserJet)",MFD-SL-M2876ND,CNB1LDBX2Q,,,"ICON 116L (Toner)","ICON 116L (Drum Unit)",3,0,0,0,"0000-00-00 00:00:00","0000-00-00 00:00:00","0000-00-00 00:00:00"
1532,Jaipur,Jaipur,"Ground Floor, Aarcade Mall , Plot No. K-12, Malviya Marg, C-Scheme, Jaipur-302005",JAIPUR,RAJASTHAN,302005,"Anurag Vyas",,9012699694,NA,,"Mr Ramesh (RIT)",DELHI,7060504211,ramesh.kumar@utkarsh.bank,PO-22-08-009422,"Samsung (Printer - LaserJet)",MFD-SL-M2876ND,CNB2L8FWKM,,,"ICON 116L (Toner)","ICON 116L (Drum Unit)",3,0.4,0,0,"0000-00-00 00:00:00","0000-00-00 00:00:00","0000-00-00 00:00:00"
1532,Jaipur,Jaipur,"Ground Floor, Aarcade Mall , Plot No. K-12, Malviya Marg, C-Scheme, Jaipur-302005",JAIPUR,RAJASTHAN,302005,"Anurag Vyas",,9012699694,NA,,"Mr Ramesh (RIT)",DELHI,7060504211,ramesh.kumar@utkarsh.bank,PO-22-01-013291,"EPSON (Printer - Inktank)","EPSON M3170 EPIL",X5TW009620,,,INK-005,"Maintaince Box",3,0,0,0,"0000-00-00 00:00:00","0000-00-00 00:00:00","0000-00-00 00:00:00"
1533,"Sohna Road, Gurugram","Sohna Road, Gurugram","Ground Floor , Shop No.03 (ATM) ?& Shop no. 06 (Branch) , ?Ninex City Mart, Sector-49,? Sohna Road, Gurugram, PIN-122018",GURUGRAM,HARYANA,122018,"Shankho Bhattacharya",,8368799544,NA,,"Mr.Haidar Ali (RIT)","UTTAR PRADESH",8090554271,"haidar,ali@utkarsh.bank",PO-22-9-010098,"Samsung (Printer - LaserJet)",MFD-SL-M2876ND,"CNB1L9T51K & ZD5HB8KK9C036WP",,,"ICON 116L (Toner)","ICON 116L (Drum Unit)",3,0.4,0,0,"0000-00-00 00:00:00","0000-00-00 00:00:00","0000-00-00 00:00:00"
1534,Vadodara,Vadodara,"Ground Floor,Shop no.01 and4th FloorShopno.3 at Purv Prime,RSno.177-2T.P. Scheme no2,F.P. 308,NathubhaiCircle,Gotri MainRoad,VadodaraGujarat PIN- 390021 Vadodara-1534, 390021",VADODARA,GUJARAT,390021,"Bhaveshkumar R Dhobi",,9879888858,operationsmanager.vadodara@utkarsh.bank,,"Mr. Rahul Chauhan (RIT)",GUJARAT,7021828776,rahul.chauhan1@utkarsh.bank,PO-21-02-003977,"HP (Printer - LaserJet)","MFP M72630",CNB1LD90ZN,,,"ICON W1002YC",,1,0.5,0,6000,"0000-00-00 00:00:00","0000-00-00 00:00:00","0000-00-00 00:00:00"
1534,Vadodara,Vadodara,"Ground Floor,Shop no.01 and4th FloorShopno.3 at Purv Prime,RSno.177-2T.P. Scheme no2,F.P. 308,NathubhaiCircle,Gotri MainRoad,VadodaraGujarat PIN- 390021 Vadodara-1534, 390021",VADODARA,GUJARAT,390021,"Bhaveshkumar R Dhobi",,9879888858,operationsmanager.vadodara@utkarsh.bank,,"Mr. Rahul Chauhan (RIT)",GUJARAT,7021828776,rahul.chauhan1@utkarsh.bank,PO-22-09-010112,"Samsung (Printer - LaserJet)",MFD-SL-M2876ND,ZD5HB8KM2C001JL,,,"ICON 116L (Toner)","ICON 116L (Drum Unit)",3,0.4,0,0,"0000-00-00 00:00:00","0000-00-00 00:00:00","0000-00-00 00:00:00"
1535,"Munshi Pulia, Lucknow II","Munshi Pulia, Lucknow II","Upper Ground Floor, Shop no. 20,21,23,24,25,26 and 27 , Plot no. 16/C.P./103, Regal Plaza Complex, Munshi Pulia ,Sector-16, Indira Nagar, Lucknow, Uttar Pradesh, PIN- 226016",LUCKNOW,"UTTAR PRADESH",226016,"Raghvendra P Singh",,9953768786,NA,,"Mr.Haidar Ali (RIT)","UTTAR PRADESH",8090554271,"haidar,ali@utkarsh.bank",PO-23-04-016383,"Samsung (Printer - LaserJet)",MFD-SL-M2876ND,CNB2M1GXLJ,,,"ICON 116L (Toner)","ICON 116L (Drum Unit)",3,0.4,0,0,"0000-00-00 00:00:00","0000-00-00 00:00:00","0000-00-00 00:00:00"
1535,"Munshi Pulia, Lucknow II","Munshi Pulia, Lucknow II","Upper Ground Floor, Shop no. 20,21,23,24,25,26 and 27 , Plot no. 16/C.P./103, Regal Plaza Complex, Munshi Pulia ,Sector-16, Indira Nagar, Lucknow, Uttar Pradesh, PIN- 226016",LUCKNOW,"UTTAR PRADESH",226016,"Raghvendra P Singh",,9953768786,NA,,"Mr.Haidar Ali (RIT)","UTTAR PRADESH",8090554271,"haidar,ali@utkarsh.bank",PO-22-01-013029,"HP (Printer - LaserJet)","HP-M226DW- MFP",CNBRPBFFR9,,,"ICON 88A",,3,0.4,0,0,"0000-00-00 00:00:00","0000-00-00 00:00:00","0000-00-00 00:00:00"
1536,Mathura,Mathura,"Ojal Mall, Upper Ground Floor, 167/181 Gurunanak Nagar, Junction Road, Mathura, Uttar Pradesh- 281001",MATHURA,"UTTAR PRADESH",281001,"Hemant Kumar ",,8317043636,branchhead.mathura@utkarsh.bank,,"Mr. Anil Kumar (RIT)","UTTAR PRADESH",7753811316,anil.yadav@utkarsh.bank,PO-23-04-016383,"Samsung (Printer - LaserJet)",MFD-SL-M2876ND,"CNB1L9S5ZS & ZD5HB8KK9D024VD",,,"ICON 116L (Toner)","ICON 116L (Drum Unit)",3,0.4,0,0,"0000-00-00 00:00:00","0000-00-00 00:00:00","0000-00-00 00:00:00"
1537,"Bhubaneswar Gb","Bhubaneswar Gb","N6/323 |IRC Village | Jaydev Vihar |Bhubaneswar| Odisha-751015",KHORDHA,ODISHA,751015,"Upendra Sahoo",,7581033390,NA,,"Mr. Sanjay Kumar Mishra (RIT)",ODISHA,9853679830,sanjay.mishra@utkarsh.bank,PO-22-08-010105,"Samsung (Printer - LaserJet)",MFD-SL-M2876ND,CNB3M4H0NW,,,"ICON 116L (Toner)","ICON 116L (Drum Unit)",3,0.4,0,0,"0000-00-00 00:00:00","0000-00-00 00:00:00","0000-00-00 00:00:00"
1537,"Bhubaneswar Gb","Bhubaneswar Gb","N6/323 |IRC Village | Jaydev Vihar |Bhubaneswar| Odisha-751015",KHORDHA,ODISHA,751015,"Upendra Sahoo",,7581033390,NA,,"Mr. Sanjay Kumar Mishra (RIT)",ODISHA,9853679830,sanjay.mishra@utkarsh.bank,PO-22-12-012103,"Brother (Printer - LaserJet)","Brother- L2541DW",E73802J1N978273,"ICON TN-2365","ICON DR 2365",,,3,0.4,0,0,"0000-00-00 00:00:00","0000-00-00 00:00:00","0000-00-00 00:00:00"
1538,"Panipat, Haryana","Karnal Division","932-935, New Geeta Colony, G.T. Karnal Road, Panipat, Haryana-132103",PANIPAT,HARYANA,132103,"Rajat Dhawan",,9996004836,NA,,"Mr.Haidar Ali (RIT)","UTTAR PRADESH",8090554271,"haidar,ali@utkarsh.bank",PO-22-9-010098,"Samsung (Printer - LaserJet)",MFD-SL-M2876ND,CNB1L9W5BG,,,"ICON 116L (Toner)","ICON 116L (Drum Unit)",3,0,0,0,"0000-00-00 00:00:00","0000-00-00 00:00:00","0000-00-00 00:00:00"
1539,"Fasizabad GB",Gorakhpur,"3/1/156 II Niyawan Road Rekabganj Chauraha II Faizabad II Uttar Pradesh-224001",AYODHYA,"UTTAR PRADESH",224001,"Mahesh Chaurashiya",,8860920250,branchhead.faizabad@utkarsh.bank,,"Mr.Haidar Ali (RIT)","UTTAR PRADESH",8090554271,"haidar,ali@utkarsh.bank",PO-23-04-016383,"Samsung (Printer - LaserJet)",MFD-SL-M2876ND,CNB1L955ZV,,,"ICON 116L (Toner)","ICON 116L (Drum Unit)",3,0,0,0,"0000-00-00 00:00:00","0000-00-00 00:00:00","0000-00-00 00:00:00"
1540,"Surat, Gujarat","Surat, Gujarat","Ground Floor, Shop No.2, Sundaram Space, Sagrampura, Hanumansheri, Ring Road, Surat-395008, Gujarat, SURAT, Surat - 1540, 395008",SURAT,GUJARAT,395008,"Nikam Sanjaykumar Dhanaji",,9978193112,operationsmanager.surat@utkarsh.bank,,"Mr. Rahul Chauhan (RIT)",GUJARAT,7021828776,rahul.chauhan1@utkarsh.bank,PO-22-09-010112,"Samsung (Printer - LaserJet)",MFD-SL-M2876ND,CNB1L7N3WB,,,"ICON 116L (Toner)","ICON 116L (Drum Unit)",3,0.4,0,0,"0000-00-00 00:00:00","0000-00-00 00:00:00","0000-00-00 00:00:00"
1541,Ahmedabad,Ahmedabad,"	
601-602 , 6th Floor, SPG Empressa, Opp. LG Showroom, B/s-Passport Seva Kendra, Nr.Mithakhali Six Roads,Ahmedabad-380009",AHMADABAD,GUJARAT,380009,"Saurabh Bhardwaj / Krupa Keyur Parikh",,9760072422,"branchhead.ahmedabad@utkarsh.bank / msmecso.ahmedabad@utkarsh.bank",,"Mr. Rahul Chauhan (RIT)",GUJARAT,7021828776,rahul.chauhan1@utkarsh.bank,PO-22-09-010112,"Samsung (Printer - LaserJet)",MFD-SL-M2876ND,CNB1L7W3X7,,,"ICON 116L (Toner)","ICON 116L (Drum Unit)",3,0.4,0,0,"0000-00-00 00:00:00","0000-00-00 00:00:00","0000-00-00 00:00:00"
1541,Ahmedabad,Ahmedabad,"	
601-602 , 6th Floor, SPG Empressa, Opp. LG Showroom, B/s-Passport Seva Kendra, Nr.Mithakhali Six Roads,Ahmedabad-380009",AHMADABAD,GUJARAT,380009,"Saurabh Bhardwaj / Krupa Keyur Parikh",,9760072422,"branchhead.ahmedabad@utkarsh.bank / msmecso.ahmedabad@utkarsh.bank",,"Mr. Rahul Chauhan (RIT)",GUJARAT,7021828776,rahul.chauhan1@utkarsh.bank,PO-21-02-003977,"HP (Printer - LaserJet)","MFP M72630",CNB1M2QHDC,,,"ICON W1002YC",,1,0.5,0,6000,"0000-00-00 00:00:00","0000-00-00 00:00:00","0000-00-00 00:00:00"
1542,"Greater Hyderabad ","Hyderabad South East Division","7-1-58 , Concourse House , Ameerpet, Opp. Lal Bunglow, Green Park Hotel road, Hyderabad, Telangana- 500012",HYDERABAD,TELANGANA,500012,"K Balraj ",,7525015422,NA,,"Mr. Imran Sharif K.S (RIT)",TELANGANA,9840451965,imran.shariff@utkarsh.bank,PO-22-08-009423,"Samsung (Printer - LaserJet)",MFD-SL-M2876ND,CNB16954JF,,,"ICON 116L (Toner)","ICON 116L (Drum Unit)",3,0,0,0,"0000-00-00 00:00:00","0000-00-00 00:00:00","0000-00-00 00:00:00"
1542,"Greater Hyderabad ","Hyderabad South East Division","7-1-58 , Concourse House , Ameerpet, Opp. Lal Bunglow, Green Park Hotel road, Hyderabad, Telangana- 500012",HYDERABAD,TELANGANA,500012,"K Balraj ",,7525015422,NA,,"Mr. Imran Sharif K.S (RIT)",TELANGANA,9840451965,imran.shariff@utkarsh.bank,PO-23-12-024963,"Kyocera (Printer - LaserJet)","Kyocera FS 2040 DN",VYB2X08999,"ICON TK-1178",DK-1150,,,3,0.4,0,0,"0000-00-00 00:00:00","0000-00-00 00:00:00","0000-00-00 00:00:00"
1543,"Azamgarh GB",Gorakhpur,"Ground Floor, Das Complex, House No. 433, Civil Lines, Tehsil Sadar, Azamgarh (UP), Pin-276001",AZAMGARH,"UTTAR PRADESH",276001,"Praveen Singh",,7844055487,branchhead.azamgarh@utkarsh.bank,,"Mr.Haidar Ali (RIT)","UTTAR PRADESH",8090554271,"haidar,ali@utkarsh.bank",PO-23-04-016383,"Samsung (Printer - LaserJet)",MFD-SL-M2876ND,CNB2M3FMSP,,,"ICON 116L (Toner)","ICON 116L (Drum Unit)",3,0.4,0,0,"0000-00-00 00:00:00","0000-00-00 00:00:00","0000-00-00 00:00:00"
1544,"Giridih GB","Giridih GB","Ground Floor, Holding No. 324, Ward No. 14, Court Road, P.O. & P.S. Giridih, Jharkhand:815301",GIRIDIH,JHARKHAND,815301,"Maheshwer Sahu",,9835598693,NA,,"Mr. Tapas Barik & Mr. Nitin Kumar (RIT)",JHARKHAND,9337513317/9608295625,tapas.barikh@utkarsh.bank,PO-23-06-018154,"Samsung (Printer - LaserJet)",MFD-SL-M2876ND,CNB2M4JR7Z,,,"ICON 116L (Toner)","ICON 116L (Drum Unit)",3,0.4,0,0,"0000-00-00 00:00:00","0000-00-00 00:00:00","0000-00-00 00:00:00"
1545,Guwahati,Guwahati,"Ground Floor, House No. 28, Opposite Zet Travels, A.M. Road, Manipuri Basti, P.O. Ulubari, P.S. Paltan Bazar, Guwahat:781007","KAMRUP METRO",ASSAM,781007,"Indrajit Sharma",,9854441113,NA,,"Mr.Tapas Kumar Barikh(RIT)","WEST BENGAL",9337513317,tapas.barikh@utkarsh.bank,PO-22-09-010116,"Samsung (Printer - LaserJet)",MFD-SL-M2876ND,CNB3M492FH,,,"ICON 116L (Toner)","ICON 116L (Drum Unit)",3,0.4,0,0,"0000-00-00 00:00:00","0000-00-00 00:00:00","0000-00-00 00:00:00"
1545,Guwahati,Guwahati,"Ground Floor, House No. 28, Opposite Zet Travels, A.M. Road, Manipuri Basti, P.O. Ulubari, P.S. Paltan Bazar, Guwahat:781007","KAMRUP METRO",ASSAM,781007,"Indrajit Sharma",,9854441113,NA,,"Mr.Tapas Kumar Barikh(RIT)","WEST BENGAL",9337513317,tapas.barikh@utkarsh.bank,PO-21-03-004116,"Kyocera (Printer - LaserJet)","Kyocera FS 2040 DN",VYBOX50289,"ICON TK-1178",DK-1150,,,1,0,0,0,"0000-00-00 00:00:00","0000-00-00 00:00:00","0000-00-00 00:00:00"
1546,Raebareli,Raebareli,"Upper Ground Floor, Commercial Plot no. 2, Feroz Gandhi Nagar, Raebareli- 229001","RAE BARELI","UTTAR PRADESH",229001,"Awadhesh srivastava",,9450278883,branchhead.raebareli@utkarsh.bank,,"Mr. Anil Kumar (RIT)","UTTAR PRADESH",7753811316,anil.yadav@utkarsh.bank,PO-23-04-016383,"Samsung (Printer - LaserJet)",MFD-SL-M2876ND,CNB1L9S5ZN,,,"ICON 116L (Toner)","ICON 116L (Drum Unit)",3,0.4,0,0,"0000-00-00 00:00:00","0000-00-00 00:00:00","0000-00-00 00:00:00"
1547,Pune,Pune,"Pune Branch: Showroom No. 1, Kapil Classic CHS ,Ground Floor, Survey No. 288/1A/1 Part, Baner Road, Pune, Maharashtra 411007",PUNE,MAHARASHTRA,411007,"Gaurav Gajanan Katkar",,9158157755,operationsmanager.pune@utkarsh.bank,,"Mr. Rahul Chauhan (RIT) & Mr. Kamal (RIT)",MAHARASHTRA,7021828776/7525048585,rahul.chauhan1@utkarsh.bank,PO-22-11-011518,"HP (Printer - LaserJet)","MFP M72625",CNB1N1FO15,,,"ICON W1002YC",,1,0.5,0,6000,"0000-00-00 00:00:00","0000-00-00 00:00:00","0000-00-00 00:00:00"
1547,Pune,Pune,"Pune Branch: Showroom No. 1, Kapil Classic CHS ,Ground Floor, Survey No. 288/1A/1 Part, Baner Road, Pune, Maharashtra 411007",PUNE,MAHARASHTRA,411007,"Gaurav Gajanan Katkar",,9158157755,operationsmanager.pune@utkarsh.bank,,"Mr. Rahul Chauhan (RIT) & Mr. Kamal (RIT)",MAHARASHTRA,7021828776/7525048585,rahul.chauhan1@utkarsh.bank,PO-22-08-010102,"Samsung (Printer - LaserJet)",MFD-SL-M2876ND,CNB3M491JJ,,,"ICON 116L (Toner)","ICON 116L (Drum Unit)",3,0.4,0,0,"0000-00-00 00:00:00","0000-00-00 00:00:00","0000-00-00 00:00:00"
1548,"Kolkata Behala","Kolkata Behala","Ground Floor, 35 Santosh Roy Road, On James Long Sarani, Sakher Bazar Kolkata: 700008",KOLKATA,"WEST BENGAL",700008,"Susmita Mukherjee",,9836462427,NA,,"Mr.Tapas Kumar Barikh(RIT)","WEST BENGAL",9337513317,tapas.barikh@utkarsh.bank,PO-22-08-009427,"Samsung (Printer - LaserJet)",MFD-SL-M2876ND,CNB1L9M5FF,,,"ICON 116L (Toner)","ICON 116L (Drum Unit)",3,0.4,0,0,"0000-00-00 00:00:00","0000-00-00 00:00:00","0000-00-00 00:00:00"
1549,Bilashpur,West,"Ground Floor Plot No. 8/415 next to Bank of India, Rajendra Nagar Square, Link Road, District Bilaspur,State - Chhattisgarh, PIN- 495001
",BILASPUR,CHHATTISGARH,495001,"Kamla Pandey",,7697477727,operationsmanager.bilaspur@utkarsh.bank,,"Mr. Neelish Soni (RIT)","MADHYA PRADESH",8090654540,neelesh.soni@utkarsh.bank,PO-23-05-017640,"EPSON (Printer - Inktank)","EPSON M3170 EPIL",X5TW011306,,,INK-005,"Maintaince Box",3,0.4,8000,0,"0000-00-00 00:00:00","0000-00-00 00:00:00","0000-00-00 00:00:00"
1549,Bilashpur,West,"Ground Floor Plot No. 8/415 next to Bank of India, Rajendra Nagar Square, Link Road, District Bilaspur,State - Chhattisgarh, PIN- 495001
",BILASPUR,CHHATTISGARH,495001,"Kamla Pandey",,7697477727,operationsmanager.bilaspur@utkarsh.bank,,"Mr. Neelish Soni (RIT)","MADHYA PRADESH",8090654540,neelesh.soni@utkarsh.bank,PO-24-09-010111,"Samsung (Printer - LaserJet)",MFD-SL-M2876ND,ZD5HB8KK9D02G1K-CNB1L9T5YL,,,"ICON 116L (Toner)","ICON 116L (Drum Unit)",3,0,0,0,"0000-00-00 00:00:00","0000-00-00 00:00:00","0000-00-00 00:00:00"
1550,Rohtak,Rohtak,"Ground Floor, Balmev Plaza,
F-236, Delhi Road, Model Town, Rohtak,Haryana- 124001",ROHTAK,HARYANA,124001,"NANCY GULATI",,9511115502,NA,,"Mr.Haidar Ali (RIT)","UTTAR PRADESH",8090554271,"haidar,ali@utkarsh.bank",PO-22-9-010098,"Samsung (Printer - LaserJet)",MFD-SL-M2876ND,CNB1L9T5Y9,,,"ICON 116L (Toner)","ICON 116L (Drum Unit)",3,0.4,0,0,"0000-00-00 00:00:00","0000-00-00 00:00:00","0000-00-00 00:00:00"
1551,"Saharanpur,","Saharanpur, Uttar Pradesh","Ground Floor, 2A/2390, Mohalla ? Ramnagar Pathanpura, Near Clock Tower, Saharanpur, Uttar Pradesh-247001",SAHARANPUR,"UTTAR PRADESH",247001,"Satakshi Sharma",,8171588688,branchhead.saharanpur@utkarsh.bank,,"Mr. Anil Kumar (RIT)","UTTAR PRADESH",7753811316,anil.yadav@utkarsh.bank,PO-23-04-016383,"Samsung (Printer - LaserJet)",MFD-SL-M2876ND,CNB2M4BLDM,,,"ICON 116L (Toner)","ICON 116L (Drum Unit)",3,0.4,0,0,"0000-00-00 00:00:00","0000-00-00 00:00:00","0000-00-00 00:00:00"
1552,"Mall Road, Kanpur-2","Mall Road, Kanpur-2","Ground Floor, House No. 17/14B & 17/14C The Mall Road, Near Phool Bagh Chauraha, Kanpur-208001","KANPUR NAGAR","UTTAR PRADESH",208001,Sumit,,8299532079,operationsmanager.mallroad@utkarsh.bank,,"Mr. Anil Kumar (RIT)","UTTAR PRADESH",7753811316,anil.yadav@utkarsh.bank,PO-23-04-016383,"Samsung (Printer - LaserJet)",MFD-SL-M2876ND,CNB1M2CQ0V,,,"ICON 116L (Toner)","ICON 116L (Drum Unit)",3,0.4,0,0,"0000-00-00 00:00:00","0000-00-00 00:00:00","0000-00-00 00:00:00"
1553,"Mirzapur UP",Mirzapur,"Address:- House No-8, Near Abhay Mandir, Dankeenganj,Mirzapur, Uttar Pradesh, Pin-231001",MIRZAPUR,"UTTAR PRADESH",231001,"Anubhaw Kumar",,8826577269,branchhead.mirzapur@utkarsh.bank,,"Mr. Anil Kumar (RIT)","UTTAR PRADESH",7753811316,anil.yadav@utkarsh.bank,PO-23-04-016383,"Samsung (Printer - LaserJet)",MFD-SL-M2876ND,CNB1L9M5F1,,,"ICON 116L (Toner)","ICON 116L (Drum Unit)",3,0.4,0,0,"0000-00-00 00:00:00","0000-00-00 00:00:00","0000-00-00 00:00:00"
1553,"Mirzapur UP",Mirzapur,"Address:- House No-8, Near Abhay Mandir, Dankeenganj,Mirzapur, Uttar Pradesh, Pin-231001",MIRZAPUR,"UTTAR PRADESH",231001,"Anubhaw Kumar",,8826577269,branchhead.mirzapur@utkarsh.bank,,"Mr. Anil Kumar (RIT)","UTTAR PRADESH",7753811316,anil.yadav@utkarsh.bank,PO-23-05-017661,"Brother (Printer - LaserJet)","Brother- L2541DW",E73802A2N243026,"ICON TN-2365","ICON DR 2365",,,3,0.4,0,0,"0000-00-00 00:00:00","0000-00-00 00:00:00","0000-00-00 00:00:00"
1554,"Thane, Maharashtra","Thane, Maharashtra","Utkarsh Small Finance Bank, Shop No-1, Yashwant Building, Gokhale Road,
Naupada, Thane - 400602, THANE, Thane -1554, 400602",THANE,MAHARASHTRA,400602,"Mukesh Ramker Maurya",,9820208236,operationsmanager.thane@utkarsh.bank,,"Mr. Rahul Chauhan (RIT) & Mr. Kamal (RIT)",MAHARASHTRA,7021828776/7525048585,rahul.chauhan1@utkarsh.bank,PO-21-11-001564,"HP (Printer - LaserJet)","MFP M72630",CNB1M7C02Y,,,"ICON W1002YC",,1,0.4,0,0,"0000-00-00 00:00:00","0000-00-00 00:00:00","0000-00-00 00:00:00"
1554,"Thane, Maharashtra","Thane, Maharashtra","Utkarsh Small Finance Bank, Shop No-1, Yashwant Building, Gokhale Road,
Naupada, Thane - 400602, THANE, Thane -1554, 400602",THANE,MAHARASHTRA,400602,"Mukesh Ramker Maurya",,9820208236,operationsmanager.thane@utkarsh.bank,,"Mr. Rahul Chauhan (RIT) & Mr. Kamal (RIT)",MAHARASHTRA,7021828776/7525048585,rahul.chauhan1@utkarsh.bank,PO-22-08-010102,"Samsung (Printer - LaserJet)",MFD-SL-M2876ND,CNB2M2N6KG,,,"ICON 116L (Toner)","ICON 116L (Drum Unit)",3,0.4,0,0,"0000-00-00 00:00:00","0000-00-00 00:00:00","0000-00-00 00:00:00"
1555,Jhansi,Jhansi,"Ground Floor, Shobha Complex, New House no. 1968, (Old House no. 1984), Plot no. 06, part of? Bungalow no 358, Ward no. 42 , Arazi No. 213B, Civil Lines, Near Elite Chauraha, Jhansi, 284001 Uttar Pradesh",JHANSI,"UTTAR PRADESH",284001,"Jitendra Kumar ",,9555336700,branchhead.jhansi@utkarsh.bank,,"Mr. Anil Kumar (RIT)","UTTAR PRADESH",7753811316,anil.yadav@utkarsh.bank,PO-23-04-016383,"Samsung (Printer - LaserJet)",MFD-SL-M2876ND,CNB2M4BLDW,,,"ICON 116L (Toner)","ICON 116L (Drum Unit)",3,0.4,0,0,"0000-00-00 00:00:00","0000-00-00 00:00:00","0000-00-00 00:00:00"
1555,Jhansi,Jhansi,"Ground Floor, Shobha Complex, New House no. 1968, (Old House no. 1984), Plot no. 06, part of? Bungalow no 358, Ward no. 42 , Arazi No. 213B, Civil Lines, Near Elite Chauraha, Jhansi, 284001 Uttar Pradesh",JHANSI,"UTTAR PRADESH",284001,"Jitendra Kumar ",,9555336700,branchhead.jhansi@utkarsh.bank,,"Mr. Anil Kumar (RIT)","UTTAR PRADESH",7753811316,anil.yadav@utkarsh.bank,PO-22-12-012449,"Brother (Printer - LaserJet)","Brother- L2541DW",E73802J1N976336,"ICON TN-2365","ICON DR 2365",,,3,0.4,0,0,"0000-00-00 00:00:00","0000-00-00 00:00:00","0000-00-00 00:00:00"
1555,Jhansi,Jhansi,"Ground Floor, Shobha Complex, New House no. 1968, (Old House no. 1984), Plot no. 06, part of? Bungalow no 358, Ward no. 42 , Arazi No. 213B, Civil Lines, Near Elite Chauraha, Jhansi, 284001 Uttar Pradesh",JHANSI,"UTTAR PRADESH",284001,"Jitendra Kumar ",,9555336700,branchhead.jhansi@utkarsh.bank,,"Mr. Anil Kumar (RIT)","UTTAR PRADESH",7753811316,anil.yadav@utkarsh.bank,PO-22-12-012449,"Brother (Printer - LaserJet)","Brother- L2541DW",E73802J1N976345,"ICON TN-2365","ICON DR 2365",,,3,0,0,0,"0000-00-00 00:00:00","0000-00-00 00:00:00","0000-00-00 00:00:00"
1556,"Nerul,Navi Mumbai","Nerul,Navi Mumbai"," Ramakrishna Niwas, Shop No. l & 2, Ground Floor, Plot No. 46 & 47, Sector - 40,?Nerul, Navi Mumbai - 400706",THANE,MAHARASHTRA,400706,"Smita Sahu",,8169429300,operationsmanager.nerul@utkarsh.bank,,"Mr. Rahul Chauhan (RIT) & Mr. Kamal (RIT)",MAHARASHTRA,7021828776/7525048585,rahul.chauhan1@utkarsh.bank,PO-22-08-010102,"Samsung (Printer - LaserJet)",MFD-SL-M2876ND,CNB1LDC7H5,,,"ICON 116L (Toner)","ICON 116L (Drum Unit)",3,0.4,0,0,"0000-00-00 00:00:00","0000-00-00 00:00:00","0000-00-00 00:00:00"
1557,"Krishna Nagar, Delhi","Krishna Nagar, Delhi","Ground Floor, F-28, Krishna Nagar, Near Vijay Chowk, Delhi-110032",SHAHDARA,DELHI,110032,"Prathana Baruah",,9702132229,NA,,"Mr Ramesh (RIT)",DELHI,7060504211,ramesh.kumar@utkarsh.bank,PO-22-08-010104,"Samsung (Printer - LaserJet)",MFD-SL-M2876ND,"CNB2L8ZXM5 & ZD5HB8KK8D00MBE",,,"ICON 116L (Toner)","ICON 116L (Drum Unit)",3,0.4,0,0,"0000-00-00 00:00:00","0000-00-00 00:00:00","0000-00-00 00:00:00"
1558,"Prashant Vihar, New Delhi","Prashant Vihar, New Delhi","Ground Floor, D-13, Prashant Vihar, Delhi-110085","NORTH WEST",DELHI,110085,"Gaurav Aggarwal",,9871738900,NA,,"Mr Ramesh (RIT)",DELHI,7060504211,ramesh.kumar@utkarsh.bank,PO-23-04-016383,"Samsung (Printer - LaserJet)",MFD-SL-M2876ND,CNB2L8ZWQG,,,"ICON 116L (Toner)","ICON 116L (Drum Unit)",3,0.4,0,0,"0000-00-00 00:00:00","0000-00-00 00:00:00","0000-00-00 00:00:00"
1559,"Doctor's Colony, Kankarbagh","Doctor's Colony, Kankarbagh","Ground Floor, Plot. No. C-34, Patrakar Nagar, Doctors Colony Road Post-Lohia Nagar, Thana-Patrakar Nagar, District-Patna, State-Bihar, PIN- 800001",PATNA,BIHAR,800001,"Shailesh Thakur",,9939831649,NA,,"Mr.Shantanu Kanth(RIT)",BIHAR,7635093755,shantanu.kanth@utkarsh.bank,PO-22-08-010097,"Samsung (Printer - LaserJet)",MFD-SL-M2876ND,CNB3M4G5X6,,,"ICON 116L (Toner)","ICON 116L (Drum Unit)",3,0.4,0,0,"0000-00-00 00:00:00","0000-00-00 00:00:00","0000-00-00 00:00:00"
1560,"Chandigarh-2,","Chandigarh-2,","Ground Floor,SCO-378 Sector-37 D, Chandigarh-160036",CHANDIGARH,CHANDIGARH,160036,GANESH,,7355490481,Branchhead.chandigarj@utkarsh.bank,,"Mr. Jogindar Kumar (RIT)",UTTARAKHAND,9896984436,Joginder@utkarsh.bank,PO-22-09-010109,"Samsung (Printer - LaserJet)",MFD-SL-M2876ND,CNB2M4LHSP,,,"ICON 116L (Toner)","ICON 116L (Drum Unit)",3,0.4,4000,0,"0000-00-00 00:00:00","0000-00-00 00:00:00","0000-00-00 00:00:00"
1560,"Chandigarh-2,","Chandigarh-2,","Ground Floor,SCO-378 Sector-37 D, Chandigarh-160036",CHANDIGARH,CHANDIGARH,160036,GANESH,,7355490481,Branchhead.chandigarj@utkarsh.bank,,"Mr. Jogindar Kumar (RIT)",UTTARAKHAND,9896984436,Joginder@utkarsh.bank,PO-23-08-020514,"EPSON (Printer - Inktank)","EPSON M3170 EPIL",X5TW015504,,,INK-005,"Maintaince Box",3,0.4,0,0,"0000-00-00 00:00:00","0000-00-00 00:00:00","0000-00-00 00:00:00"
1561,"Jaipur-2, Rajasthan","Jaipur-2, Rajasthan","Ground Floor, Sara Tower, A-490, Amarpali Road, Near Nursery Circle, 
Vaishali Nagar, Jaipur.
Rajasthan, PIN- 302021",JAIPUR,RAJASTHAN,302021,#N/A,,#N/A,NA,,"Mr Ramesh (RIT)",DELHI,7060504211,ramesh.kumar@utkarsh.bank,PO-22-08-009422,"Samsung (Printer - LaserJet)",MFD-SL-M2876ND,CNB1M2CPQN,,,"ICON 116L (Toner)","ICON 116L (Drum Unit)",3,0.4,0,0,"0000-00-00 00:00:00","0000-00-00 00:00:00","0000-00-00 00:00:00"
1562,Amritsar,Amritsar,"Ground Floor, 29, Kennedy Avenue, Court Road, Amritsar, Punjab, PIN-143001",AMRITSAR,PUNJAB,143001,"Sunil Kumar",,8882103606,NA,,"Mr Ramesh (RIT)",DELHI,7060504211,ramesh.kumar@utkarsh.bank,PO-22-09-009421,"Samsung (Printer - LaserJet)",MFD-SL-M2876ND,CNB2M4P8DH,,,"ICON 116L (Toner)","ICON 116L (Drum Unit)",3,0.4,0,0,"0000-00-00 00:00:00","0000-00-00 00:00:00","0000-00-00 00:00:00"
1562,Amritsar,Amritsar,"Ground Floor, 29, Kennedy Avenue, Court Road, Amritsar, Punjab, PIN-143001",AMRITSAR,PUNJAB,143001,"Sunil Kumar",,8882103606,NA,,"Mr Ramesh (RIT)",DELHI,7060504211,ramesh.kumar@utkarsh.bank,PO-22-12-012447,"Brother (Printer - LaserJet)","Brother- L2541DW",E73802J1N976342,"ICON TN-2365","ICON DR 2365",,,3,0.4,4000,0,"0000-00-00 00:00:00","0000-00-00 00:00:00","0000-00-00 00:00:00"
1563,Patiala,Patiala,"Ground Floor, Showroom No.101 & 102, D P Square, Chowk Leela Bhawan, Patiala, Punjab-147001",PATIALA,PUNJAB,147001,"Nitin Kumar",,9988755021,NA,,"Mr Ramesh (RIT)",DELHI,7060504211,ramesh.kumar@utkarsh.bank,PO-22-9-010098,"Samsung (Printer - LaserJet)",MFD-SL-M2876ND,CNB2M41GS3,,,"ICON 116L (Toner)","ICON 116L (Drum Unit)",3,0.4,0,0,"0000-00-00 00:00:00","0000-00-00 00:00:00","0000-00-00 00:00:00"
1564,Jodhpur,Jodhpur,"Ground Floor, B-30 & B-31, Akaliya Vikas Yojna, Akaliya Circle, Jodhpur, Rajasthan, PIN-342008",JODHPUR,RAJASTHAN,342008,"Salil Bhargava",,9953480127,NA,,"Mr Ramesh (RIT)",DELHI,7060504211,ramesh.kumar@utkarsh.bank,PO-22-08-009422,"Samsung (Printer - LaserJet)",MFD-SL-M2876ND,CNB7M4JRDY,,,"ICON 116L (Toner)","ICON 116L (Drum Unit)",3,0.4,0,0,"0000-00-00 00:00:00","0000-00-00 00:00:00","0000-00-00 00:00:00"
1565,"Maninagar, Ahmedabad","Maninagar, Ahmedabad"," G/4, Ashwamegh Pearl, Ground Floor, Near Sardar Patel Hospital, Rambaug Cross Road, Maninagar, Ahmedabad - 380008",AHMADABAD,GUJARAT,380008,"Ashish Kumar Sharma",,7988003984,operationsmanager.maninagar@utkarsh.bank,,"Mr. Rahul Chauhan (RIT)",GUJARAT,7021828776,rahul.chauhan1@utkarsh.bank,PO-22-08-010102,"Samsung (Printer - LaserJet)",MFD-SL-M2876ND,CNB2M41H3D,,,"ICON 116L (Toner)","ICON 116L (Drum Unit)",3,0.4,4000,0,"0000-00-00 00:00:00","0000-00-00 00:00:00","0000-00-00 00:00:00"
1566,"Vashi, Navi Mumbai","Vashi, Navi Mumbai"," Shiv Centre CHS Premises ., Shop Nos 34, 35, 44 & 45, Plot No 72, Vashi, Sector 17, Navi Mumbai - 400703",THANE,MAHARASHTRA,400703,"Shrawan Kumar Dwivedi",,9630048531,operationsmanager.vashi@utkarsh.bank,,"Mr. Rahul Chauhan (RIT) & Mr. Kamal (RIT)",MAHARASHTRA,7021828776/7525048585,rahul.chauhan1@utkarsh.bank,PO-22-08-010102,"Samsung (Printer - LaserJet)",MFD-SL-M2876ND,CNBKMDP1HF,,,"ICON 116L (Toner)","ICON 116L (Drum Unit)",3,0.4,4000,0,"0000-00-00 00:00:00","0000-00-00 00:00:00","0000-00-00 00:00:00"
1566,"Vashi, Navi Mumbai","Vashi, Navi Mumbai"," Shiv Centre CHS Premises ., Shop Nos 34, 35, 44 & 45, Plot No 72, Vashi, Sector 17, Navi Mumbai - 400703",THANE,MAHARASHTRA,400703,"Shrawan Kumar Dwivedi",,9630048531,operationsmanager.vashi@utkarsh.bank,,"Mr. Rahul Chauhan (RIT) & Mr. Kamal (RIT)",MAHARASHTRA,7021828776/7525048585,rahul.chauhan1@utkarsh.bank,PO-22-12-012443,"Brother (Printer - LaserJet)","Brother- L2541DW",E73802J1N978753,"ICON TN-2365","ICON DR 2365",,,3,0.4,0,0,"0000-00-00 00:00:00","0000-00-00 00:00:00","0000-00-00 00:00:00"
1567,"Deoghar, Jharkhand","Deoghar, Jharkhand","Ground Floor, Durga Tower, In front of Deoghar Nagar Nigam, Court Road, VIP Chowk, Deoghar State-Jharkhand, PIN-814112",DEOGHAR,JHARKHAND,814112,"Abhijit Chowdhury",,7763079603,NA,,"Mr. Tapas Barik & Mr. Nitin Kumar (RIT)",JHARKHAND,9337513317/9608295625,tapas.barikh@utkarsh.bank,PO-23-06-018154,"Samsung (Printer - LaserJet)",MFD-SL-M2876ND,CNB2M3MPD2,,,"ICON 116L (Toner)","ICON 116L (Drum Unit)",3,0.4,4000,0,"0000-00-00 00:00:00","0000-00-00 00:00:00","0000-00-00 00:00:00"
1569,Mohali,Mohali,"Ground floor, SCF No.109, Phase-7, Urban Estate, Mohali, State-Punjab, PIN-160059","S.A.S Nagar",PUNJAB,160059,AMRINDER,,8196004441,Branchhead.mohali@utkarsh.bank,,"Mr Ramesh (RIT)",DELHI,7060504211,ramesh.kumar@utkarsh.bank,PO-23-06-018147,"Samsung (Printer - LaserJet)",MFD-SL-M2876ND,CNB2M41HBX,,,"ICON 116L (Toner)","ICON 116L (Drum Unit)",3,0.4,4000,0,"0000-00-00 00:00:00","0000-00-00 00:00:00","0000-00-00 00:00:00"
1570,Nashik,Nashik," Siddhi Pooja Trade Centre, Shop No. 03, Plot No.10, Sr. No. 735 / B, Opposite BYK College, College Road, Nashik - 422005",NASHIK,MAHARASHTRA,422005,"Deepak Keda Aher",,9579256066,operationsmanager.nashik@utkarsh.bank,,"Mr. Rahul Chauhan (RIT) & Mr. Kamal (RIT)",MAHARASHTRA,7021828776/7525048585,rahul.chauhan1@utkarsh.bank,PO-23-04-016472,"HP (Printer - LaserJet)","MFP M72630",CNB1M4T22X,,,"ICON W1002YC",,1,0.5,0,6000,"0000-00-00 00:00:00","0000-00-00 00:00:00","0000-00-00 00:00:00"
1570,Nashik,Nashik," Siddhi Pooja Trade Centre, Shop No. 03, Plot No.10, Sr. No. 735 / B, Opposite BYK College, College Road, Nashik - 422005",NASHIK,MAHARASHTRA,422005,"Deepak Keda Aher",,9579256066,operationsmanager.nashik@utkarsh.bank,,"Mr. Rahul Chauhan (RIT) & Mr. Kamal (RIT)",MAHARASHTRA,7021828776/7525048585,rahul.chauhan1@utkarsh.bank,PO-22-08-010102,"Samsung (Printer - LaserJet)",MFD-SL-M2876ND,CNB3M4G6GP,,,"ICON 116L (Toner)","ICON 116L (Drum Unit)",3,0.4,0,0,"0000-00-00 00:00:00","0000-00-00 00:00:00","0000-00-00 00:00:00"
1571,Karnal,Karnal,"Ground Floor, Shop No.4, GTB Market, Ambedkar Chowk, Old G.T. Road, Diwan Colony, Karnal, Haryana-132001",KARNAL,HARYANA,132001,NEHA,,9760000207,branchhead.karnal@utkarsh.bank,,"Mr.Haidar Ali (RIT)","UTTAR PRADESH",8090554271,"haidar,ali@utkarsh.bank",PO-22-08-010104,"Samsung (Printer - LaserJet)",MFD-SL-M2876ND,CNB2M41H9C,,,"ICON 116L (Toner)","ICON 116L (Drum Unit)",3,0.4,0,0,"0000-00-00 00:00:00","0000-00-00 00:00:00","0000-00-00 00:00:00"
1572,"Ghodbunder Road,Thane","Ghodbunder Road,Thane"," Puranik Capitol, Ground Floor, Shop No 3, Opposite Hyper City, Ghodbunder Road, Kasarvadavali, G.B. Road, Thane West, Thane - 400615",THANE,MAHARASHTRA,400615,"Rajesh Mastram Pal ",,9819315399,operationsmanager.ghodbunder@utkarsh.bank,,"Mr. Rahul Chauhan (RIT) & Mr. Kamal (RIT)",MAHARASHTRA,7021828776/7525048585,rahul.chauhan1@utkarsh.bank,PO-22-08-010102,"Samsung (Printer - LaserJet)",MFD-SL-M2876ND,CNB3M4923N,,,"ICON 116L (Toner)","ICON 116L (Drum Unit)",3,0.4,4000,0,"0000-00-00 00:00:00","0000-00-00 00:00:00","0000-00-00 00:00:00"
1573,"Shivalik, New Delhi","Shivalik, New Delhi","B-5, Ground Floor, Shivalik, New Delhi-110017",SOUTH,DELHI,110017,"Pooja Chauhan",,9278275253,NA,,"Mr Ramesh (RIT)",DELHI,7060504211,ramesh.kumar@utkarsh.bank,PO-22-08-010104,"Samsung (Printer - LaserJet)",MFD-SL-M2876ND,"CNB1L9V5KB & ZD5HB8KK9C03T9W",,,"ICON 116L (Toner)","ICON 116L (Drum Unit)",3,0.4,8000,0,"0000-00-00 00:00:00","0000-00-00 00:00:00","0000-00-00 00:00:00"
1574,Jalandhar,Jalandhar,"Ground Floor, 613-L, Model Town, Jalandhar, Punjab -144003",JALANDHAR,PUNJAB,144003,"Gurdeep singh",,9041901484,Branchhead.jalandhar@utkarsh.bank,,"Mr Ramesh (RIT)",DELHI,7060504211,ramesh.kumar@utkarsh.bank,PO-23-06-018147,"HP (Printer - LaserJet)","HP LaserJet Pro MFP M227fdn",VNH3701907,,,"ICON CF 230A","ICON CF-232",3,0.4,4000,0,"0000-00-00 00:00:00","0000-00-00 00:00:00","0000-00-00 00:00:00"
1574,Jalandhar,Jalandhar,"Ground Floor, 613-L, Model Town, Jalandhar, Punjab -144003",JALANDHAR,PUNJAB,144003,"Gurdeep singh",,9041901484,Branchhead.jalandhar@utkarsh.bank,,"Mr Ramesh (RIT)",DELHI,7060504211,ramesh.kumar@utkarsh.bank,"PO-23-09-021635 ","EPSON (Printer - Inktank)","EPSON M3170 EPIL",X5TW011572,,,INK-005,"Maintaince Box",3,0.4,0,0,"0000-00-00 00:00:00","0000-00-00 00:00:00","0000-00-00 00:00:00"
1575,"Vivek Vihar","Vivek Vihar","Ground Floor, D-210, Vivek Vihar, DELHI-110092",EAST,DELHI,110092,"Divya Gupta/Sakshi",,8303873966,NA,,"Mr Ramesh (RIT)",DELHI,7060504211,ramesh.kumar@utkarsh.bank,PO-22-08-010104,"HP (Printer - LaserJet)","HP LaserJet Pro MFP M227fdn",VNH3702626,,,"ICON CF 230A","ICON CF-232",3,0.4,4000,0,"0000-00-00 00:00:00","0000-00-00 00:00:00","0000-00-00 00:00:00"
1575,"Vivek Vihar","Vivek Vihar","Ground Floor, D-210, Vivek Vihar, DELHI-110092",EAST,DELHI,110092,"Divya Gupta/Sakshi",,8303873966,NA,,"Mr Ramesh (RIT)",DELHI,7060504211,ramesh.kumar@utkarsh.bank,PO-23-11-023342,"EPSON (Printer - Inktank)","EPSON M3170 EPIL",X5TW011623,,,INK-005,"Maintaince Box",3,0,8000,0,"0000-00-00 00:00:00","0000-00-00 00:00:00","0000-00-00 00:00:00"
1575,"Vivek Vihar","Vivek Vihar","Ground Floor, D-210, Vivek Vihar, DELHI-110092",EAST,DELHI,110092,"Divya Gupta/Sakshi",,8303873966,NA,,"Mr Ramesh (RIT)",DELHI,7060504211,ramesh.kumar@utkarsh.bank,"Awaiting PO","EPSON (Printer - Inktank)","EPSON M3170 EPIL",X5TW015525,,,INK-005,"Maintaince Box",3,0.4,0,0,"0000-00-00 00:00:00","0000-00-00 00:00:00","0000-00-00 00:00:00"
1576,"Shahjahapur GB",Gorakhpur,"Ground Floor, Station Road, Civil Lines, Shahjahanpur, Uttar Pradesh, India,Pin-242001",SHAHJAHANPUR,"UTTAR PRADESH",242001,"Nikhil Varma",,9897518884,branchhead.shahjahanpur@utkarsh.bank,,"Mr.Haidar Ali (RIT)","UTTAR PRADESH",8090554271,"haidar,ali@utkarsh.bank",PO-23-05-017661,"Brother (Printer - LaserJet)","Brother- L2541DW",E73802A2N240923,"ICON TN-2365","ICON DR 2365",,,3,0.4,0,0,"0000-00-00 00:00:00","0000-00-00 00:00:00","0000-00-00 00:00:00"
1576,"Shahjahapur GB",Gorakhpur,"Ground Floor, Station Road, Civil Lines, Shahjahanpur, Uttar Pradesh, India,Pin-242001",SHAHJAHANPUR,"UTTAR PRADESH",242001,"Nikhil Varma",,9897518884,branchhead.shahjahanpur@utkarsh.bank,,"Mr.Haidar Ali (RIT)","UTTAR PRADESH",8090554271,"haidar,ali@utkarsh.bank",PO-23-04-016383,"HP (Printer - LaserJet)","HP LaserJet Pro MFP M227fdn",VNL3F01455,,,"ICON CF 230A","ICON CF-232",3,0.4,0,0,"0000-00-00 00:00:00","0000-00-00 00:00:00","0000-00-00 00:00:00"
1577,"SHALIMAR BAGH ","SHALIMAR BAGH ","Ground Floor, 38, Block-AG, Shalimar Bagh, New Delhi -110088",NORTH,DELHI,110088,Bhvan,,9911373782,NA,,"Mr Ramesh (RIT)",DELHI,7060504211,ramesh.kumar@utkarsh.bank,PO-23-06-018150,"HP (Printer - LaserJet)","HP LaserJet Pro MFP M227fdn",VNH3702629,,,"ICON CF 230A","ICON CF-232",3,0.4,4000,0,"0000-00-00 00:00:00","0000-00-00 00:00:00","0000-00-00 00:00:00"
1578,"Sushant Lok","Sushant Lok","The Peach Tree, Ground Floor, GF-19, ?C- Block, Sushant Lok Phase-1, Gurugram, Haryana, PIN-122002",GURUGRAM,HARYANA,122002,"Sarajeet Kaur",,8699121388,NA,,"Mr.Haidar Ali (RIT)","UTTAR PRADESH",8090554271,"haidar,ali@utkarsh.bank",PO-23-06-018152,"HP (Printer - LaserJet)","HP LaserJet Pro MFP M227fdn",VNL3F01421,,,"ICON CF 230A","ICON CF-232",3,0.4,0,0,"0000-00-00 00:00:00","0000-00-00 00:00:00","0000-00-00 00:00:00"
1579,"Borivali (West)","Borivali (West)","Ground Floor: Shop no 7, Abhilasha 2, Punjabi Lane, Borivali West, Mumbai ?? 400092","MUMBAI SUBURBAN",MAHARASHTRA,400092,"Patel Zeba Abdul Salam",,9773856727,operationsmanager.borivaliwest@utkarsh.bank,,"Mr. Rahul Chauhan (RIT) & Mr. Kamal (RIT)",MAHARASHTRA,7021828776/7525048585,rahul.chauhan1@utkarsh.bank,PO-22-12-012443,"Brother (Printer - LaserJet)","Brother- L2541DW",E73802J1N978783,"ICON TN-2365","ICON DR 2365",,,3,0.4,0,0,"0000-00-00 00:00:00","0000-00-00 00:00:00","0000-00-00 00:00:00"
1581,Almora,"Raipur Division","CHHATTISGARH Raipur, RAIPUR, Regional Office-Raipur-17, 493661 .",RAIPUR,CHHATTISGARH,493661,#N/A,,#N/A,NA,,"Mr. Neelish Soni (RIT)","MADHYA PRADESH",8090654540,neelesh.soni@utkarsh.bank,PO-21-03-004115,"Kyocera (Printer - LaserJet)","Kyocera FS 2040 DN",VYB0948839,"ICON TK-1178",DK-1150,,,1,0,4000,0,"0000-00-00 00:00:00","0000-00-00 00:00:00","0000-00-00 00:00:00"
1581,Almora,"Raipur Division","CHHATTISGARH Raipur, RAIPUR, Regional Office-Raipur-17, 493661 .",RAIPUR,CHHATTISGARH,493661,#N/A,,#N/A,NA,,"Mr. Neelish Soni (RIT)","MADHYA PRADESH",8090654540,neelesh.soni@utkarsh.bank,PO-21-03-004113,"Kyocera (Printer - LaserJet)","Kyocera FS 2040 DN",VYB0948874,"ICON TK-1178",DK-1150,,,1,0.4,0,2500,"0000-00-00 00:00:00","0000-00-00 00:00:00","0000-00-00 00:00:00"
1582,BARDHAMAN,BARDHAMAN,"GROUND FLR BISWA AVA COMPLEX BARDHAMAN G T ROAD WB PIN 713101","PURBA BARDHAMAN","WEST BENGAL",713101,"BAIDYANATH BHANDARI",,9734766042,NA,,"Mr.Tapas Kumar Barikh(RIT)","WEST BENGAL",9337513317,tapas.barikh@utkarsh.bank,PO-21-03-004113,"EPSON (Printer - Inktank)","EPSON M3170 EPIL",X5TW015773,,,INK-005,"Maintaince Box",3,0,4000,0,"0000-00-00 00:00:00","0000-00-00 00:00:00","0000-00-00 00:00:00"
1584,Kotdwar,"Pauri Division","Upper Ground Floor, Pacific Complex, opposite ICICI Bank, Khata no.66,
Khet no. 132-1, village- Sitabpur, Patti- Sukhrow, Devi Road, Kotdwar,
Uttarakhand PIN- 246149, Kotdwar, Kotdwar, 246149 .","PAURI GARHWAL",UTTARAKHAND,246149,#N/A,,#N/A,NA,,"Mr. Jogindar Kumar (RIT)",UTTARAKHAND,9896984436,Joginder@utkarsh.bank,PO-21-03-004115,"Kyocera (Printer - LaserJet)","Kyocera FS 2040 DN",VYB0948843,"ICON TK-1178",DK-1150,,,1,0,4000,0,"0000-00-00 00:00:00","0000-00-00 00:00:00","0000-00-00 00:00:00"
1586,"Indore 2",West,"997 Sudama Nagar Phooti Kothi Sqaure Indore  Madhya Pradesh. 452009",INDORE,"MADHYA PRADESH",452009,"Dhruv Khandelwal",,7489463902,NA,,"Mr. Neelish Soni (RIT)","MADHYA PRADESH",8090654540,neelesh.soni@utkarsh.bank,PO-23-06-018155,"HP (Printer - LaserJet)","HP LaserJet Pro MFP M227fdn",ESY1009B3743,,,"ICON CF 230A","ICON CF-232",3,0.4,0,0,"0000-00-00 00:00:00","0000-00-00 00:00:00","0000-00-00 00:00:00"
1586,"Indore 2",West,"997 Sudama Nagar Phooti Kothi Sqaure Indore  Madhya Pradesh. 452009",INDORE,"MADHYA PRADESH",452009,"Dhruv Khandelwal",,7489463902,NA,,"Mr. Neelish Soni (RIT)","MADHYA PRADESH",8090654540,neelesh.soni@utkarsh.bank,PO-21-03-004117,"Kyocera (Printer - LaserJet)","Kyocera FS 2040 DN",VYB0X49562,"ICON TK-1178",DK-1150,,,1,0.4,4000,2500,"0000-00-00 00:00:00","0000-00-00 00:00:00","0000-00-00 00:00:00"
1586,"Indore 2",West,"997 Sudama Nagar Phooti Kothi Sqaure Indore  Madhya Pradesh. 452009",INDORE,"MADHYA PRADESH",452009,"Dhruv Khandelwal",,7489463902,NA,,"Mr. Neelish Soni (RIT)","MADHYA PRADESH",8090654540,neelesh.soni@utkarsh.bank,PO-23-11-023386,"EPSON (Printer - Inktank)","EPSON M3170 EPIL",X5TW010976,,,INK-005,"Maintaince Box",3,0.4,4000,0,"0000-00-00 00:00:00","0000-00-00 00:00:00","0000-00-00 00:00:00"
1586,"Indore 2",West,"997 Sudama Nagar Phooti Kothi Sqaure Indore  Madhya Pradesh. 452009",INDORE,"MADHYA PRADESH",452009,"Dhruv Khandelwal",,7489463902,NA,,"Mr. Neelish Soni (RIT)","MADHYA PRADESH",8090654540,neelesh.soni@utkarsh.bank,PO-23-05-017644,"Samsung (Printer - LaserJet)",MFD-SL-M2876ND,ZDE4BJFJ30005GV,,,"ICON 116L (Toner)","ICON 116L (Drum Unit)",3,0.4,4000,0,"0000-00-00 00:00:00","0000-00-00 00:00:00","0000-00-00 00:00:00"
1587,Rourkela,Rourkela,"Upper Ground Floor,Tulsi Complex Opp. Amrit Ganga,Panposh Road,Rourkela District ? Sundargarh,State ? Odisha, Pin - 769012",SUNDARGARH,ODISHA,769012,"Gouttam Rohidas",,7894450765,NA,,"Mr. Sanjay Kumar Mishra (RIT)",ODISHA,9853679830,sanjay.mishra@utkarsh.bank,PO-21-03-004120,"Kyocera (Printer - LaserJet)","Kyocera FS 2040 DN",VYB0Z55832,"ICON TK-1178",DK-1150,,,1,0.4,4000,2500,"0000-00-00 00:00:00","0000-00-00 00:00:00","0000-00-00 00:00:00"
1588,Ludhiana,Ludhiana,"PLOT NO-04 MUNICIPAL NO B-26-4 NEW LAJPAT NAGAR PAKHOWAL ROAD LUDHIANAN PUNJAB-141002",LUDHIANA,PUNJAB,141002,"Pankaj Lamba",,9315693535,NA,,"Mr Ramesh (RIT)",DELHI,7060504211,ramesh.kumar@utkarsh.bank,PO-21-03-004119,"Kyocera (Printer - LaserJet)","Kyocera FS 2040 DN",VYB09484597,"ICON TK-1178",DK-1150,,,1,0.4,4000,2500,"0000-00-00 00:00:00","0000-00-00 00:00:00","0000-00-00 00:00:00"
1589,"Mulund West","Mumbai City North East Division"," Shop no 12 C, Ground floor Unit No 103 A 1st
Floor, Shankar Dhan Plaza, M M Road - Nahur Road, Sarvodaya Nagar,
Mulund (West) - 400080, Mumbai, Mulund West - 1589, 400080","MUMBAI SUBURBAN",MAHARASHTRA,400080,"Bhavisha Ashok Joshi",,7021709472,NA,,"Mr. Rahul Chauhan (RIT) & Mr. Kamal (RIT)",MAHARASHTRA,7021828776/7525048585,rahul.chauhan1@utkarsh.bank,PO-22-08-010102,"HP (Printer - LaserJet)","HP LaserJet Pro MFP M227fdn",VNL3F01810,,,"ICON CF 230A","ICON CF-232",3,0,0,0,"0000-00-00 00:00:00","0000-00-00 00:00:00","0000-00-00 00:00:00"
1589,"Mulund West","Mumbai City North East Division"," Shop no 12 C, Ground floor Unit No 103 A 1st
Floor, Shankar Dhan Plaza, M M Road - Nahur Road, Sarvodaya Nagar,
Mulund (West) - 400080, Mumbai, Mulund West - 1589, 400080","MUMBAI SUBURBAN",MAHARASHTRA,400080,"Bhavisha Ashok Joshi",,7021709472,NA,,"Mr. Rahul Chauhan (RIT) & Mr. Kamal (RIT)",MAHARASHTRA,7021828776/7525048585,rahul.chauhan1@utkarsh.bank,PO-21-03-004849,"Kyocera (Printer - LaserJet)","Kyocera FS 2040 DN",VYB1157336,"ICON TK-1178",DK-1150,,,1,0.4,0,2500,"0000-00-00 00:00:00","0000-00-00 00:00:00","0000-00-00 00:00:00"
1590,"Baramunda GB","Baramunda GB","Shop No.-6,CITY Mart, Ground Floor, BARAMUNDA, Housing Board Colony, Near Parries  Bakery Bhubaneswar | Odisha |India | PIN -751003",KHORDHA,ODISHA,751003,#N/A,,#N/A,NA,,"Mr. Sanjay Kumar Mishra (RIT)",ODISHA,9853679830,sanjay.mishra@utkarsh.bank,PO-21-03-004120,"Kyocera (Printer - LaserJet)","Kyocera FS 2040 DN",VYB0948865,"ICON TK-1178",DK-1150,,,1,0.4,0,2500,"0000-00-00 00:00:00","0000-00-00 00:00:00","0000-00-00 00:00:00"
1591,"Sector-16 Faridabad","Faridabad Division","Shop No.1, 3, 5 & 7, Ground Floor, SCO No.90, Sector-16, Faridabad,
Haryana-121006, FARIDABAD, Sector-16 Faridabad, 121006 .",FARIDABAD,HARYANA,121006,Ajay,,7982784910,NA,,"Mr.Haidar Ali (RIT)","UTTAR PRADESH",8090554271,"haidar,ali@utkarsh.bank",PO-21-03-004121,"Kyocera (Printer - LaserJet)","Kyocera FS 2040 DN",VYB0948464,"ICON TK-1178",DK-1150,,,1,0,0,0,"0000-00-00 00:00:00","0000-00-00 00:00:00","0000-00-00 00:00:00"
1592,"Rashbehari Avenue
Kolkata - 1592","South Kolkata Division"," Ground Floor, 135, G.S.P Mukharjee Road,
Kalighat, Kolkata-700026, KOLKATA, Rashbehari Avenue Kolkata - 1592,
700026 .",KOLKATA,"WEST BENGAL",700026,"Subhasish Das",,6290054997/7044300000,NA,,"Mr.Tapas Kumar Barikh(RIT)","WEST BENGAL",9337513317,tapas.barikh@utkarsh.bank,PO-21-03-004850,"Kyocera (Printer - LaserJet)","Kyocera FS 2040 DN",VYB1157733,"ICON TK-1178",DK-1150,,,1,0,0,0,"0000-00-00 00:00:00","0000-00-00 00:00:00","0000-00-00 00:00:00"
1592,"Rashbehari Avenue
Kolkata - 1592","South Kolkata Division"," Ground Floor, 135, G.S.P Mukharjee Road,
Kalighat, Kolkata-700026, KOLKATA, Rashbehari Avenue Kolkata - 1592,
700026 .",KOLKATA,"WEST BENGAL",700026,"Subhasish Das",,6290054997/7044300000,NA,,"Mr.Tapas Kumar Barikh(RIT)","WEST BENGAL",9337513317,tapas.barikh@utkarsh.bank,PO-23-09-021608,"EPSON (Printer - Inktank)","EPSON M3170 EPIL",X5TW011602,,,INK-005,"Maintaince Box",3,0.4,0,0,"0000-00-00 00:00:00","0000-00-00 00:00:00","0000-00-00 00:00:00"
1593,"Kolhapur Main GB","Rest of Maharashtra","Ground Floor Shop, No 2 and Stilt Floor Office No. 3, Amogh Metil Residency , CS No 1680, E Ward, Rajarampuri, 9th Lane, Kolhapur, Maharashtra, India-416008",KOLHAPUR,MAHARASHTRA,416008,"Mr. AVDHUT ASWALE",,9922903577,NA,,"Mr. Rahul Chauhan (RIT) & Mr. Kamal (RIT)",MAHARASHTRA,7021828776/7525048585,rahul.chauhan1@utkarsh.bank,PO-21-03-004849,"Kyocera (Printer - LaserJet)","Kyocera FS 2040 DN",VYB1157716,"ICON TK-1178",DK-1150,,,1,0.4,0,2500,"0000-00-00 00:00:00","0000-00-00 00:00:00","0000-00-00 00:00:00"
1593,"Kolhapur Main GB","Rest of Maharashtra","Ground Floor Shop, No 2 and Stilt Floor Office No. 3, Amogh Metil Residency , CS No 1680, E Ward, Rajarampuri, 9th Lane, Kolhapur, Maharashtra, India-416008",KOLHAPUR,MAHARASHTRA,416008,"Mr. AVDHUT ASWALE",,9922903577,NA,,"Mr. Rahul Chauhan (RIT) & Mr. Kamal (RIT)",MAHARASHTRA,7021828776/7525048585,rahul.chauhan1@utkarsh.bank,PO-23-04-016472,"HP (Printer - LaserJet)","HP LJ MFP M436nda",CNB1MC8B6N,,,"ICON 56X/56A",,1,0.4,0,6000,"0000-00-00 00:00:00","0000-00-00 00:00:00","0000-00-00 00:00:00"
1594,Bhikiyasin,Bhikiyasin,"Ground Floor Plot No1918 &1919 Khatra No 14 Khasra No 09 Badrinath Road Near SBI Branch Bhikiyasin Dist-Almora Uttarakhand Pin-263637",ALMORA,UTTARAKHAND,263637,"Ashutosh Pant",,7310793452,NA,,"Mr. Jogindar Kumar (RIT)",UTTARAKHAND,9896984436,Joginder@utkarsh.bank,PO-21-03-004851,"Kyocera (Printer - LaserJet)","Kyocera FS 2040 DN",VYB1566281,"ICON TK-1178",DK-1150,,,1,0.4,0,2500,"0000-00-00 00:00:00","0000-00-00 00:00:00","0000-00-00 00:00:00"
1595,J.P.Nagar,"Bengaluru South Division","N A Chambers 2, 478, 6th Block, 80 feet Road, Koramangala, Bangaluru, PIn - 560095, BANGALORE URBAN, Koramangala - Bangalore - 1601, 560095","BENGALURU URBAN",KARNATAKA,560095,#N/A,,#N/A,NA,,"Mr. Imran Sharif K.S (RIT)",TELANGANA,9840451965,imran.shariff@utkarsh.bank,PO-23-01-025871,"Kyocera (Printer - LaserJet)","Kyocera FS 2040 DN",VYB2Y23307,"ICON TK-1178",DK-1150,,,3,0,0,0,"0000-00-00 00:00:00","0000-00-00 00:00:00","0000-00-00 00:00:00"
1596,"Ghatkopar East","Ghatkopar East","Utkarsh Small Finance Bank, Shop No 4 and 5 Ground Floor , Sai Vaibhav,R B Mehta Road, Vikrant Circle, Ghatkopar (E) Mumbai- 400077
Ghatkopar East - 1596, 400077","MUMBAI SUBURBAN",MAHARASHTRA,400077,"Jyotsna Santosh Patil",,8693837771,operationsmanager.ghatkopar@utkarsh.bank,,"Mr. Rahul Chauhan (RIT) & Mr. Kamal (RIT)",MAHARASHTRA,7021828776/7525048585,rahul.chauhan1@utkarsh.bank,PO-21-03-004849,"Kyocera (Printer - LaserJet)","Kyocera FS 2040 DN",VYB1157282,"ICON TK-1178",DK-1150,,,1,0.4,0,2500,"0000-00-00 00:00:00","0000-00-00 00:00:00","0000-00-00 00:00:00"
1608,"Varachha Surat","Varachha Surat","UPPER FLOOR J R PLAZA B/S CNG PUMPCHIKUWADI NANA VARACHHA SURAT-395006",SURAT,GUJARAT,395006,"Shalin Joseph Christian / Mukesh Dilip Patil",,8758917480,"branchhead.varacha@utkarsh.bank / mukesh.patil@utkarsh.bank",,"Mr. Rahul Chauhan (RIT)",GUJARAT,7021828776,rahul.chauhan1@utkarsh.bank,PO-21-02-003977,"HP (Printer - LaserJet)","MFP M72630",CNB1M2B1Q6,,,"ICON W1002YC",,1,0.5,0,6000,"0000-00-00 00:00:00","0000-00-00 00:00:00","0000-00-00 00:00:00"
1610,"Nanganallur GB","Nanganallur GB","Ground Floor, Plot no. 85, Muncipal Door no. 13, (Old no. 15), Near Sub-Registrar office, Nanganallur, 1st Main Road, Post-Nanganallur, Alandur, Dist.-Chennai, TN, PIN-600061",CHENNAI,"TAMIL NADU",600061,"Maria Micheal B",,8825696066,branchhead.nanganallur@utkarsh.bank,,"Mr. Imran Sharif K.S (RIT)",TELANGANA,9840451965,imran.shariff@utkarsh.bank,PO-22-12-012102,"Brother (Printer - LaserJet)","Brother- L2541DW",E73802J1N976357,"ICON TN-2365","ICON DR 2365",,,3,0.4,0,0,"0000-00-00 00:00:00","0000-00-00 00:00:00","0000-00-00 00:00:00"
1610,"Nanganallur GB","Nanganallur GB","Ground Floor, Plot no. 85, Muncipal Door no. 13, (Old no. 15), Near Sub-Registrar office, Nanganallur, 1st Main Road, Post-Nanganallur, Alandur, Dist.-Chennai, TN, PIN-600061",CHENNAI,"TAMIL NADU",600061,"Maria Micheal B",,8825696066,branchhead.nanganallur@utkarsh.bank,,"Mr. Imran Sharif K.S (RIT)",TELANGANA,9840451965,imran.shariff@utkarsh.bank,PO-23-01-025870,"Kyocera (Printer - LaserJet)","Kyocera FS 2040 DN",VYB2Y23167,"ICON TK-1178",DK-1150,,,3,0.4,0,0,"0000-00-00 00:00:00","0000-00-00 00:00:00","0000-00-00 00:00:00"
1612,"GTB Nagar Delhi ","Delhi North Division"," Ground Floor, 2000, Outram Lane, GTB Nagar,
Kinsway Camp, New Delhi - 110009, NEW DELHI, GTB Nagar Delhi - 1612,
110009",NORTH,DELHI,110009,#N/A,,#N/A,NA,,"Mr Ramesh (RIT)",DELHI,7060504211,ramesh.kumar@utkarsh.bank,PO-22-10-010380,"Kyocera (Printer - LaserJet)","Kyocera FS 2040 DN",VYB1666906,"ICON TK-1178",DK-1150,,,1,0,0,0,"0000-00-00 00:00:00","0000-00-00 00:00:00","0000-00-00 00:00:00"
1613,KALIKAPUR,KALIKAPUR,"Shop No- 1 and 2, Ground Floor, Premises No-19-C Jheel Road, Ward No- 92,Sahid Nagar, Kalikapur, City- Kolkata, West Bengal, Pin Code-700031",KOLKATA,"WEST BENGAL",700031,Mishra,,9044416132,NA,,"Mr.Tapas Kumar Barikh(RIT)","WEST BENGAL",9337513317,tapas.barikh@utkarsh.bank,PO-22-10-010382,"Kyocera (Printer - LaserJet)","Kyocera FS 2040 DN",VYB1462904,"ICON TK-1178",DK-1150,,,1,0.4,0,2500,"0000-00-00 00:00:00","0000-00-00 00:00:00","0000-00-00 00:00:00"
1614,Siliguri,"Darjeeling Division","Shop No. F-2, Upper Ground Floor, Diamond Plaza, 2nd Mile, Sevoke Road,
Siliguri, West Bengal-734001, DARJILING, Siliguri - 1614, 734001",DARJEELING,"WEST BENGAL",734001,#N/A,,#N/A,NA,,"Mr.Tapas Kumar Barikh(RIT)","WEST BENGAL",9337513317,tapas.barikh@utkarsh.bank,PO-22-10-010466,"Kyocera (Printer - LaserJet)","Kyocera FS 2040 DN",VYB9828642,"ICON TK-1178",DK-1150,,,1,0,0,0,"0000-00-00 00:00:00","0000-00-00 00:00:00","0000-00-00 00:00:00"
1615,"Jalna Road-Aurangabad -","Aurangabad Division","Showroom No. 3 and 4, Chetan Trade Centre, Jalna Road Aurangabad,
Maharashtra - 431001, AURANGABAD, Jalna Road-Aurangabad - 1615, 431001",AURANGABAD,MAHARASHTRA,431001,#N/A,,#N/A,NA,,"Mr. Rahul Chauhan (RIT) & Mr. Kamal (RIT)",MAHARASHTRA,7021828776/7525048585,rahul.chauhan1@utkarsh.bank,PO-22-10-010467,"Kyocera (Printer - LaserJet)","Kyocera FS 2040 DN",VYB1667594,"ICON TK-1178",DK-1150,,,1,0,0,0,"0000-00-00 00:00:00","0000-00-00 00:00:00","0000-00-00 00:00:00"
1616,"Sangli GB","Rest of Maharashtra","Shop no 1, Ground Floor, Om Chamber Near Ram Mandir Corner Punchmukhi Maruti Road Sangli Maharastra Pin 416416",SANGLI,MAHARASHTRA,416416,"Baruwan Sawant",,9503035538,branch.sangli@utkarsh.bank,,"Mr. Rahul Chauhan (RIT) & Mr. Kamal (RIT)",MAHARASHTRA,7021828776/7525048585,rahul.chauhan1@utkarsh.bank,PO-22-01-013026,"Brother (Printer - LaserJet)","Brother- L2541DW",E73802H1N928921,"ICON TN-2365","ICON DR 2365",,,1,0.4,0,0,"0000-00-00 00:00:00","0000-00-00 00:00:00","0000-00-00 00:00:00"
1617,"Sri Ganganagar","Sriganganagar Division","4-E-8, Ground Floor, Jawahar Nagar, Sri Ganganagar, Rajasthan - 335001,
GANGANAGAR, Sri Ganganagar - 1617, 335001 .",GANGANAGAR,RAJASTHAN,335001,#N/A,,#N/A,NA,,"Mr Ramesh (RIT)",DELHI,7060504211,ramesh.kumar@utkarsh.bank,PO-22-10-010468,"Kyocera (Printer - LaserJet)","Kyocera FS 2040 DN",VYB1772357,"ICON TK-1178",DK-1150,,,1,0,0,0,"0000-00-00 00:00:00","0000-00-00 00:00:00","0000-00-00 00:00:00"
1618,Vikaspuri,Vikaspuri,"G-152 Vikaspuri- New Delhi-110018",WEST,DELHI,110018,"Hunny Arora",,9650250887,NA,,"Mr Ramesh (RIT)",DELHI,7060504211,ramesh.kumar@utkarsh.bank,PO-22-11-011457,"Brother (Printer - LaserJet)","Brother- L2541DW",E73802G1N903805,"ICON TN-2365","ICON DR 2365",,,1,0.4,0,0,"0000-00-00 00:00:00","0000-00-00 00:00:00","0000-00-00 00:00:00"
1619,Hubli-Dharwad,Hubli-Dharwad,"Shop no. 04, Marvel Artiza, PB Road, Vidya Nagar,?Hubli, Karnataka State, India?580030",DHARWAD,KARNATAKA,580030,"Manoj Jambagi",,9920011248,branchhead.hubli@utkarsh.bank,,"Mr. Imran Sharif K.S (RIT)",TELANGANA,9840451965,imran.shariff@utkarsh.bank,PO-22-11-011458,"Brother (Printer - LaserJet)","Brother- L2541DW",E73802K1N128879,"ICON TN-2365","ICON DR 2365",,,1,0.4,0,0,"0000-00-00 00:00:00","0000-00-00 00:00:00","0000-00-00 00:00:00"
1620,"Vizag / Visakhapatnam","Vizag / Visakhapatnam","Ground floor Rednam Plaza, 2nd Lane, Dwarakanagar, Vishakhapatnam ? 530016",VISAKHAPATANAM,"ANDHRA PRADESH",530016,"Katika Chandrika",,9490606079,operationsmanager.visakhapatnam@utkarsh.bank,,"Mr. Imran Sharif K.S (RIT)",TELANGANA,9840451965,imran.shariff@utkarsh.bank,PO-22-01-013613,"EPSON (Printer - Inktank)","EPSON M3170 EPIL",X5TW011293,,,INK-005,"Maintaince Box",3,0.4,0,0,"0000-00-00 00:00:00","0000-00-00 00:00:00","0000-00-00 00:00:00"
1621,"Malleshwaram, Bangalore","Malleshwaram, Bangalore","No. 162 Margosa Road Malleshwaram Bangaluru -560003","BENGALURU URBAN",KARNATAKA,560003,"Akash H K?",,9686616801,branchhead.malleswaram@utkarsh.bank,,"Mr. Imran Sharif K.S (RIT)",TELANGANA,9840451965,imran.shariff@utkarsh.bank,PO-22-11-011458,"Brother (Printer - LaserJet)","Brother- L2541DW",E73802K1N128268,"ICON TN-2365","ICON DR 2365",,,1,0.4,0,0,"0000-00-00 00:00:00","0000-00-00 00:00:00","0000-00-00 00:00:00"
1622,Belgaum,Belgaum,"Ground Floor, Plot no. 44, 3rd main, 3rd cross Sadhashiv Nagar Belagavi Karnataka - 590001",BELAGAVI,KARNATAKA,590001,"Ganesh Bhajantri",,9844285087,branchhead.belgaum@utkarsh.bank,,"Mr. Imran Sharif K.S (RIT)",TELANGANA,9840451965,imran.shariff@utkarsh.bank,PO-22-11-011458,"Brother (Printer - LaserJet)","Brother- L2541DW",E73802K1N128283,"ICON TN-2365","ICON DR 2365",,,1,0.4,0,0,"0000-00-00 00:00:00","0000-00-00 00:00:00","0000-00-00 00:00:00"
1623,"Nikol Ahmedabad","Nikol Ahmedabad","Ground Floor Shop No.7 & 8 Meru Mount Plaza, Near Raspan Circle, Opp.Dev  Shrushti Flats, Nikol Ahmedabad - 382350",AHMADABAD,GUJARAT,382350,"Kirankumar Tulasidas Bhanushali",,8401015020,Operationsmanager.nikol@utkarsh.bank,,"Mr. Rahul Chauhan (RIT)",GUJARAT,7021828776,rahul.chauhan1@utkarsh.bank,PO-22-11-011459,"Brother (Printer - LaserJet)","Brother- L2541DW",E73802J1N978772,"ICON TN-2365","ICON DR 2365",,,1,0.4,0,0,"0000-00-00 00:00:00","0000-00-00 00:00:00","0000-00-00 00:00:00"
1624,GARIA,GARIA,"Garia Branch Kolkatta -700047",KOLKATA,"WEST BENGAL",700047,"Gouttam Rohidas",,7894450765,NA,,"Mr.Tapas Kumar Barikh(RIT)","WEST BENGAL",9337513317,tapas.barikh@utkarsh.bank,PO-22-11-011466,"Brother (Printer - LaserJet)","Brother- L2541DW",E73802G1N903811,"ICON TN-2365","ICON DR 2365",,,1,0.4,0,0,"0000-00-00 00:00:00","0000-00-00 00:00:00","0000-00-00 00:00:00"
1625,Dwarka,Dwarka,"226,Pocket A2, Sector 17,Dwarka -110075","SOUTH WEST",DELHI,110075,"Sanamdeep Singh Sidhu",,9899052642,NA,,"Mr Ramesh (RIT)",DELHI,7060504211,ramesh.kumar@utkarsh.bank,PO-22-11-011467,"Brother (Printer - LaserJet)","Brother- L2541DW",E73802G1N903816,"ICON TN-2365","ICON DR 2365",,,1,0.4,0,0,"0000-00-00 00:00:00","0000-00-00 00:00:00","0000-00-00 00:00:00"
1626,"Malad West","Malad West","Oscar Classic, shop no.2&3,40 Lourdes colony, Orlem Malad Mumbai-400064","MUMBAI SUBURBAN",MAHARASHTRA,400064,"Sayali Chandrakant Patil",,9930731695,operationsmanager.malad@utkarsh.bank,,"Mr. Rahul Chauhan (RIT) & Mr. Kamal (RIT)",MAHARASHTRA,7021828776/7525048585,rahul.chauhan1@utkarsh.bank,PO-22-12-012220,"EPSON (Printer - Inktank)","EPSON M3170 EPIL",X5TW011057,,,INK-005,"Maintaince Box",3,0.4,0,0,"0000-00-00 00:00:00","0000-00-00 00:00:00","0000-00-00 00:00:00"
1627,"Bhavnagar Gujarat","Bhavnagar Gujarat","Shop no-10, Gr. Floor, Radhesham Complex Oppsite Madhav Darshan Complex Waghawadi road,Bhavnagar-364002",BHAVNAGAR,GUJARAT,364002,"Doshi Sagar Hareshbhai",,7984887141,operationsmanager.bhavnagar@utkarsh.bank,,"Mr. Rahul Chauhan (RIT)",GUJARAT,7021828776,rahul.chauhan1@utkarsh.bank,PO-22-12-012219,"EPSON (Printer - Inktank)","EPSON M3170 EPIL",X5TW011300,,,INK-005,"Maintaince Box",3,0.4,0,0,"0000-00-00 00:00:00","0000-00-00 00:00:00","0000-00-00 00:00:00"
1628,"RS Puram Coimbatore","RS Puram Coimbatore","Ground floor 412, DB Road, RS Puram, Coimbatore, Tamil Nadu ?Pin - 641002",COIMBATORE,"TAMIL NADU",641002,"Manivannan Subramaniam",,9843042164,branchhead.rspuram@utkarsh.bank,,"Mr. Imran Sharif K.S (RIT)",TELANGANA,9840451965,imran.shariff@utkarsh.bank,PO-22-12-012227,"Brother (Printer - LaserJet)","Brother- L2541DW",E73802J1N978680,"ICON TN-2365","ICON DR 2365",,,3,0.4,0,0,"0000-00-00 00:00:00","0000-00-00 00:00:00","0000-00-00 00:00:00"
1628,"RS Puram Coimbatore","RS Puram Coimbatore","Ground floor 412, DB Road, RS Puram, Coimbatore, Tamil Nadu ?Pin - 641002",COIMBATORE,"TAMIL NADU",641002,"Manivannan Subramaniam",,9843042164,branchhead.rspuram@utkarsh.bank,,"Mr. Imran Sharif K.S (RIT)",TELANGANA,9840451965,imran.shariff@utkarsh.bank,PO-22-12-012227,"Brother (Printer - LaserJet)","Brother- L2541DW",E73802K1N126498,"ICON TN-2365","ICON DR 2365",,,3,0.4,0,0,"0000-00-00 00:00:00","0000-00-00 00:00:00","0000-00-00 00:00:00"
1629,"Jalgaon GB","Rest of Maharashtra","Ground Floor, Talreja Enclave, Adarsh Nagar, RTO Road, Jalgaon, Maharashtra, India-425002",JALGAON,MAHARASHTRA,425002,"Deepak chaohan sharma",,9975078578,bm.jalgaon@utkarsh.bank,,"Mr. Rahul Chauhan (RIT) & Mr. Kamal (RIT)",MAHARASHTRA,7021828776/7525048585,rahul.chauhan1@utkarsh.bank,PO-22-12-012497,"Brother (Printer - LaserJet)","Brother- L2541DW",E73802J1N978720,"ICON TN-2365","ICON DR 2365",,,3,0.4,0,0,"0000-00-00 00:00:00","0000-00-00 00:00:00","0000-00-00 00:00:00"
1630,"Akola GB","Rest of Maharashtra","Ground Floor, Holy cross Convent Road, Opp. Maruti Showroom, Akola, Maharashtra, India-444005",AKOLA,MAHARASHTRA,444005,"Mr. Abhijeet Digambar Balapure",,9922670813,bm.akola@utkarsh.bank,,"Mr. Rahul Chauhan (RIT) & Mr. Kamal (RIT)",MAHARASHTRA,7021828776/7525048585,rahul.chauhan1@utkarsh.bank,PO-22-12-012497,"Brother (Printer - LaserJet)","Brother- L2541DW",E73802J1N976362,"ICON TN-2365","ICON DR 2365",,,3,0.4,0,0,"0000-00-00 00:00:00","0000-00-00 00:00:00","0000-00-00 00:00:00"
1630,"Akola GB","Rest of Maharashtra","Ground Floor, Holy cross Convent Road, Opp. Maruti Showroom, Akola, Maharashtra, India-444005",AKOLA,MAHARASHTRA,444005,"Mr. Abhijeet Digambar Balapure",,9922670813,bm.akola@utkarsh.bank,,"Mr. Rahul Chauhan (RIT) & Mr. Kamal (RIT)",MAHARASHTRA,7021828776/7525048585,rahul.chauhan1@utkarsh.bank,PO-23-02-027064,"Kyocera (Printer - LaserJet)","Kyocera FS 2040 DN",VYB2Y23218,"ICON TK-1178",DK-1150,,,3,0,0,0,"0000-00-00 00:00:00","0000-00-00 00:00:00","0000-00-00 00:00:00"
1631,"Charkop Kandivali","Charkop Kandivali","Shop No 4 Charkop Four flight CHSL Plot No 241 RDP8 Charkop Kandivali
(West) Mumbai, Charkop Kandivali, Charkop Kandivali 1631, 400067","MUMBAI SUBURBAN",MAHARASHTRA,400067,"Mahendra Ramchandra Mhadaye",,8087971923,operationsmanager.kandivali@utkarsh.bank,,"Mr. Rahul Chauhan (RIT) & Mr. Kamal (RIT)",MAHARASHTRA,7021828776/7525048585,rahul.chauhan1@utkarsh.bank,PO-22-12-012497,"Brother (Printer - LaserJet)","Brother- L2541DW",E73802J1N978757,"ICON TN-2365","ICON DR 2365",,,3,0.4,0,0,"0000-00-00 00:00:00","0000-00-00 00:00:00","0000-00-00 00:00:00"
1632,Salem,Salem,"Upper Ground Floor, Kandaswarna Mega Mall, 26 Sharda College Road, Salem, Tamilnadu-636016",SALEM,"TAMIL NADU",636016,"Mugunthan D",,9151116321,branchhead.salem@utkarsh.bank,,"Mr. Imran Sharif K.S (RIT)",TELANGANA,9840451965,imran.shariff@utkarsh.bank,PO-22-12-012507,"EPSON (Printer - Inktank)","EPSON M3170 EPIL",X5TW011028,,,INK-005,"Maintaince Box",3,0.4,0,0,"0000-00-00 00:00:00","0000-00-00 00:00:00","0000-00-00 00:00:00"
1633,Jankipuram,Jankipuram," 
Upper Ground Floor, Shop no UGF-01 ,Guru Kripa Building, Plot no. CP-3, Sector- E,
Near Engineering College Road Chauraha, Sitapur Road Yojna, Jankipuram, Lucknow, UP,  PIN- 226021",LUCKNOW,"UTTAR PRADESH",226021,"Urvashi Gupta",,8960446785,NA,,"Mr.Haidar Ali (RIT)","UTTAR PRADESH",8090554271,"haidar,ali@utkarsh.bank",PO-22-12-012506,"Brother (Printer - LaserJet)","Brother- L2541DW",E73802J1N978784,"ICON TN-2365","ICON DR 2365",,,3,0.4,0,0,"0000-00-00 00:00:00","0000-00-00 00:00:00","0000-00-00 00:00:00"
1634,Rajkot,Rajkot,"Office Number: 5,6 &14 Ground Floor, Makers-1 Building, Opposite Mahatma
Gandhi Museum, Rajkot - 360003. Gujarat., RAJKOT, Rajkot-1634, 360003",RAJKOT,GUJARAT,360003,"Nikhil Raj Singh",,9962302600,operationsmanager.rajkot@utkarsh.bank,,"Mr. Rahul Chauhan (RIT)",GUJARAT,7021828776,rahul.chauhan1@utkarsh.bank,PO-22-01-013614,"EPSON (Printer - Inktank)","EPSON M3170 EPIL",X5TW011054,,,INK-005,"Maintaince Box",3,0.4,0,0,"0000-00-00 00:00:00","0000-00-00 00:00:00","0000-00-00 00:00:00"
1635," 
Kirti Nagar"," 
Kirti Nagar"," 
D-13, Ground Floor, Kirti Nagar, New Delhi, India, PIN - 110015",WEST,DELHI,110015,"Anshul Dubey",," 
97602558",NA,,"Mr Ramesh (RIT)",DELHI,7060504211,ramesh.kumar@utkarsh.bank,PO-22-01-013611,"EPSON (Printer - Inktank)","EPSON M3170 EPIL",X5TW009641,,,INK-005,"Maintaince Box",3,0.4,0,0,"0000-00-00 00:00:00","0000-00-00 00:00:00","0000-00-00 00:00:00"
1636,"Kukatpally Hyderabad","Kukatpally Hyderabad","HIG -218, Phase - 1 , Near Dhanlakshmi Centre, Road No. 2 KPHB Colony Hyderabad Pin - 500072","MEDCHAL MALKAJGIRI",TELANGANA,500072,"Poloju Mahesh Kumar",,8610845316,branchhead.kukatpally@utkarsh.bank,,"Mr. Imran Sharif K.S (RIT)",TELANGANA,9840451965,imran.shariff@utkarsh.bank,PO-22-01-013612,"EPSON (Printer - Inktank)","EPSON M3170 EPIL",X5TW011279,,,INK-005,"Maintaince Box",3,0.4,0,0,"0000-00-00 00:00:00","0000-00-00 00:00:00","0000-00-00 00:00:00"
1638,Ajmer,Ajmer,". uppor Ground Floor,Plot no.01 Situated at Dhobi ghat, Anna Sagar Circular Road, Near Master's Academy, Christian ganj, Vaishali Nagar, Ajmer, District-Ajmer state-Rajasthan,PIN-305001",AJMER,RAJASTHAN,305001,"NIDHI ACHARAYA",,8432408020,NA,,"Mr Ramesh (RIT)",DELHI,7060504211,ramesh.kumar@utkarsh.bank,PO-22-01-013615,"EPSON (Printer - Inktank)","EPSON M3170 EPIL",X5TW011244,,,INK-005,"Maintaince Box",3,0.4,0,0,"0000-00-00 00:00:00","0000-00-00 00:00:00","0000-00-00 00:00:00"
1639,"Santacruz Mumbai","Santacruz Mumbai"," :Utkarsh Small Finance Bank, Arun Coop Housing Society, Shop No 4 Ground Floor, Santacruz East Mumbai 400055","MUMBAI SUBURBAN",MAHARASHTRA,400055,"Apeksha Gautam Jadhav",,9930885556,operationsmanager.santacruz@utkarsh.bank,,"Mr. Rahul Chauhan (RIT) & Mr. Kamal (RIT)",MAHARASHTRA,7021828776/7525048585,rahul.chauhan1@utkarsh.bank,PO-22-01-013617,"Brother (Printer - LaserJet)","Brother- L2541DW",X5TW011246,"ICON TN-2365","ICON DR 2365",,,3,0.4,0,0,"0000-00-00 00:00:00","0000-00-00 00:00:00","0000-00-00 00:00:00"
1640,"Kangra-
1640","Dehra Gopipur Division","Ground Floor, Khasra No-113, 115, 117, 118, Ward No-9, Opposite Govt.Polytechnic, Dharamshala Road, Kangra, Himachal Pradesh-176001, KANGRA,
Kangra-1640, 176001",KANGRA,"HIMACHAL PRADESH",176001,#N/A,,#N/A,NA,,"Mr. Jogindar Kumar (RIT)",UTTARAKHAND,9896984436,Joginder@utkarsh.bank,PO-22-01-013616,"EPSON (Printer - Inktank)","EPSON M3170 EPIL",X5TW011032,,,INK-005,"Maintaince Box",3,0,0,0,"0000-00-00 00:00:00","0000-00-00 00:00:00","0000-00-00 00:00:00"
1641,"Dadar West Mumbai","Dadar West Mumbai","hop No 1 Ramswarup Palai Co Operative Tower Bhavani Shankar Cross Road
Dadar West Mumbai, Dadar West Mumbai, Dadar West Mumbai, 400028",MUMBAI,MAHARASHTRA,400028,"Gaurang Ajit Deodhar",,9869467940,operationsmanager.dadar@utkarsh.bank,,"Mr. Rahul Chauhan (RIT) & Mr. Kamal (RIT)",MAHARASHTRA,7021828776/7525048585,rahul.chauhan1@utkarsh.bank,PO-22-01-013617,"EPSON (Printer - Inktank)","EPSON M3170 EPIL",X5TW011267,,,INK-005,"Maintaince Box",3,0.4,0,0,"0000-00-00 00:00:00","0000-00-00 00:00:00","0000-00-00 00:00:00"
1642,"Dilkush Nagar, Hyderabad","Dilkush Nagar, Hyderabad","House No 16 11 579 1 16 11 579 1A Gaddiannaram Dilsuknagar Hyderabad,
HYDERABAD, Dilsukhnagar Hyderabad, PIN-500060","RANGA REDDY",TELANGANA,500060,"Eruventi Naveen Kumar",,7989943167,branchhead.dilsukhnagar@utkarsh.bank,,"Mr. Imran Sharif K.S (RIT)",TELANGANA,9840451965,imran.shariff@utkarsh.bank,PO-22-03-015070,"Brother (Printer - LaserJet)","Brother- L2541DW",E73802A2N240918,"ICON TN-2365","ICON DR 2365",,,3,0.4,0,0,"0000-00-00 00:00:00","0000-00-00 00:00:00","0000-00-00 00:00:00"
1643,DUNLOP,DUNLOP,"109/A, B.T. ROAD, BARANAGAR(M) BONHOOGHLY, DUNLOP, WEST BENGAL, INDIA - 700108","24 PARAGANAS NORTH","WEST BENGAL",700108,0,,0,NA,,"Mr.Tapas Kumar Barikh(RIT)","WEST BENGAL",9337513317,tapas.barikh@utkarsh.bank,PO-22-03-015073,"Brother (Printer - LaserJet)","Brother- L2541DW",E73802A2N240835,"ICON TN-2365","ICON DR 2365",,,3,0.4,0,0,"0000-00-00 00:00:00","0000-00-00 00:00:00","0000-00-00 00:00:00"
1644,"Tiruchirappalli (Trichy)","Tiruchirappalli (Trichy)","Building Number-143, Upper Ground Floor, Lakshmi Complex, Salai Road, Tiruchirapalli,  District -Tiruchirapalli State-Tamilnadu, PIN-620018",TIRUCHIRAPPALLI,"TAMIL NADU",620018,"E Dharani",,9787961474,branchhead.tiruchirappalli@utkarsh.bank,,"Mr. Imran Sharif K.S (RIT)",TELANGANA,9840451965,imran.shariff@utkarsh.bank,PO-22-03-015075,"Brother (Printer - LaserJet)","Brother- L2541DW",E73802A2N240906,"ICON TN-2365","ICON DR 2365",,,3,0.4,0,0,"0000-00-00 00:00:00","0000-00-00 00:00:00","0000-00-00 00:00:00"
1645,"Nadiad Gujarat","Nadiad Gujarat","Shop Number 5,6,7,8,Ground Floor Alisha Lake Complex Opposite WoodlandsRestaurant College Road Nadiad Kheda Gujarat, KHEDA, Nadiad, 387001",KHEDA,GUJARAT,387001,"Parth Himanshubhai Barot",,9998477773,parth.barot@utkarsh.bank,,"Mr. Rahul Chauhan (RIT)",GUJARAT,7021828776,rahul.chauhan1@utkarsh.bank,PO-23-04-016361,"EPSON (Printer - Inktank)","EPSON M3170 EPIL",X5TW013346,,,INK-005,"Maintaince Box",3,0.4,0,0,"0000-00-00 00:00:00","0000-00-00 00:00:00","0000-00-00 00:00:00"
1648,"Hisar ","Hisar ","Branch Address: SCF2, Ground Floor, Red Square Market, Hisar, Haryana-125001",HISAR,HARYANA,125001,Priyanka,,9416341464,branchhead.hisar@utkarsh.bank,,"Mr.Haidar Ali (RIT)","UTTAR PRADESH",8090554271,"haidar,ali@utkarsh.bank",PO-23-05-017453,"EPSON (Printer - Inktank)","EPSON M3170 EPIL",X5TW011612,,,INK-005,"Maintaince Box",3,0.4,0,0,"0000-00-00 00:00:00","0000-00-00 00:00:00","0000-00-00 00:00:00"
1649,"Puduchrry GB","Puduchrry GB","Ground FIoor , Block No.3, Plot No 83, (R.S. No 11/2, T.S. No 2/10A/1, Ward -14), 1st Cross ( Villianur Road), Sithanantha Nagar, Ellaipillaichavady, Puducherry -605005",PONDICHERRY,PUDUCHERRY,605005,"Dhandapani Rajendran",,7708685597,operationsmanager.puducherry@utkarsh.bank,,"Mr. Imran Sharif K.S (RIT)",TELANGANA,9840451965,imran.shariff@utkarsh.bank,PO-23-05-017455,"EPSON (Printer - Inktank)","EPSON M3170 EPIL",X5TW015530,,,INK-005,"Maintaince Box",3,0.4,0,0,"0000-00-00 00:00:00","0000-00-00 00:00:00","0000-00-00 00:00:00"
1651,Hoshiyarpur,Hoshiyarpur,"Branch Office- UGF-01, Upper Ground Floor,J?s Eminent Mall Complex M.No.XVII/815,Sutehri Road,Hoshiarpur Punjab-146001",HOSHIARPUR,PUNJAB,146001,"SANDEEP ",,9467670842,branchhead.hoshiarpur@utkarsh.bank,,"Mr Ramesh (RIT)",DELHI,7060504211,ramesh.kumar@utkarsh.bank,PO-23-05-017451,"EPSON (Printer - Inktank)","EPSON M3170 EPIL",X5TW011629,,,INK-005,"Maintaince Box",3,0.4,0,0,"0000-00-00 00:00:00","0000-00-00 00:00:00","0000-00-00 00:00:00"
1652,"Mehsana Gujarat","Mehsana Gujarat","Shop Number - 1,2,3,4,5,&6, Ground Floor, Orbit Small Center, BesideDena Bank, Radhanpur Road, Mehsana, MAHESANA, Mehsana, 384002",MAHESANA,GUJARAT,384002,"Rahul Chauhan",,9920740630,rahul.chauhan1@utkarsh.bank,,"Mr. Rahul Chauhan (RIT)",GUJARAT,7021828776,rahul.chauhan1@utkarsh.bank,PO-23-06-018453,"EPSON (Printer - Inktank)","EPSON M3170 EPIL",X5TW011616,,,INK-005,"Maintaince Box",3,0.4,0,0,"0000-00-00 00:00:00","0000-00-00 00:00:00","0000-00-00 00:00:00"
1653,Rewari,Rewari,"Branch Office: 6393 Ground Floor,Circular Road,Dharuhera Chungi, Rewari, Haryana, India, Pin - 123401",REWARI,HARYANA,123401,"Fateh Singh",,9050903031,operationsmanager.rewari@utkarsh.bank,,"Mr.Haidar Ali (RIT)","UTTAR PRADESH",8090554271,"haidar,ali@utkarsh.bank",PO-23-06-018452,"EPSON (Printer - Inktank)","EPSON M3170 EPIL",X5TW010987,,,INK-005,"Maintaince Box",3,0.4,0,0,"0000-00-00 00:00:00","0000-00-00 00:00:00","0000-00-00 00:00:00"
1655,"Pimpri (PCMC PUNE)","Pimpri (PCMC PUNE)","Ground Floor Shop No. 1&2 Sneh Building, Tapovan Road, Pimpri Camp, PUNE, Pimpri PCMC PUNE, 411017",PUNE,MAHARASHTRA,411017,"Ketki Narendra Kendhe",,7507542599,operationsmanager.pimpri@utkarsh.bank,,"Mr. Rahul Chauhan (RIT) & Mr. Kamal (RIT)",MAHARASHTRA,7021828776/7525048585,rahul.chauhan1@utkarsh.bank,PO-23-06-018454,"EPSON (Printer - Inktank)","EPSON M3170 EPIL",X5TW011164,,,INK-005,"Maintaince Box",3,0.4,0,0,"0000-00-00 00:00:00","0000-00-00 00:00:00","0000-00-00 00:00:00"
1656,"Bibwewadi (PUNE)","Bibwewadi (PUNE)","Ground Floor Shop No. 2,3&4 Nathai Plot No. 1, Mahesh Society, Swami Vivekanand Road, Bibwewadi Pune, PUNE, 1656, 411037",PUNE,MAHARASHTRA,411037,"Pandit Ananda Pawar",,8408801439,operationsmanager.bibwewadi@utkarsh.bank,,"Mr. Rahul Chauhan (RIT) & Mr. Kamal (RIT)",MAHARASHTRA,7021828776/7525048585,rahul.chauhan1@utkarsh.bank,PO-23-06-018454,"EPSON (Printer - Inktank)","EPSON M3170 EPIL",X5TW011188,,,INK-005,"Maintaince Box",3,0.4,0,0,"0000-00-00 00:00:00","0000-00-00 00:00:00","0000-00-00 00:00:00"
1661,"Pallavpuram ","Pallavpuram ","unit no . G-11 ,M7,AP/CP -4,
Opp. Win Medicare , Roorkee Road (NH-58) Pallavpuram, Phase -1,
 Mee rut, India , Pincode ? 250110",MEERUT,"UTTAR PRADESH",250110,"Vinay Kumar Singh",,8937891258,NA,,"Mr. Anil Kumar (RIT)","UTTAR PRADESH",7753811316,anil.yadav@utkarsh.bank,PO-23-08-020516,"EPSON (Printer - Inktank)","EPSON M3170 EPIL",X5TW015784,,,INK-005,"Maintaince Box",3,0.4,0,0,"0000-00-00 00:00:00","0000-00-00 00:00:00","0000-00-00 00:00:00"
1662,ALLAHABAD,ALLAHABAD,"GROUND FLOOR PLOT NO 520 TRANSPORT NAGAR PRAYAGRAJ UP 211011",PRAYAGRAJ,"UTTAR PRADESH",211011,"ASHISH MANGRULKAR",,9588409716,NA,,"Mr. Anil Kumar (RIT)","UTTAR PRADESH",7753811316,anil.yadav@utkarsh.bank,PO-23-08-020516,"EPSON (Printer - Inktank)","EPSON M3170 EPIL",X5TW015767,,,INK-005,"Maintaince Box",3,0.4,0,0,"0000-00-00 00:00:00","0000-00-00 00:00:00","0000-00-00 00:00:00"
1663,Kothrud,"Pune City West Division","Fisrt Floor Nagpurkar Building, CTS No. ,  755/5, Mayur Colony S.No. 14,129, Hissa No. 130/131, Kothrud, District. Pune, State. Maharashtra, PIN-411 038",PUNE,MAHARASHTRA,411038,"Rohit Tom",,"8281153757, 8921746104",NA,,"Mr. Rahul Chauhan (RIT) & Mr. Kamal (RIT)",MAHARASHTRA,7021828776/7525048585,rahul.chauhan1@utkarsh.bank,PO-23-01-025943,"Kyocera (Printer - LaserJet)","Kyocera FS 2040 DN",VYB2X15992,"ICON TK-1178",DK-1150,,,3,0,0,0,"0000-00-00 00:00:00","0000-00-00 00:00:00","0000-00-00 00:00:00"
1664,"Mira Road","Mira Road"," 
Ground Floor Shop No.2 & 3, Bldg. No.13, Solitaire-III, Poonam Garden, Mira Road(E), Thane, M.S  401107",THANE,MAHARASHTRA,401107,"Mohini Pritish Jadhav",,9769195294,NA,,"Mr. Rahul Chauhan (RIT) & Mr. Kamal (RIT)",MAHARASHTRA,7021828776/7525048585,rahul.chauhan1@utkarsh.bank,PO-23-08-020513,"EPSON (Printer - Inktank)","EPSON M3170 EPIL",X5TW016420,,,INK-005,"Maintaince Box",3,0.4,0,0,"0000-00-00 00:00:00","0000-00-00 00:00:00","0000-00-00 00:00:00"
1666,Hazaribagh,Hazaribagh,"Ground Floor, Plot No-757, Near Shiv Mandir Chowk, Dewangana Road, Korra,  Hazaribagh, Jharkhand-825303",HAZARIBAGH,JHARKHAND,825303,"Sandip Kumar 
",,9471532289,NA,,"Mr. Tapas Barik & Mr. Nitin Kumar (RIT)",JHARKHAND,9337513317/9608295625,tapas.barikh@utkarsh.bank,PO-23-05-017444,"EPSON (Printer - Inktank)","EPSON M3170 EPIL",X5TW010979,,,INK-005,"Maintaince Box",3,0.4,0,0,"0000-00-00 00:00:00","0000-00-00 00:00:00","0000-00-00 00:00:00"
1669,"LDA Colony","Lucknow Division","Upper Ground Floor, Commercial Plot no. 14, Sector- B, LDA Colony,Kanpur Road Yojna, Lucknow, LUCKNOW, LDA Colony, 226012",LUCKNOW,"UTTAR PRADESH",226012,#N/A,,#N/A,NA,,"Mr.Haidar Ali (RIT)","UTTAR PRADESH",8090554271,"haidar,ali@utkarsh.bank",PO-23-08-020516,"EPSON (Printer - Inktank)","EPSON M3170 EPIL",X5TW016036,,,INK-005,"Maintaince Box",3,0,0,0,"0000-00-00 00:00:00","0000-00-00 00:00:00","0000-00-00 00:00:00"
1670,"Manjalpur Vadodara","Manjalpur Vadodara"," 
Ground Floor, Shop No 3, Sakar Complex, Opposite Bhavans School, Manjalpur, Vadodara, Gujarat 390011",VADODARA,GUJARAT,390011,"Anchal Mishra",,9569391230,NA,,"Mr. Rahul Chauhan (RIT)",GUJARAT,7021828776,rahul.chauhan1@utkarsh.bank,PO-23-08-020513,"EPSON (Printer - Inktank)","EPSON M3170 EPIL",X5TW016391,,,INK-005,"Maintaince Box",3,0.4,0,0,"0000-00-00 00:00:00","0000-00-00 00:00:00","0000-00-00 00:00:00"
1671,"Wadala Mumbai","Mumbai City East Division","Plot no. 191, Ground Floor, Pushkraj Sadan, Station Road, Wadala West,Mumbai, Wadala Mumbai, 400031",MUMBAI,MAHARASHTRA,400031,#N/A,,#N/A,NA,,"Mr. Rahul Chauhan (RIT) & Mr. Kamal (RIT)",MAHARASHTRA,7021828776/7525048585,rahul.chauhan1@utkarsh.bank,PO-23-08-020834,"EPSON (Printer - Inktank)","EPSON M3170 EPIL",X5TW016426,,,INK-005,"Maintaince Box",3,0,0,0,"0000-00-00 00:00:00","0000-00-00 00:00:00","0000-00-00 00:00:00"
1697,"Karol Bagh New Delhi","New Delhi Central Division","Upper Ground Floor, 65 3 New Rohtak Road, Karol Bagh, Near Liberty Cinema, NEW DELHI, Karol Bagh New Delhi, 110005",CENTRAL,DELHI,110005,#N/A,,#N/A,NA,,"Mr Ramesh (RIT)",DELHI,7060504211,ramesh.kumar@utkarsh.bank,PO-23-12-024953,"Kyocera (Printer - LaserJet)","Kyocera FS 2040 DN",VYB2X09022,"ICON TK-1178",DK-1150,,,3,0,0,0,"0000-00-00 00:00:00","0000-00-00 00:00:00","0000-00-00 00:00:00"
1801,Jhajha,Lakhisarai,"Maa Tara HP Gas Agency Building, Koltex, Jhajha, PO+PS-Jhajha, Distt.-Jamui, PIN-811308",JAMUI,BIHAR,811308,Tarkeshwar,,7260891780,bm.Jhajha@utkarsh.bank,,"Mr.Priyatam Kumar Singh(RIT)",BIHAR,9504342712,priyatam.singh@utkarsh.bank,"Awaiting PO","EPSON (Printer - Inktank)","EPSON M3170 EPIL",X5TW015527,,,INK-005,"Maintaince Box",3,0.4,0,0,"0000-00-00 00:00:00","0000-00-00 00:00:00","0000-00-00 00:00:00"
1803,Kantabanji,Kantabanji,"Ground Floor, SH-64, Patnagarh road, Near sonalika tractor agency, Kantabanji, District - Balangir, Odisha, Pin Code ? 767039",BALANGIR,ODISHA,767039,#N/A,,#N/A,NA,,"Mr. Sanjay Kumar Mishra (RIT)",ODISHA,9853679830,sanjay.mishra@utkarsh.bank,PO-23-05-017447,"EPSON (Printer - Inktank)","EPSON M3170 EPIL",X5TW011647,,,INK-005,"Maintaince Box",3,0.4,0,0,"0000-00-00 00:00:00","0000-00-00 00:00:00","0000-00-00 00:00:00"
1804,Ghanghri,Ghanghri,"GAYA TO CHATRA ROAD NEAR AUTO STAND GHANGHRI DIS CHATRA PIN 825403",CHATRA,JHARKHAND,825403,"Rupesh kumar Sahi",,7827850703,utk17181@utkarsh.bank,,"Mr. Tapas Barik & Mr. Nitin Kumar (RIT)",JHARKHAND,9337513317/9608295625,tapas.barikh@utkarsh.bank,PO-23-11-023703,"EPSON (Printer - Inktank)","EPSON M3170 EPIL",X5TW017608,,,INK-005,"Maintaince Box",3,0,0,0,"0000-00-00 00:00:00","0000-00-00 00:00:00","0000-00-00 00:00:00"
1807,Dharamgarh,Dharamgarh,"Ground Floor, Junagarh Road, Near HP petrol pump, Dharamgarh, District - Kalahandi, Odisha, Pin Code - 766015",KALAHANDI,ODISHA,766015,"PUNYABANTA SAHU",,9776282402,NA,,"Mr. Sanjay Kumar Mishra (RIT)",ODISHA,9853679830,sanjay.mishra@utkarsh.bank,PO-23-11-023837,"EPSON (Printer - Inktank)","EPSON M3170 EPIL",X5TW011182,,,INK-005,"Maintaince Box",3,0.4,0,0,"0000-00-00 00:00:00","0000-00-00 00:00:00","0000-00-00 00:00:00"
1808,Mahmadpur,Mahmadpur,"Branch Office : Infront of Indian Oil Petrol Pump, Mahmadpur Purani Bazar, Near Bandhan Bank, PO-Takniwas, PS-Mahmadpur, Distt.-Gopalganj, Bihar-841423",GOPALGANJ,BIHAR,841423,"Vipin Kumar singh",,9522290100/7739276551,NA,,"Mr.kuldip Kumar (RIT)",BIHAR,9511133885,kuldip.kumar@utkarsh.bank,"Awaiting PO","EPSON (Printer - Inktank)","EPSON M3170 EPIL",X5TW015473,,,INK-005,"Maintaince Box",3,0.4,0,0,"0000-00-00 00:00:00","0000-00-00 00:00:00","0000-00-00 00:00:00"
1819,"Pakariya Harsidhi","Pakariya Harsidhi","Upper Ground Floor, Chhapwa-Areraj Road, PO+PS-Harsidhi, Dist-East Champran, Bihar, Pin- 845422","PURBI CHAMPARAN",BIHAR,845422,"Vijay Kumar",,9661799656,bm.pakariyaharsidhi@utkarsh.bank,,"Mr.Ajeet Kumar(RIT)",BIHAR,9608953407,ajeet.kumar@utkarsh.bank,PO-22-12-012192,"Brother (Printer - LaserJet)","Brother- L2541DW",E73802J1N976473,"ICON TN-2365","ICON DR 2365",,,3,0.4,0,0,"0000-00-00 00:00:00","0000-00-00 00:00:00","0000-00-00 00:00:00"
1825,Naugachhiya,Bhagalpur,"Upper Ground Floor, Basant Lal Complex, PS: Naugachhiya, District ? Bhagalpur, Pin Code ? 853204",MADHEPURA,BIHAR,853204,"Sanjeev Kumar Mishra",,8340271352,bm.Naugachhiya@utkarsh.bank,,"Mr.Priyatam Kumar Singh(RIT)",BIHAR,9504342712,priyatam.singh@utkarsh.bank,PO-22-12-012192,"Brother (Printer - LaserJet)","Brother- L2541DW",E73802H1N928911,"ICON TN-2365","ICON DR 2365",,,3,0.4,0,0,"0000-00-00 00:00:00","0000-00-00 00:00:00","0000-00-00 00:00:00"
1826,Kharaundhi,Kharaundhi,"Upper Ground Floor, Mauza -Chandani, Kharaundi, Dist- Garhwa, Jharkhand, Pin-822112",GARHWA,JHARKHAND,822112,"Sanjay Kumar",,9798311341,utk38448@utkarsh.bank,,"Mr. Tapas Barik & Mr. Nitin Kumar (RIT)",JHARKHAND,9337513317/9608295625,tapas.barikh@utkarsh.bank,PO-22-03-015078,"Brother (Printer - LaserJet)","Brother- L2541DW",E73802A2N241059,"ICON TN-2365","ICON DR 2365",,,3,0.4,0,0,"0000-00-00 00:00:00","0000-00-00 00:00:00","0000-00-00 00:00:00"
1827,SIKAR,SIKAR,"Ground floor, ayesha plaza, plot no 477
Near balaji dharmkata, jaipur road sikar-332001",SIKAR,RAJASTHAN,332001,"YOGENDRA KUMAR
",,8383921907,NA,,"Mr Ramesh (RIT)",DELHI,7060504211,ramesh.kumar@utkarsh.bank,PO-22-12-012492,"Brother (Printer - LaserJet)","Brother- L2541DW",E73802J1N976333,"ICON TN-2365","ICON DR 2365",,,3,0.4,0,0,"0000-00-00 00:00:00","0000-00-00 00:00:00","0000-00-00 00:00:00"
1828,Kotputli,Kotputli," 
Laxmi Nagar,Jaipur Road ,Kotputli  ,Rajasthan-303108",JAIPUR,RAJASTHAN,303108,"Kamlesh Kumar",,9546739427,NA,,"Mr Ramesh (RIT)",DELHI,7060504211,ramesh.kumar@utkarsh.bank,PO-22-12-012492,"Brother (Printer - LaserJet)","Brother- L2541DW",E73802J1N978759,"ICON TN-2365","ICON DR 2365",,,3,0.4,0,0,"0000-00-00 00:00:00","0000-00-00 00:00:00","0000-00-00 00:00:00"
1830,Chautarwa,Chautarwa,"Ground Floor, Behind Vivek Dhram Kanta, Chautarwa Main Road, PO-Patilar, PS-Chautarwa, Distt.-W.Champran, PIN-845101","PASHCHIM CHAMPARAN",BIHAR,845101,"Sonu Kumar",,7280027146,bm.chautarwa@utkarsh.bank,,"Mr.Ajeet Kumar(RIT)",BIHAR,9608953407,ajeet.kumar@utkarsh.bank,PO-22-01-013288,"EPSON (Printer - Inktank)","EPSON M3170 EPIL",X5TW011239,,,INK-005,"Maintaince Box",3,0.4,0,0,"0000-00-00 00:00:00","0000-00-00 00:00:00","0000-00-00 00:00:00"
1831,Ramnagar,Ramnagar,"Ground Floor, Moti Lal Chaurasiya Complex, P.O.- Harinagar, P.S.- Ramnagar, Distt.-West Champran, Bihar, PIN-845103","PASHCHIM CHAMPARAN",BIHAR,845103,"Dadan Kumar",,8521001833,bm.ramnagar@utkarsh.bank,,"Mr.Ajeet Kumar(RIT)",BIHAR,9608953407,ajeet.kumar@utkarsh.bank,PO-22-02-014378,"Brother (Printer - LaserJet)","Brother- L2541DW",E73802A2N240908,"ICON TN-2365","ICON DR 2365",,,3,0.4,0,0,"0000-00-00 00:00:00","0000-00-00 00:00:00","0000-00-00 00:00:00"
1832,PAKURIA,Pakuria,"Dumka Road, Sidhu Kanu Chowk, Pakuria, Jharkhand. 816117",PAKUR,JHARKHAND,816117,"Sourabh Kumar",,7004206220,NA,,"Mr. Tapas Barik & Mr. Nitin Kumar (RIT)",JHARKHAND,9337513317/9608295625,tapas.barikh@utkarsh.bank,"Awaiting PO","EPSON (Printer - Inktank)","EPSON M3170 EPIL",X5TW007212,,,INK-005,"Maintaince Box",3,0.4,0,0,"0000-00-00 00:00:00","0000-00-00 00:00:00","0000-00-00 00:00:00"
1833,BAYANA???,BAYANA???,"UPPER GROUND FLOOR MAHARISHI DAYANAND PLAZA NEAR AXIS BANK BAYANA DIST. BHARATPUR , RAJASTHAN 321401",BHARATPUR,RAJASTHAN,321401,"Sachin Chandra",,8476025036,NA,,"Mr Ramesh (RIT)",DELHI,7060504211,ramesh.kumar@utkarsh.bank,PO-22-12-012492,"Brother (Printer - LaserJet)","Brother- L2541DW",E73802J1N976343,"ICON TN-2365","ICON DR 2365",,,3,0.4,0,0,"0000-00-00 00:00:00","0000-00-00 00:00:00","0000-00-00 00:00:00"
1834,Padmapur,Padmapur,"Ground Floor, Pasanar Road, Maitri Nagar, In front of ICICI Bank, Padmapur, District ? Bargarh, Odisha ? 768036",BARGARH,ODISHA,768036,#N/A,,#N/A,NA,,"Mr. Sanjay Kumar Mishra (RIT)",ODISHA,9853679830,sanjay.mishra@utkarsh.bank,PO-22-03-015080,"EPSON (Printer - Inktank)","EPSON M3170 EPIL",X5TW011043,,,INK-005,"Maintaince Box",3,0.4,0,0,"0000-00-00 00:00:00","0000-00-00 00:00:00","0000-00-00 00:00:00"
1835,Chandanpur,"Puri Division","In front of UCO Bank, New JagarnathRadak, Near community health center, Chandanpur, District-Puri, Odisha-752012, PURI, Chandanpur-1835, 752012",PURI,ODISHA,752012,"Girija sankar srichandan",,8908776655/9777115626,NA,,"Mr. Sanjay Kumar Mishra (RIT)",ODISHA,9853679830,sanjay.mishra@utkarsh.bank,PO-22-02-014156,"EPSON (Printer - Inktank)","EPSON M3170 EPIL",X5TW010798,,,INK-005,"Maintaince Box",3,0,0,0,"0000-00-00 00:00:00","0000-00-00 00:00:00","0000-00-00 00:00:00"
1836,"Jalalpur, Ambedkar Nagar",Azamgarh,"Upper Ground Floor, Mauza Faridpur, Ramgarh Road, Jalalpur, Dist.- Ambedkar Nagar, UP, Pin-224149","AMBEDKAR NAGAR","UTTAR PRADESH",224149,Babulal,,9795391864,bm.jalalpurambedkarnagar@utkarsh.bank,,"Mr.Haidar Ali (RIT)","UTTAR PRADESH",8090554271,"haidar,ali@utkarsh.bank",PO-22-02-014690,"Brother (Printer - LaserJet)","Brother- L2541DW",E73802G1N903430,"ICON TN-2365","ICON DR 2365",,,3,0.4,0,0,"0000-00-00 00:00:00","0000-00-00 00:00:00","0000-00-00 00:00:00"
1837,Malkangiri,Malkangiri,"First Floor, S.P. Office, Dnk Main Road, Near DCB Bank, District ? Malkangiri, Odisha, Pin code ? 764045",MALKANGIRI,ODISHA,764045,#N/A,,#N/A,NA,,"Mr. Sanjay Kumar Mishra (RIT)",ODISHA,9853679830,sanjay.mishra@utkarsh.bank,PO-22-02-014156,"EPSON (Printer - Inktank)","EPSON M3170 EPIL",X5TW011298,,,INK-005,"Maintaince Box",3,0.4,0,0,"0000-00-00 00:00:00","0000-00-00 00:00:00","0000-00-00 00:00:00"
1838,Meherma,Meherma,"Upper Ground Floor, Pirpati Road , Near Post Office , Dharmdev Complex, Meherma, District Godda Jharkhand - 814160",GODDA,JHARKHAND,814160,"Bikram Kumar Singh",,7280027395,NA,,"Mr. Tapas Barik & Mr. Nitin Kumar (RIT)",JHARKHAND,9337513317/9608295625,tapas.barikh@utkarsh.bank,PO-22-02-014157,"Brother (Printer - LaserJet)","Brother- L2541DW",E73802A2N240837,"ICON TN-2365","ICON DR 2365",,,3,0.4,0,0,"0000-00-00 00:00:00","0000-00-00 00:00:00","0000-00-00 00:00:00"
1840,TONK,TONK," Upper Ground Floor Plot no 13 Near hero show room sawai madhopur road tonk dist tonk Rajasthan pin- 304001",TONK,RAJASTHAN,304001,"Dhara singh Meena",,8107153435,NA,,"Mr Ramesh (RIT)",DELHI,7060504211,ramesh.kumar@utkarsh.bank,PO-22-01-013291,"EPSON (Printer - Inktank)","EPSON M3170 EPIL",X5TW009668,,,INK-005,"Maintaince Box",3,0.4,0,0,"0000-00-00 00:00:00","0000-00-00 00:00:00","0000-00-00 00:00:00"
1841,PHULERA,PHULERA,"Ground Floor Plot nu. 23 R new Colony Ward nu. 7 new ward nu. 10 Phulera Jaipur Rajasthan- 303338",JAIPUR,RAJASTHAN,303338,"Dhara Singh Meena",,8107153435,NA,,"Mr Ramesh (RIT)",DELHI,7060504211,ramesh.kumar@utkarsh.bank,PO-22-01-013291,"EPSON (Printer - Inktank)","EPSON M3170 EPIL",X5TW009688,,,INK-005,"Maintaince Box",3,0.4,0,0,"0000-00-00 00:00:00","0000-00-00 00:00:00","0000-00-00 00:00:00"
1842,Bargarh,Bargarh,"National Highway Road, Pholo Devi Apartment, PO+PS, Bargarh, District - Bargarh, Odisha, Pin Code - 768028",BARGARH,ODISHA,768028,0,,7682880146,NA,,"Mr. Sanjay Kumar Mishra (RIT)",ODISHA,9853679830,sanjay.mishra@utkarsh.bank,PO-22-02-014156,"Brother (Printer - LaserJet)","Brother- L2541DW",E73802A2N242991,"ICON TN-2365","ICON DR 2365",,,3,0.4,0,0,"0000-00-00 00:00:00","0000-00-00 00:00:00","0000-00-00 00:00:00"
1844,Fazilnagar,Deoria,"? Uppar Ground Floor ,NH-28,In Front TVS Agency ,Baghauch moad,Fazilnagar Pin-274401","KUSHI NAGAR","UTTAR PRADESH",274401,"Avinish Kumar",,7668993881,bm.fazilnagar@utkarsh.bank,,"Mr.Haidar Ali (RIT)","UTTAR PRADESH",8090554271,"haidar,ali@utkarsh.bank",PO-22-03-015079,"Brother (Printer - LaserJet)","Brother- L2541DW",E73802A2N242987,"ICON TN-2365","ICON DR 2365",,,3,0.4,0,0,"0000-00-00 00:00:00","0000-00-00 00:00:00","0000-00-00 00:00:00"
1846,"Neem Ka Thana","Neem Ka Thana","Ground Floor Plot No-11 Ward No-4,Shahpura Road ,Neem Ka Thana  ,Rajasthan-332713",SIKAR,RAJASTHAN,332713,"Prashant Sharma",,8299761270,NA,,"Mr Ramesh (RIT)",DELHI,7060504211,ramesh.kumar@utkarsh.bank,PO-22-02-014159,"Brother (Printer - LaserJet)","Brother- L2541DW",E73802A2N241081,"ICON TN-2365","ICON DR 2365",,,3,0.4,0,0,"0000-00-00 00:00:00","0000-00-00 00:00:00","0000-00-00 00:00:00"
1847,Nabinagar,Nabinagar,"Branch Add: Near Boon Public School, Station Road Main Market, Nabinagar
Aurangabad-824301",AURANGABAD,BIHAR,824301,"Kuldip Kumar",,7503317972,NA,,"Mr.Ajeet Kumar(RIT)",BIHAR,9608953407,ajeet.kumar@utkarsh.bank,PO-22-02-014378,"EPSON (Printer - Inktank)","EPSON M3170 EPIL",X5TW011286,,,INK-005,"Maintaince Box",3,0.4,0,0,"0000-00-00 00:00:00","0000-00-00 00:00:00","0000-00-00 00:00:00"
1848,Sangrampur,Jamalpur,",Ground Floor, Sultanganj- Deoghar Road, Near Bus stand, Sangrampur, District ? Munger, Bihar, Pin code ? 813212",BANKA,BIHAR,813212,"Kamlesh kumar",,9304120395,bm.Sangrampur@utkarsh.bank,,"Mr.Priyatam Kumar Singh(RIT)",BIHAR,9504342712,priyatam.singh@utkarsh.bank,PO-22-11-011324,"EPSON (Printer - Inktank)","EPSON M3170 EPIL",X5TW011041,,,INK-005,"Maintaince Box",3,0.4,0,0,"0000-00-00 00:00:00","0000-00-00 00:00:00","0000-00-00 00:00:00"
1849,Tisri-1849,"Giridih Division","Ground Floor, Nearby Golden Future Public School, Raghawan (Gawan) Road, Tisri, Dist- Giridih, State-
Jharkhand, GIRIDIH, Tisri-1849, 815317",GIRIDIH,JHARKHAND,815317,"MANOJ KUMAR",,8709239802/7463083096,NA,,"Mr. Tapas Barik & Mr. Nitin Kumar (RIT)",JHARKHAND,9337513317/9608295625,tapas.barikh@utkarsh.bank,PO-22-03-015078,"Brother (Printer - LaserJet)","Brother- L2541DW",E73802A2N240917,"ICON TN-2365","ICON DR 2365",,,3,0,0,0,"0000-00-00 00:00:00","0000-00-00 00:00:00","0000-00-00 00:00:00"
1849,Tisri-1849,"Giridih Division","Ground Floor, Nearby Golden Future Public School, Raghawan (Gawan) Road, Tisri, Dist- Giridih, State-
Jharkhand, GIRIDIH, Tisri-1849, 815317",GIRIDIH,JHARKHAND,815317,"MANOJ KUMAR",,8709239802/7463083096,NA,,"Mr. Tapas Barik & Mr. Nitin Kumar (RIT)",JHARKHAND,9337513317/9608295625,tapas.barikh@utkarsh.bank,PO-22-11-011327,"Brother (Printer - LaserJet)","Brother- L2541DW",E73802A2N241023,"ICON TN-2365","ICON DR 2365",,,3,0.4,0,0,"0000-00-00 00:00:00","0000-00-00 00:00:00","0000-00-00 00:00:00"
1850,Sasamusa,Sasamusa," Priya Clinic, Bagauch Road, Khajuri, Sasamusa, Gopalganj , Bihar, 841501",GOPALGANJ,BIHAR,841501,"Singh Prashantkumar Gajendra",,9162353799,NA,,"Mr.Shantanu Kanth(RIT)",BIHAR,7635093755,shantanu.kanth@utkarsh.bank,PO-22-11-011324,"EPSON (Printer - Inktank)","EPSON M3170 EPIL",X5TW011068,,,INK-005,"Maintaince Box",3,0.4,0,0,"0000-00-00 00:00:00","0000-00-00 00:00:00","0000-00-00 00:00:00"
1851,Sahebganj,Sahebganj,"  SH-74, Muzaffarpur Road, Keshar Chowk, Sahebganj District ? Muzaffarpur, Bihar ? 843125",MUZAFFARPUR,BIHAR,843125,"Vicky Kumar",,7079449493,Ops.Sahebganj@Utkarsh.Bank,,"Mr.Ajeet Kumar(RIT)",BIHAR,9608953407,ajeet.kumar@utkarsh.bank,PO-22-02-014378,"EPSON (Printer - Inktank)","EPSON M3170 EPIL",X5TW011064,,,INK-005,"Maintaince Box",3,0.4,0,0,"0000-00-00 00:00:00","0000-00-00 00:00:00","0000-00-00 00:00:00"
1852,Shampur,Shampur,"  Thana Road, Shampur Railway Dhala, Shampur, District ? East Champaran, Bihar ? 845301","PURBI CHAMPARAN",BIHAR,845301,"Mintoo Kumar",,7485808184,ops.shyampur@utkarsh.bank,,"Mr.Ajeet Kumar(RIT)",BIHAR,9608953407,ajeet.kumar@utkarsh.bank,PO-22-01-013288,"EPSON (Printer - Inktank)","EPSON M3170 EPIL",X5TW011295,,,INK-005,"Maintaince Box",3,0.4,0,0,"0000-00-00 00:00:00","0000-00-00 00:00:00","0000-00-00 00:00:00"
1853,Santghat-Bettiah,Santghat-Bettiah,"  Santghat, Post ? Santghat, Santghat, District: West Champaran, Bihar, Pin code ? 845438","PASHCHIM CHAMPARAN",BIHAR,845438,"Pream Kumar",,8084304397,bm.santhghat@utkarsh.bank,,"Mr.Ajeet Kumar(RIT)",BIHAR,9608953407,ajeet.kumar@utkarsh.bank,PO-22-11-011300,"EPSON (Printer - Inktank)","EPSON M3170 EPIL",X5TW011316,,,INK-005,"Maintaince Box",3,0.4,0,0,"0000-00-00 00:00:00","0000-00-00 00:00:00","0000-00-00 00:00:00"
1854,Balthar,Balthar,"  Balthar, Post ? Bhawara, Balthar, District: West Champaran, Bihar, Pin code ? 845307","PASHCHIM CHAMPARAN",BIHAR,845307,"Pradeep Kumar",,7370099160,bm.balthar@utkarsh.bank,,"Mr.Ajeet Kumar(RIT)",BIHAR,9608953407,ajeet.kumar@utkarsh.bank,PO-22-02-014378,"EPSON (Printer - Inktank)","EPSON M3170 EPIL",X5TW011258,,,INK-005,"Maintaince Box",3,0.4,0,0,"0000-00-00 00:00:00","0000-00-00 00:00:00","0000-00-00 00:00:00"
1855,"Zonal Office-Patna - 7","West Champaran Division","Fatehpur,Post Jogapatti District
West Champaran,Bihar, PASCHIMI CHAMPARAN, Fatehpur, 845452","PASHCHIM CHAMPARAN",BIHAR,845452,"Pankaj Kumar",,9934708898,NA,,"Mr.Ajeet Kumar(RIT)",BIHAR,9608953407,ajeet.kumar@utkarsh.bank,PO-22-03-015047,"Brother (Printer - LaserJet)","Brother- L2541DW",E73802A2N241047,"ICON TN-2365","ICON DR 2365",,,3,0,0,0,"0000-00-00 00:00:00","0000-00-00 00:00:00","0000-00-00 00:00:00"
1855,"Zonal Office-Patna - 7","West Champaran Division","Fatehpur,Post Jogapatti District
West Champaran,Bihar, PASCHIMI CHAMPARAN, Fatehpur, 845452","PASHCHIM CHAMPARAN",BIHAR,845452,"Pankaj Kumar",,9934708898,NA,,"Mr.Ajeet Kumar(RIT)",BIHAR,9608953407,ajeet.kumar@utkarsh.bank,PO-22-11-011300,"EPSON (Printer - Inktank)","EPSON M3170 EPIL",X5TW011048,,,INK-005,"Maintaince Box",3,0.4,0,0,"0000-00-00 00:00:00","0000-00-00 00:00:00","0000-00-00 00:00:00"
1856,Nautan-Bettiah,Nautan-Bettiah,"  Nautan, Post ? Nautan, District ? West Champaran, Bihar,Pin code ? 845438","PASHCHIM CHAMPARAN",BIHAR,845438,"pappu Kumar Sharma ",,7250893547,ops.nautan@utkarsh.bank,,"Mr.Ajeet Kumar(RIT)",BIHAR,9608953407,ajeet.kumar@utkarsh.bank,PO-22-02-014378,"EPSON (Printer - Inktank)","EPSON M3170 EPIL",X5TW011266,,,INK-005,"Maintaince Box",3,0.4,0,0,"0000-00-00 00:00:00","0000-00-00 00:00:00","0000-00-00 00:00:00"
1857,VIJAINAGARA,VIJAINAGARA,"Ground Floor, Plot no. 1 Ward no. 3 Beawer Road, Tehsil- Masuda (Vijainagar) District: Ajmer, Rajasthan, Pincod-305624",AJMER,RAJASTHAN,305624,"Sachin Chandra",,8476025036,NA,,"Mr Ramesh (RIT)",DELHI,7060504211,ramesh.kumar@utkarsh.bank,PO-22-12-012446,"Brother (Printer - LaserJet)","Brother- L2541DW",E73802J1N978779,"ICON TN-2365","ICON DR 2365",,,3,0.4,0,0,"0000-00-00 00:00:00","0000-00-00 00:00:00","0000-00-00 00:00:00"
1859,Naushad,Gorakhpur,"Branch Office: Near Bagaha Baba Mandir Nausadh Gorakhpur,Uttar Pradesh, 273001",GORAKHPUR,"UTTAR PRADESH",273001,"Kanya Vishvkarma",,7992187666,bm.nausadh@utkarsh.bank,,"Mr.Haidar Ali (RIT)","UTTAR PRADESH",8090554271,"haidar,ali@utkarsh.bank",PO-22-03-015079,"Brother (Printer - LaserJet)","Brother- L2541DW",E73802A2N241073,"ICON TN-2365","ICON DR 2365",,,3,0.4,0,0,"0000-00-00 00:00:00","0000-00-00 00:00:00","0000-00-00 00:00:00"
1860,Bishunpura,Bishunpura,"Ground floor, Ramna-Majiyaanv Road, Near Jharkhand Rajya Grameen Bank, Village + PO+PS : Bishunpura, District ? Garhwa, Jharkhand, Pin - 822128",GARHWA,JHARKHAND,822128,"Ashok Kumar",,7979977174,utk11434@utkarsh.bank,,"Mr. Tapas Barik & Mr. Nitin Kumar (RIT)",JHARKHAND,9337513317/9608295625,tapas.barikh@utkarsh.bank,PO-22-11-011327,"Brother (Printer - LaserJet)","Brother- L2541DW",E73802A2N240945,"ICON TN-2365","ICON DR 2365",,,3,0,0,0,"0000-00-00 00:00:00","0000-00-00 00:00:00","0000-00-00 00:00:00"
1861," JIYANPUR",Jiyanpur,"Ground Floor, Village - Jiyanpur, Hasanpati, Bilariyaganj Road, Near Sabzi Mandi, District ? Azamgarh, Uttar Pradesh, Pin code ? 276140",AZAMGARH,"UTTAR PRADESH",276140,"VARUN KANNAUJIYA",,9118162828,NA,,"Mr.Haidar Ali (RIT)","UTTAR PRADESH",8090554271,"haidar,ali@utkarsh.bank",PO-22-03-015079,"EPSON (Printer - Inktank)","EPSON M3170 EPIL"," E73802A2N241083",,,INK-005,"Maintaince Box",3,0.4,0,0,"0000-00-00 00:00:00","0000-00-00 00:00:00","0000-00-00 00:00:00"
1862,Nawalsahi,Nawalsahi,"GROUND FLOUR,P.S NAWALSAHI,PARAGANA-KHARAGDIHA,CIRCLE DOMCHACH,VILL&POST-NAWALSAHI,DISTRICT:KODERMA|JHARKHAND|825418",KODERMA,JHARKHAND,825418,"Chhotelal Kumar Ray",,9304070848,utk12617@utkarsh.bank,,"Mr. Tapas Barik & Mr. Nitin Kumar (RIT)",JHARKHAND,9337513317/9608295625,tapas.barikh@utkarsh.bank,PO-23-11-023367,"EPSON (Printer - Inktank)","EPSON M3170 EPIL",X5TW010715,,,INK-005,"Maintaince Box",3,0,0,0,"0000-00-00 00:00:00","0000-00-00 00:00:00","0000-00-00 00:00:00"
1863,Dumri,Dumri,"Ground floor & First floor, | Mauza-jamtara,p.s.Dumri |Paragana: Rampur,Dumri| Giridih| Jharkhand | Pincode-825106",GIRIDIH,JHARKHAND,825106,"Sunil Kumar",,9708162268,utk15868@utkarsh.bank,,"Mr. Tapas Barik & Mr. Nitin Kumar (RIT)",JHARKHAND,9337513317/9608295625,tapas.barikh@utkarsh.bank,PO-23-11-023367,"EPSON (Printer - Inktank)","EPSON M3170 EPIL",X5TW011618,,,INK-005,"Maintaince Box",3,0,0,0,"0000-00-00 00:00:00","0000-00-00 00:00:00","0000-00-00 00:00:00"
1866,Pupri,Pupri,"First Floor, Laxmi Market, Pupri, Madhubani Road, Janakpur Road, Nagar Parishad, Pupri, District - Sitamarhi, Bihar, Pin code - 843320",SITAMARHI,BIHAR,843320,"Chandan Kumar singh",,7992269717,bm.pupri@utkarsh.bank,,"Mr.Ajeet Kumar(RIT)",BIHAR,9608953407,ajeet.kumar@utkarsh.bank,PO-23-05-017445,"EPSON (Printer - Inktank)","EPSON M3170 EPIL",X5TW012597,,,INK-005,"Maintaince Box",3,0.4,0,0,"0000-00-00 00:00:00","0000-00-00 00:00:00","0000-00-00 00:00:00"
1867,Birni,Birni,"Near Hanuman Mandir  Upper Ground Floor.P.S.Birani Birni.Girdih.825324",GIRIDIH,JHARKHAND,825324,"Nitesh kumar pandey",,9430040833,NA,,"Mr. Tapas Barik & Mr. Nitin Kumar (RIT)",JHARKHAND,9337513317/9608295625,tapas.barikh@utkarsh.bank,PO-23-11-023367,"EPSON (Printer - Inktank)","EPSON M3170 EPIL",X5TW010712,,,INK-005,"Maintaince Box",3,0.4,0,0,"0000-00-00 00:00:00","0000-00-00 00:00:00","0000-00-00 00:00:00"
1869," 
Bheldi"," 
Bheldi","Branch Office: Bheldi_1869
Ground Floor, Shakti Trading Company,
 Bheldi , Saran , Bihar, 841402",SARAN,BIHAR,841402,"Guddu Kumar",,7479797479,NA,,"Mr.Ajeet Kumar(RIT)",BIHAR,9608953407,ajeet.kumar@utkarsh.bank,PO-23-07-019048,"EPSON (Printer - Inktank)","EPSON M3170 EPIL",X5TW015330,,,INK-005,"Maintaince Box",3,0.4,0,0,"0000-00-00 00:00:00","0000-00-00 00:00:00","0000-00-00 00:00:00"
1870,"Hazrat Jandaha","Hazrat Jandaha","Ground Floor, Vill. + PO + Thana - Jandaha, Hajipur Road , Dist-Vaishali, Bihar - 844505",VAISHALI,BIHAR,844505,"Pradeep Kumar Kushwaha",,9546466159,abm.hazratjandaha@utkarsh.bank,,"Mr.Ajeet Kumar(RIT)",BIHAR,9608953407,ajeet.kumar@utkarsh.bank,PO-23-07-019048,"EPSON (Printer - Inktank)","EPSON M3170 EPIL",X5TW015339,,,INK-005,"Maintaince Box",3,0.4,0,0,"0000-00-00 00:00:00","0000-00-00 00:00:00","0000-00-00 00:00:00"
1871,"BHAGWANPUR HAT","BHAGWANPUR HAT"," 

Bhagwanpur Hat, Siwan, malmaliya Road, Siwan Bihar PIN -841408",SIWAN,BIHAR,841408,"Rajeev Ranjan Kumar",,7070895523,NA,,"Mr.Shantanu Kanth(RIT)",BIHAR,7635093755,shantanu.kanth@utkarsh.bank,PO-23-07-019048,"EPSON (Printer - Inktank)","EPSON M3170 EPIL",X5TW015341,,,INK-005,"Maintaince Box",3,0.4,0,0,"0000-00-00 00:00:00","0000-00-00 00:00:00","0000-00-00 00:00:00"
1872,"Paru Khas","Paru Khas","Ground Floor, Bara Daud Road, Paru Khas,? District: Muzaffarpur ,Bihar, Pin Code - 843112",MUZAFFARPUR,BIHAR,843112,"Basant Kumar",,9473490451,ops.parukhas@utkarsh.bank,,"Mr.Ajeet Kumar(RIT)",BIHAR,9608953407,ajeet.kumar@utkarsh.bank,PO-23-08-020721,"EPSON (Printer - Inktank)","EPSON M3170 EPIL",X5TW018803,,,INK-005,"Maintaince Box",3,0.4,0,0,"0000-00-00 00:00:00","0000-00-00 00:00:00","0000-00-00 00:00:00"
1873,Bariya,"Kotwari mode, Rasra","Bariya Raniganj Road,Near Sadhan Sahkari Samiti,Bariya ,Dist: Ballia, UP, Pin - 277201",BALLIA,"UTTAR PRADESH",277201,"Jitendra Kumar",,9140387664,abm.bariya@utkarsh.bank,,"Mr.Haidar Ali (RIT)","UTTAR PRADESH",8090554271,"haidar,ali@utkarsh.bank",PO-23-05-017444,"EPSON (Printer - Inktank)","EPSON M3170 EPIL",X5TW011633,,,INK-005,"Maintaince Box",3,0.4,0,0,"0000-00-00 00:00:00","0000-00-00 00:00:00","0000-00-00 00:00:00"
1874,Sakuri,Sakuri,"Sakri Bazaar, Near Sakri Masjid, Sakri, Dist- Madhubani PIN- 847239",MADHUBANI,BIHAR,847239,"Raja Ram ",,7338329265,abm.sakuri@utkarsh.bank,,"Mr.Ajeet Kumar(RIT)",BIHAR,9608953407,ajeet.kumar@utkarsh.bank,PO-23-07-019048,"EPSON (Printer - Inktank)","EPSON M3170 EPIL",X5TW015336,,,INK-005,"Maintaince Box",3,0.4,0,0,"0000-00-00 00:00:00","0000-00-00 00:00:00","0000-00-00 00:00:00"
1875,Madhubani,Madhubani,"Bypass Ranti Road, Vill- Chakdah, P.O- Ranti , PS-Rajnagar, Distt.-Madhubani, PIN - 847211",MADHUBANI,BIHAR,847211,"Rohit Kumar",,8789293930,ops.madhubani@utkarsh.bank,,"Mr.Ajeet Kumar(RIT)",BIHAR,9608953407,ajeet.kumar@utkarsh.bank,PO-23-07-019048,"EPSON (Printer - Inktank)","EPSON M3170 EPIL",X5TW012567,,,INK-005,"Maintaince Box",3,0.4,0,0,"0000-00-00 00:00:00","0000-00-00 00:00:00","0000-00-00 00:00:00"
1876,Dhamdaha,Purnia,", Infront of Bharat Petroleum, Main road Dhamdaha, Dist-Purnia, Pin-854205",PURNIA,BIHAR,854205,"Amar kumar Mandal",,6200344249,bm.Dhamdaha@utkarsh.bank,,"Mr.Priyatam Kumar Singh(RIT)",BIHAR,9504342712,priyatam.singh@utkarsh.bank,PO-23-05-017445,"EPSON (Printer - Inktank)","EPSON M3170 EPIL",X5TW012530,,,INK-005,"Maintaince Box",3,0.4,0,0,"0000-00-00 00:00:00","0000-00-00 00:00:00","0000-00-00 00:00:00"
1877,MUNGER,MUNGER,"MUNGER BRANCH MOGAL BAZAR ROAD, MADOPUR,MUNGER, BIHAR -811201",MUNGER,BIHAR,811201," 

ROHIT RAJ",,9122122461,NA,,"Mr.Priyatam Kumar Singh(RIT)",BIHAR,9504342712,priyatam.singh@utkarsh.bank,PO-23-07-019048,"EPSON (Printer - Inktank)","EPSON M3170 EPIL",X5TW015354,,,INK-005,"Maintaince Box",3,0.4,0,0,"0000-00-00 00:00:00","0000-00-00 00:00:00","0000-00-00 00:00:00"
1878,Baluwa,Baluwa,"Ground Floor, Areraj Road, Near Raghunathpur Vivah Bhawan, Balua, District ? Purbi Champaran, Bihar,Pin code ? 845457","PURBI CHAMPARAN",BIHAR,845457,"Chandan Kumar",,9934670198,bm.baluwa@utkarsh.bank,,"Mr.Ajeet Kumar(RIT)",BIHAR,9608953407,ajeet.kumar@utkarsh.bank,PO-23-08-020838,"EPSON (Printer - Inktank)","EPSON M3170 EPIL",X5TW015774,,,INK-005,"Maintaince Box",3,0.4,0,0,"0000-00-00 00:00:00","0000-00-00 00:00:00","0000-00-00 00:00:00"
1880,Jalalgarh,Purnia,"First Floor, Chaudhary Complex, Bus Stand, Jalalgarh, Purnia, Bihar - PIN 854327",PURNIA,BIHAR,854327,"Bodh Narayan Kumar",,8210568901,bm.Jalalgarh@utkarsh.bank,,"Mr.Priyatam Kumar Singh(RIT)",BIHAR,9504342712,priyatam.singh@utkarsh.bank,PO-23-05-017445,"EPSON (Printer - Inktank)","EPSON M3170 EPIL",X5TW011968,,,INK-005,"Maintaince Box",3,0.4,0,0,"0000-00-00 00:00:00","0000-00-00 00:00:00","0000-00-00 00:00:00"
1881,Bhargaon,Purnia,"Infront Of Block office Thana More,Bhargaon ,Dist-Arariya,Pin-854334",PURNIA,BIHAR,854334,"Kamdev Kumar",,9431833140,bm.Bhargaon@utkarsh.bank,,"Mr.Priyatam Kumar Singh(RIT)",BIHAR,9504342712,priyatam.singh@utkarsh.bank,PO-23-08-020721,"EPSON (Printer - Inktank)","EPSON M3170 EPIL",X5TW018724,,,INK-005,"Maintaince Box",3,0.4,0,0,"0000-00-00 00:00:00","0000-00-00 00:00:00","0000-00-00 00:00:00"
1882,Hasanpur,Samastipur,"Utkarsh Small Sinance BankGround Floor, Near Kali Mandir, Kalikapath Road, Rampur Rajwa, Hasanpur, Samastipur, Bihar. Pincode-858205",Samastipur,Bihar,858205,"Jayram Ray",,9973682480,bm.Hasanpur@utkarsh.bank,,"Mr.Priyatam Kumar Singh(RIT)",BIHAR,9504342712,priyatam.singh@utkarsh.bank,PO-23-08-020721,"EPSON (Printer - Inktank)","EPSON M3170 EPIL",X5TW018697,,,INK-005,"Maintaince Box",3,0.4,0,0,"0000-00-00 00:00:00","0000-00-00 00:00:00","0000-00-00 00:00:00"
1883,Phulparas,Phulparas,"Near Punjab National Bnak, Sisbabarhi, Phulparas, Barhi, Madhubani, Bihar. PIN - 847409",MADHUBANI,BIHAR,847409,"Navin Kumar",,9931061178,abm.phulparas@utkarsh.bank,,"Mr.Ajeet Kumar(RIT)",BIHAR,9608953407,ajeet.kumar@utkarsh.bank,PO-23-07-019048,"EPSON (Printer - Inktank)","EPSON M3170 EPIL",X5TW015361,,,INK-005,"Maintaince Box",3,0.4,0,0,"0000-00-00 00:00:00","0000-00-00 00:00:00","0000-00-00 00:00:00"
1884,Katoria,Jamalpur,"First Floor, Opp. State Bank of India, Katoria, Banka, Bihar. PIN - 813106",BANKA,BIHAR,813106,"Prabhat Kumar",,9006639800,bm.Katoria@utkarsh.bank,,"Mr.Priyatam Kumar Singh(RIT)",BIHAR,9504342712,priyatam.singh@utkarsh.bank,PO-22-11-011305,"EPSON (Printer - Inktank)","EPSON M3170 EPIL",X5TW015301,,,INK-005,"Maintaince Box",3,0.4,0,0,"0000-00-00 00:00:00","0000-00-00 00:00:00","0000-00-00 00:00:00"
1885,Rajaun,Jamalpur,"Ground Floor, Near Deep Narayan Singh College, Bhusiya, Rajour, Banka, Bihar. PIN - 813107",BANKA,BIHAR,813107,"Vikash Kumar",,6207586025,bm.Rajaun@utkarsh.bank,,"Mr.Priyatam Kumar Singh(RIT)",BIHAR,9504342712,priyatam.singh@utkarsh.bank,PO-23-11-023330,"EPSON (Printer - Inktank)","EPSON M3170 EPIL",X5TW015365,,,INK-005,"Maintaince Box",3,0.4,0,0,"0000-00-00 00:00:00","0000-00-00 00:00:00","0000-00-00 00:00:00"
1886,Kusheswarsthan,Kusheswarsthan,"Ground Floor, Sakirna Kuseheshwar Asthan, Darbhanga, Bihar. PIN - 848213",DARBHANGA,BIHAR,848213,"Ravi Ranjan Kumar",,8298671108,bm.kusheswarsthan@utkarsh.bank,,"Mr.Ajeet Kumar(RIT)",BIHAR,9608953407,ajeet.kumar@utkarsh.bank,PO-23-08-020721,"EPSON (Printer - Inktank)","EPSON M3170 EPIL",X5TW018685,,,INK-005,"Maintaince Box",3,0.4,0,0,"0000-00-00 00:00:00","0000-00-00 00:00:00","0000-00-00 00:00:00"
1887,Ramgarhwa,Ramgarhwa,"Ground Floor, Behind Pandey Market, Ramgarhwa , Dist. - East Champaran, Bihar, Pin-845433","PURBI CHAMPARAN",BIHAR,845433,"Nitish Kumar",,8948396879,bm.ramgarhwa@utkarsh.bank,,"Mr.Ajeet Kumar(RIT)",BIHAR,9608953407,ajeet.kumar@utkarsh.bank,PO-23-11-023246,"Samsung (Printer - LaserJet)",M3870FW,X5TW015807,,,Icon-203U,,3,0.4,0,0,"0000-00-00 00:00:00","0000-00-00 00:00:00","0000-00-00 00:00:00"
1888,Alauli,Begusarai,"Ground Floor, Alauli ? Haripur Road, District ? Khagaria, Bihar,Pin code. 848203",KHAGARIA,BIHAR,848203,"Rajeev Kumar",,8809797353,bm.Alauli@utkarsh.bank,,"Mr.Priyatam Kumar Singh(RIT)",BIHAR,9504342712,priyatam.singh@utkarsh.bank,PO-23-08-020721,"EPSON (Printer - Inktank)","EPSON M3170 EPIL",X5TW018766,,,INK-005,"Maintaince Box",3,0.4,0,0,"0000-00-00 00:00:00","0000-00-00 00:00:00","0000-00-00 00:00:00"
1889,Ekauna,"Darshan Nagar","Ground Floor, NH-730, Balrampur to Bhorich Road, Ikauna Bypass, Ekauna, Dist.-Sarawasti, Uttar Pradesh, PIN-271845",SHRAVASTI,"UTTAR PRADESH",271845,"Rahul kumar",,7080999830,bm.ekauna@utkarsh.bank,,"Mr.Haidar Ali (RIT)","UTTAR PRADESH",8090554271,"haidar,ali@utkarsh.bank",PO-23-05-017444,"EPSON (Printer - Inktank)","EPSON M3170 EPIL",X5TW011610,,,INK-005,"Maintaince Box",3,0.4,0,0,"0000-00-00 00:00:00","0000-00-00 00:00:00","0000-00-00 00:00:00"
1890,"  Saraiya Branch ","  Saraiya Branch ","Branch Office: SARIYA ARA , BALUA Road , Dist- Bhojpur ,802313",BHOJPUR,BIHAR,802313,"
Ravi Kumar",,9519203572,NA,,"Mr.kuldip Kumar (RIT)",BIHAR,9511133885,kuldip.kumar@utkarsh.bank,PO-23-08-020721,"EPSON (Printer - Inktank)","EPSON M3170 EPIL",X5TW016039,,,INK-005,"Maintaince Box",3,0.4,0,0,"0000-00-00 00:00:00","0000-00-00 00:00:00","0000-00-00 00:00:00"
1891,Chandili,Chandili,"Near Nagavali River, Amalabhata, J.K. Pur,? Chandili, Post Office- Penta ,Raygada, Odisha, PIN-765017",RAYAGADA,ODISHA,765017,"Chitta Ranjan Das",,9776764114,NA,,"Mr. Sanjay Kumar Mishra (RIT)",ODISHA,9853679830,sanjay.mishra@utkarsh.bank,PO-23-11-023262,"EPSON (Printer - Inktank)","EPSON M3170 EPIL",X5TW015517,,,INK-005,"Maintaince Box",3,0.4,0,0,"0000-00-00 00:00:00","0000-00-00 00:00:00","0000-00-00 00:00:00"
1893,Balugaon,Balugaon,"Upper Ground Floor,NH-05,Berhampur to Bhubaneswar Road,Near Somanath Bus Stand,Balugaon,District-Khordha,odisha-752030",KHORDHA,ODISHA,752030,#N/A,,#N/A,NA,,"Mr. Sanjay Kumar Mishra (RIT)",ODISHA,9853679830,sanjay.mishra@utkarsh.bank,PO-23-11-023262,"EPSON (Printer - Inktank)","EPSON M3170 EPIL",X5TW015522,,,INK-005,"Maintaince Box",3,0.4,0,0,"0000-00-00 00:00:00","0000-00-00 00:00:00","0000-00-00 00:00:00"
1896,"Tarwara ","Tarwara "," ,Tarwara ,Near gandak school, basantpur road. Tarwara, Siwan, Bihar, 841506",SIWAN,BIHAR,841506,"Jay prakash yadav",,7369024760,NA,,"Mr.Ajeet Kumar(RIT)",BIHAR,9608953407,ajeet.kumar@utkarsh.bank,PO-23-08-020838,"EPSON (Printer - Inktank)","EPSON M3170 EPIL",X5TW015508,,,INK-005,"Maintaince Box",3,0.4,0,0,"0000-00-00 00:00:00","0000-00-00 00:00:00","0000-00-00 00:00:00"
1897,Kalyansinghpur,"Rayagada Division","Ground Floor,Main Road, Kalyansingpur,Raygada, Odisha, RAYAGADA, Kalyansinghpur, 765016",RAYAGADA,ODISHA,765016,#N/A,,#N/A,NA,,"Mr. Sanjay Kumar Mishra (RIT)",ODISHA,9853679830,sanjay.mishra@utkarsh.bank,PO-23-11-023262,"EPSON (Printer - Inktank)","EPSON M3170 EPIL",X5TW019633,,,INK-005,"Maintaince Box",3,0,0,0,"0000-00-00 00:00:00","0000-00-00 00:00:00","0000-00-00 00:00:00"
1898,Gumia,Gomia,"Near Axis Bank, Palihari Gurudih Gomia Opposite- Hero Showroom Gomia Dist- Bokaro, Jharkhand-829111",BOKARO,JHARKHAND,829111,"Prakash Kumar Das",,8825379370,Replacment,,"Mr. Tapas Barik & Mr. Nitin Kumar (RIT)",JHARKHAND,9337513317/9608295625,tapas.barikh@utkarsh.bank,"Awaiting PO","EPSON (Printer - Inktank)","EPSON M3170 EPIL",X5TW007293,,,INK-005,"Maintaince Box",3,0.4,0,0,"0000-00-00 00:00:00","0000-00-00 00:00:00","0000-00-00 00:00:00"
1901,Bishnupur,Bishnupur,"Near Bank Of India bishunpur , Gumla - 835231",GUMLA,JHARKHAND,835231,"Mukesh Kumar Sahoo",,6201191940,utk21698@utkarsh.bank,,"Mr. Tapas Barik & Mr. Nitin Kumar (RIT)",JHARKHAND,9337513317/9608295625,tapas.barikh@utkarsh.bank,PO-23-08-020850,"EPSON (Printer - Inktank)","EPSON M3170 EPIL",X5TW018730,,,INK-005,"Maintaince Box",3,0,0,0,"0000-00-00 00:00:00","0000-00-00 00:00:00","0000-00-00 00:00:00"
1903,THANAGAZI,THANAGAZI," Upper Ground Floor, Payla complex,Alwar to Jaipur Raod, Near Indian Oil petrol pump, thangazi, 301022",ALWAR,RAJASTHAN,301022," Devendra Kumar Yadav",,6376474563,NA,,"Mr Ramesh (RIT)",DELHI,7060504211,ramesh.kumar@utkarsh.bank,PO-23-08-020858,"EPSON (Printer - Inktank)","EPSON M3170 EPIL",X5TW015806,,,INK-005,"Maintaince Box",3,0.4,0,0,"0000-00-00 00:00:00","0000-00-00 00:00:00","0000-00-00 00:00:00"
1906,Dausa,Dausa,"Upper Ground Floor Guru Nanak Nagar Jaipur Road Dausa Dausa Ti Agra Road Jaipur Byepass Near Bank OF Baroda Dausa Rajasthan 303303",DAUSA,RAJASTHAN,303303,"Jitendra singh shekhawat ",,7568555638,NA,,"Mr Ramesh (RIT)",DELHI,7060504211,ramesh.kumar@utkarsh.bank,PO-23-11-023265,"EPSON (Printer - Inktank)","EPSON M3170 EPIL",X5TW017602,,,INK-005,"Maintaince Box",3,0.4,0,0,"0000-00-00 00:00:00","0000-00-00 00:00:00","0000-00-00 00:00:00"
1908,Jagatsinghpur,Jagatsinghpur,"Durga Bazar, Panisailia, Near S.P. Residence, Jagatsinghpur, Odisha. PIN - 754103",JAGATSINGHAPUR,ODISHA,754103,#N/A,,#N/A,NA,,"Mr. Sanjay Kumar Mishra (RIT)",ODISHA,9853679830,sanjay.mishra@utkarsh.bank,PO-23-11-023262,"EPSON (Printer - Inktank)","EPSON M3170 EPIL",X5TW015521,,,INK-005,"Maintaince Box",3,0.4,0,0,"0000-00-00 00:00:00","0000-00-00 00:00:00","0000-00-00 00:00:00"
1910,Mashrakh,Mashrakh,"Utkarsh small finance  bank Near Rishabh family Restaurant, Chandeshwar more Mashrakh pin Code-841417",SARAN,BIHAR,841417,"Kundan Kumar ",,7004954672,NA,,"Mr.Priyatam Kumar Singh(RIT)",BIHAR,9504342712,priyatam.singh@utkarsh.bank,PO-23-11-023246,"EPSON (Printer - Inktank)","EPSON M3170 EPIL",X5TW015768,,,INK-005,"Maintaince Box",3,0.4,0,0,"0000-00-00 00:00:00","0000-00-00 00:00:00","0000-00-00 00:00:00"
1913,Bishamkatak,"Rayagada Division","Chandan Colony, Near SBI, BSNL Chowk,PO-PS - Bishamkatak, Rayagada, RAYAGADA, Bishamkatak, 765019",RAYAGADA,ODISHA,765019,#N/A,,#N/A,NA,,"Mr. Sanjay Kumar Mishra (RIT)",ODISHA,9853679830,sanjay.mishra@utkarsh.bank,PO-23-11-023262,"EPSON (Printer - Inktank)","EPSON M3170 EPIL",X5TW019263,,,INK-005,"Maintaince Box",3,0,0,0,"0000-00-00 00:00:00","0000-00-00 00:00:00","0000-00-00 00:00:00"
1914,Kashipur,Kashipur,"Bhawanipatna Road, Infront of Block Office, Police Colony, Kashipur, Raygada, Odisha. PIN - 765015",RAYAGADA,ODISHA,765015,#N/A,,#N/A,NA,,"Mr. Sanjay Kumar Mishra (RIT)",ODISHA,9853679830,sanjay.mishra@utkarsh.bank,PO-23-11-023262,"EPSON (Printer - Inktank)","EPSON M3170 EPIL",X5TW018758,,,INK-005,"Maintaince Box",3,0.4,0,0,"0000-00-00 00:00:00","0000-00-00 00:00:00","0000-00-00 00:00:00"
1916,Lachhmangarh,Lachhmangarh,"
  Ground Floor,

 Near HDFC BANK&PNB BANK Setho ka bajar,

Laxmangarh Dist- Sikar Rajasthan,(INDIA) Pin- 332311",SIKAR,RAJASTHAN,332311,Tarachand,,9664326156,NA,,"Mr Ramesh (RIT)",DELHI,7060504211,ramesh.kumar@utkarsh.bank,PO-23-11-023265,"EPSON (Printer - Inktank)","EPSON M3170 EPIL",X5TW017576,,,INK-005,"Maintaince Box",3,0.4,0,0,"0000-00-00 00:00:00","0000-00-00 00:00:00","0000-00-00 00:00:00"
1917,Sundergarh,Sundergarh,"First Floor, Bijaya Talkies Road, Near SBI Bank PO Dengibadi , PS Sundargarh Town, Dist Sundargarh,Odisha . PIN 770001",SUNDARGARH,ODISHA,770001,#N/A,,#N/A,NA,,"Mr. Sanjay Kumar Mishra (RIT)",ODISHA,9853679830,sanjay.mishra@utkarsh.bank,PO-23-11-023262,"EPSON (Printer - Inktank)","EPSON M3170 EPIL",X5TW015524,,,INK-005,"Maintaince Box",3,0.4,0,0,"0000-00-00 00:00:00","0000-00-00 00:00:00","0000-00-00 00:00:00"
1918,Chandahandi,Chandahandi,"Umarkot Road, Near Hanuman Mandir, Yashoda Nagar, Chandahandi, Nabranghpur, Odisha. PIN - 764077",NABARANGPUR,ODISHA,764077,#N/A,,#N/A,NA,,"Mr. Sanjay Kumar Mishra (RIT)",ODISHA,9853679830,sanjay.mishra@utkarsh.bank,PO-23-11-023262,"EPSON (Printer - Inktank)","EPSON M3170 EPIL",X5TW018802,,,INK-005,"Maintaince Box",3,0.4,0,0,"0000-00-00 00:00:00","0000-00-00 00:00:00","0000-00-00 00:00:00"
1922,Patepur,Patepur,"utkarsh small finace bank ground floor near state gate thana road|patepur vaishali -843114",VAISHALI,BIHAR,843114," Chandan Maurya ",,9651689557,NA,,"Mr.Ajeet Kumar(RIT)",BIHAR,9608953407,ajeet.kumar@utkarsh.bank,PO-23-11-023246,"EPSON (Printer - Inktank)","EPSON M3170 EPIL",X5TW015770,,,INK-005,"Maintaince Box",3,0.4,0,0,"0000-00-00 00:00:00","0000-00-00 00:00:00","0000-00-00 00:00:00"
1931,GHOGHA,GHOGHA,"Uppler lower ground Ghogha Chauk, west champaran  Bihar 845401","PURBI CHAMPARAN",BIHAR,845401,"Devendra Kumar Yadav",,7979702684,NA,,"Mr.Ajeet Kumar(RIT)",BIHAR,9608953407,ajeet.kumar@utkarsh.bank,PO-23-11-023246,"EPSON (Printer - Inktank)","EPSON M3170 EPIL",X5TW017645,,,INK-005,"Maintaince Box",3,0.4,0,0,"0000-00-00 00:00:00","0000-00-00 00:00:00","0000-00-00 00:00:00"
1932,Bettiha,Bettiha,"Branch Office :jagdishpur | Near op Thana jagdishpur  |Bettiha  Road | West Champaran | Bihar | 845459","PASHCHIM CHAMPARAN",BIHAR,845459,"Vijay Kumar ",,9661799656,NA,,"Mr.Ajeet Kumar(RIT)",BIHAR,9608953407,ajeet.kumar@utkarsh.bank,PO-23-11-023246,"EPSON (Printer - Inktank)","EPSON M3170 EPIL",X5TW018689,,,INK-005,"Maintaince Box",3,0.4,0,0,"0000-00-00 00:00:00","0000-00-00 00:00:00","0000-00-00 00:00:00"
1935,Rajauli,Rajauli," 
Ground Floor Opposite DAV School, Takia Tand, Rajauli, Nawada, Bihar, Pin- 805125",NAWADA,BIHAR,805125," Manoj Kumar Pandey",,6203990832,NA,,"Mr.Priyatam Kumar Singh(RIT)",BIHAR,9504342712,priyatam.singh@utkarsh.bank,PO-23-11-024070,"EPSON (Printer - Inktank)","EPSON M3170 EPIL",X5TW018784,,,INK-005,"Maintaince Box",1,0.4,0,0,"0000-00-00 00:00:00","0000-00-00 00:00:00","0000-00-00 00:00:00"
1940,Sonaili,Sonaili,"Branch Office: Ground Floor Sonaili- Purnea Road,| Near.- Indian Petrol Pump, | Sonaili Katihar |Bihar | Pin-  855114",KATIHAR,BIHAR,855114,"Alok Kumar",,9570565335,NA,,"Mr.Priyatam Kumar Singh(RIT)",BIHAR,9504342712,priyatam.singh@utkarsh.bank,PO-23-12-024419,"EPSON (Printer - Inktank)","EPSON M3170 EPIL",X5TW018767,,,INK-005,"Maintaince Box",3,0.4,0,0,"0000-00-00 00:00:00","0000-00-00 00:00:00","0000-00-00 00:00:00"
1944,Barahiya,"Munger Division","Ground Floor, Ward no - 22, Indupur,Near Police Station, Barhaiya, Dist- Lakhisarai, LAKHISARAI, Barahiya,811302",LAKHISARAI,BIHAR,811302,#N/A,,#N/A,NA,,"Mr.Priyatam Kumar Singh(RIT)",BIHAR,9504342712,priyatam.singh@utkarsh.bank,PO-23-12-025163,"Kyocera (Printer - LaserJet)","Kyocera FS 2040 DN",VYB2Y23382,"ICON TK-1178",DK-1150,,,3,0,0,0,"0000-00-00 00:00:00","0000-00-00 00:00:00","0000-00-00 00:00:00"
NA1,Balangir,"Balangir Division","Regd. & Corp. Office:Patnagarh Road Laltikhra near,Sadar Thana &Infront of medical,college Dist Balangir Odisha,Pin Code 767001",BALANGIR,ODISHA,767001,#N/A,NA,#N/A,NA,,"Mr. Sanjay Kumar Mishra (RIT)",ODISHA,9853679830,sanjay.mishra@utkarsh.bank,PO-22-08-010105,"Samsung (Printer - LaserJet)",MFD-SL-M2876ND,CNB2M4P8L5,,,"ICON 116L (Toner)","ICON 116L (Drum Unit)",3,0,0,0,"0000-00-00 00:00:00","0000-00-00 00:00:00","0000-00-00 00:00:00"
NA2,RO-Gorakhpur-14,"Basti Division","UTTAR PRADESH GORAKHPUR, VARANASI, Regional Office-Gorakhpur-14, 272154","SANT KABEER NAGAR","UTTAR PRADESH",272154,#N/A,NA,#N/A,NA,,"Mr.Haidar Ali (RIT)","UTTAR PRADESH",8090554271,"haidar,ali@utkarsh.bank",PO-22-11-011336,"Brother (Printer - LaserJet)","Brother- L2541DW",E73802A2N240852/E73802A2N243035,"ICON TN-2365","ICON DR 2365",,,3,0.4,0,0,"0000-00-00 00:00:00","0000-00-00 00:00:00","0000-00-00 00:00:00"
NA3,"Zonal Office - Nagpur -
9","Nagpur City Division","6th Floor, Honey Arjun Kaushalya Tower, Plot no. 268, Beside HDFC Bank,Central Avenue Road, Lakadganj, Nagpur (MH) - 440008, NAGPUR, Zonal
Office - Nagpur - 9, 440008",NAGPUR,MAHARASHTRA,440008,#N/A,NA,#N/A,NA,,"Mr. Rahul Chauhan (RIT) & Mr. Kamal (RIT)",MAHARASHTRA,7021828776/7525048585,rahul.chauhan1@utkarsh.bank,PO-22-11-011328,"Brother (Printer - LaserJet)","Brother- L2541DW",E73802A2N240915,"ICON TN-2365","ICON DR 2365",,,3,0,0,0,"0000-00-00 00:00:00","0000-00-00 00:00:00","0000-00-00 00:00:00"
NA4,Nautan-Bettiah,"West Champaran Division","Nautan,Post Nautan,District WestChamparan,Bihar, PASCHIMI CHAMPARAN, Nautan-Bettiah, 845438","PASHCHIM CHAMPARAN",BIHAR,845438,#N/A,NA,#N/A,NA,,"Mr.Ajeet Kumar(RIT)",BIHAR,9608953407,ajeet.kumar@utkarsh.bank,PO-22-03-015047,"Brother (Printer - LaserJet)","Brother- L2541DW",E73802A2N240937,"ICON TN-2365","ICON DR 2365",,,3,0,0,0,"0000-00-00 00:00:00","0000-00-00 00:00:00","0000-00-00 00:00:00"
NA5,"ZO- Varanasi-6","Varanasi West Division","1st Floor, R. H. Tower, S-20 - 53, 98A, The Mall Road Cantt, Varanasi,
UP - 221002, VARANASI, Zonal Office - Varanasi - 6, 221106",VARANASI,"UTTAR PRADESH",221106,#N/A,NA,#N/A,NA,,"Mr.Vishal Yadahav (RIT)","UTTAR PRADESH",8052868052,vishal.yadhav@utkarsh.bank,PO-22-11-011336,"Brother (Printer - LaserJet)","Brother- L2541DW",E73802A2N240939,"ICON TN-2365","ICON DR 2365",,,3,0,0,0,"0000-00-00 00:00:00","0000-00-00 00:00:00","0000-00-00 00:00:00"
NA6,"USFB Head Office - 1","Varanasi West Division","S-24, 1-2, 1st Floor, Mahavir Nagar, Orderly Bazar, Varanasi, Uttar Pradesh - 221002, VARANASI, USFB Head Office - 1, 221002",VARANASI,"UTTAR PRADESH",221002,#N/A,NA,#N/A,NA,,"Mr.Vishal Yadahav (RIT)","UTTAR PRADESH",8052868052,vishal.yadhav@utkarsh.bank,PO-22-11-011336,"Brother (Printer - LaserJet)","Brother- L2541DW",E73802A2N240946,"ICON TN-2365","ICON DR 2365",,,3,0,0,0,"0000-00-00 00:00:00","0000-00-00 00:00:00","0000-00-00 00:00:00"
NA7,"RO- Bhagalpur ","Patna Division","onal Office:- 2nd Floor,134-A, Patliputra Colony,Opposite Polytechnic Gate,Patna Bihar, PIN ? 800013",PATNA,BIHAR,800013,#N/A,NA,#N/A,NA,,"Mr.Shantanu Kanth(RIT)",BIHAR,7635093755,shantanu.kanth@utkarsh.bank,PO-22-11-011324,"Brother (Printer - LaserJet)","Brother- L2541DW",E73802A2N241026,"ICON TN-2365","ICON DR 2365",,,3,0,0,0,"0000-00-00 00:00:00","0000-00-00 00:00:00","0000-00-00 00:00:00"
NA8,Nausadh,"Gorakhpur Division","Upper Ground Floor,Varanasi Road,Near Bagha Baba place,Nausad,District- Gorakhpur,Uttar Pradesh, GORAKHPUR, Nausadh, 273001",GORAKHPUR,"UTTAR PRADESH",273001,#N/A,NA,#N/A,NA,,"Mr.Haidar Ali (RIT)","UTTAR PRADESH",8090554271,"haidar,ali@utkarsh.bank",PO-22-03-015079,"Brother (Printer - LaserJet)","Brother- L2541DW",E73802A2N241083,"ICON TN-2365","ICON DR 2365",,,3,0,0,0,"0000-00-00 00:00:00","0000-00-00 00:00:00","0000-00-00 00:00:00"
NA9,Nabinagar,"AurangabadBihar Division"," Upper Ground Floor Near Panjab National
Bank Mauza Nabi Naga District Aurangabad Bihar, AURANGABAD, Nabinagar,
824301",AURANGABAD,BIHAR,824301,#N/A,NA,#N/A,NA,,"Mr.Ajeet Kumar(RIT)",BIHAR,9608953407,ajeet.kumar@utkarsh.bank,PO-22-03-015047,"Brother (Printer - LaserJet)","Brother- L2541DW",E73802A2N242996,"ICON TN-2365","ICON DR 2365",,,3,0,0,0,"0000-00-00 00:00:00","0000-00-00 00:00:00","0000-00-00 00:00:00"
NA10,RO-Allhabad-13,"Allahabad Division","Regional Office :- 2| Sardar Patel Marg | Civil Lines | Prayagraj| Utter Pradesh | 211001",PRAYAGRAJ,"UTTAR PRADESH",211001,#N/A,NA,#N/A,NA,,"Mr. Anil Kumar (RIT)","UTTAR PRADESH",7753811316,anil.yadav@utkarsh.bank,PO-22-11-011336,"Brother (Printer - LaserJet)","Brother- L2541DW",E73802A2N243029,"ICON TN-2365","ICON DR 2365",,,3,0,0,0,"0000-00-00 00:00:00","0000-00-00 00:00:00","0000-00-00 00:00:00"
NA11,"USFB Head
Office - 1","Varanasi West Division","S-24, 1-2, 1st Floor, Mahavir Nagar, Orderly Bazar, Varanasi, Uttar
Pradesh - 221002, VARANASI, USFB Head Office - 1, 221002",VARANASI,"UTTAR PRADESH",221002,#N/A,NA,#N/A,NA,,"Mr.Vishal Yadahav (RIT)","UTTAR PRADESH",8052868052,vishal.yadhav@utkarsh.bank,PO-23-12-025499,"Kyocera (Printer - LaserJet)","Kyocera FS 2040 DN",VYB2X14101,"ICON TK-1178",DK-1150,,,3,0,0,0,"0000-00-00 00:00:00","0000-00-00 00:00:00","0000-00-00 00:00:00"
NA12,Kozhikode,"Calicut Division","Ground FIoor, No. 62 1803(a), YMCA Cross Road, Kozhikode, Kerala, KOZHIKODE, Kozhikode, 673001",KOZHIKODE,KERALA,673001,#N/A,NA,#N/A,NA,,"Mr. Imran Sharif K.S (RIT)",TELANGANA,9840451965,imran.shariff@utkarsh.bank,PO-23-12-025463,"Kyocera (Printer - LaserJet)","Kyocera FS 2040 DN",VYB2X14135,"ICON TK-1178",DK-1150,,,3,0,0,0,"0000-00-00 00:00:00","0000-00-00 00:00:00","0000-00-00 00:00:00"
NA13,"USFB Head Office - 1","Varanasi West Division","S-24, 1-2, 1st Floor, Mahavir Nagar, Orderly Bazar, Varanasi, Uttar
Pradesh - 221002, VARANASI, USFB Head Office - 1, 221002",VARANASI,"UTTAR PRADESH",221002,#N/A,NA,#N/A,NA,,"Mr.Vishal Yadahav (RIT)","UTTAR PRADESH",8052868052,vishal.yadhav@utkarsh.bank,PO-23-01-025758,"Kyocera (Printer - LaserJet)","Kyocera FS 2040 DN",VYB2X14160,"ICON TK-1178",DK-1150,,,3,0,0,0,"0000-00-00 00:00:00","0000-00-00 00:00:00","0000-00-00 00:00:00"
NA14,"USFB Head Office - 1","Varanasi West Division","S-24, 1-2, 1st Floor, Mahavir Nagar, Orderly Bazar, Varanasi, Uttar
Pradesh - 221002, VARANASI, USFB Head Office - 1, 221002",VARANASI,"UTTAR PRADESH",221002,#N/A,NA,#N/A,NA,,"Mr.Vishal Yadahav (RIT)","UTTAR PRADESH",8052868052,vishal.yadhav@utkarsh.bank,PO-23-01-025758,"Kyocera (Printer - LaserJet)","Kyocera FS 2040 DN",VYB2X14307,"ICON TK-1178",DK-1150,,,3,0,0,0,"0000-00-00 00:00:00","0000-00-00 00:00:00","0000-00-00 00:00:00"
NA15,"Hazaribagh RO","Hazaribagh Division","Second Floor, Nutannagar, Oreya Road,Hazaribagh, Dist- Hazaribagh, Jharkhand, HAZARIBAG, Hazaribagh RO,825303",HAZARIBAGH,JHARKHAND,825303,#N/A,NA,#N/A,NA,,"Mr. Tapas Barik & Mr. Nitin Kumar (RIT)",JHARKHAND,9337513317/9608295625,tapas.barikh@utkarsh.bank,PO-23-01-025939,"Kyocera (Printer - LaserJet)","Kyocera FS 2040 DN",VYB2Y22773,"ICON TK-1178",DK-1150,,,3,0,0,0,"0000-00-00 00:00:00","0000-00-00 00:00:00","0000-00-00 00:00:00"
NA16,"Gorakhpur
ZO","Gorakhpur Division","Ground Floor and First Floor, Gas Godam More, Singhariya, Gorakhpur Uttar Pradesh, GORAKHPUR, Gorakhpur ZO,
273008",GORAKHPUR,"UTTAR PRADESH",273008,#N/A,NA,#N/A,NA,,"Mr.Haidar Ali (RIT)","UTTAR PRADESH",8090554271,"haidar,ali@utkarsh.bank",PO-23-01-026025,"Kyocera (Printer - LaserJet)","Kyocera FS 2040 DN",VYB2Y22973,"ICON TK-1178",DK-1150,,,3,0,0,0,"0000-00-00 00:00:00","0000-00-00 00:00:00","0000-00-00 00:00:00"
NA17,"USFB Head Office - 1","Varanasi West Division","S-24, 1-2, 1st Floor, Mahavir Nagar, Orderly Bazar, Varanasi, Uttar Pradesh - 221002, VARANASI, USFB Head Office - 1, 221002",VARANASI,"UTTAR PRADESH",221002,#N/A,NA,#N/A,NA,,"Mr.Vishal Yadahav (RIT)","UTTAR PRADESH",8052868052,vishal.yadhav@utkarsh.bank,PO-23-01-025872,"Kyocera (Printer - LaserJet)","Kyocera FS 2040 DN",VYB2Y23122,"ICON TK-1178",DK-1150,,,3,0,0,0,"0000-00-00 00:00:00","0000-00-00 00:00:00","0000-00-00 00:00:00"
NA18,"Deoria RO","Deoria Division","First Floor, In front of Canara Bank,Bhikhampur Road, Near Railway Station, Deoria Uttar Pradesh, DEORIA,Deoria RO, 274001",DEORIA,"UTTAR PRADESH",274001,#N/A,NA,#N/A,NA,,"Mr.Haidar Ali (RIT)","UTTAR PRADESH",8090554271,"haidar,ali@utkarsh.bank",PO-23-01-025931,"Kyocera (Printer - LaserJet)","Kyocera FS 2040 DN",VYB2Y23187,"ICON TK-1178",DK-1150,,,3,0,0,0,"0000-00-00 00:00:00","0000-00-00 00:00:00","0000-00-00 00:00:00"
NA19,"Central Processing
Center-2","Varanasi West Division","Utkarsh Tower, NH - 31 (Airport Road), Sehmalpur, Kazi Sarai, Harhua, Varanasi, Uttar Pradesh, PIN ? 221105",VARANASI,"UTTAR PRADESH",221105,#N/A,NA,#N/A,NA,,"Mr.Vishal Yadahav (RIT)","UTTAR PRADESH",8052868052,vishal.yadhav@utkarsh.bank,PO-23-02-027896,"Kyocera (Printer - LaserJet)","Kyocera FS 2040 DN",VYB2Y23190,"ICON TK-1178",DK-1150,,,3,0,0,0,"0000-00-00 00:00:00","0000-00-00 00:00:00","0000-00-00 00:00:00"
NA20,"Muzaffarpur ZO","Muzaffarpur Division","First Floor Floor,Muzaffarpur, Gobarshahi -Dumri Road, Near Suraj Sweets, Bari Pokhar, Durga Mandir, Muzaffarpur,MUZAFFARPUR, Muzaffarpur ZO, 843113",MUZAFFARPUR,BIHAR,843113,#N/A,NA,#N/A,NA,,"Mr.Ajeet Kumar(RIT)",BIHAR,9608953407,ajeet.kumar@utkarsh.bank,PO-23-01-026024,"Kyocera (Printer - LaserJet)","Kyocera FS 2040 DN",VYB2Y23200,"ICON TK-1178",DK-1150,,,3,0,0,0,"0000-00-00 00:00:00","0000-00-00 00:00:00","0000-00-00 00:00:00"
NA21,"Gorakhpur
ZO","Gorakhpur Division","Ground Floor and First Floor, Gas Godam More, Singhariya, Gorakhpur Uttar Pradesh, GORAKHPUR, Gorakhpur ZO,
273008",GORAKHPUR,"UTTAR PRADESH",273008,#N/A,NA,#N/A,NA,,"Mr.Haidar Ali (RIT)","UTTAR PRADESH",8090554271,"haidar,ali@utkarsh.bank",PO-23-01-026025,"Kyocera (Printer - LaserJet)","Kyocera FS 2040 DN",VYB2Y23387,"ICON TK-1178",DK-1150,,,3,0,0,0,"0000-00-00 00:00:00","0000-00-00 00:00:00","0000-00-00 00:00:00"
NA22,"Muzaffarpur ZO","Muzaffarpur Division","First Floor Floor,Muzaffarpur, Gobarshahi -Dumri Road, Near Suraj Sweets, Bari Pokhar, Durga Mandir, Muzaffarpur,MUZAFFARPUR, Muzaffarpur ZO, 843113",MUZAFFARPUR,BIHAR,843113,#N/A,NA,#N/A,NA,,"Mr.Ajeet Kumar(RIT)",BIHAR,9608953407,ajeet.kumar@utkarsh.bank,PO-23-01-026024,"Kyocera (Printer - LaserJet)","Kyocera FS 2040 DN",VYB2Y23393,"ICON TK-1178",DK-1150,,,3,0,0,0,"0000-00-00 00:00:00","0000-00-00 00:00:00","0000-00-00 00:00:00"
NA23,Anand,"Anand Division","Shop Number 5,6,7 and 8, Ground Floor, R K HUB, City Survey Number 254,Near Bhaikaka Statue Garden, Vallabh Vidyanagar, Anand, Gujarat, ANAND,Anand, 388120",ANAND,GUJARAT,388120,#N/A,NA,#N/A,NA,,"Mr. Rahul Chauhan (RIT) & Mr. Kamal (RIT)",MAHARASHTRA,7021828776/7525048585,rahul.chauhan1@utkarsh.bank,PO-23-04-016361,"EPSON (Printer - Inktank)","EPSON M3170 EPIL",X5TW010736,,,INK-005,"Maintaince Box",3,0,0,0,"0000-00-00 00:00:00","0000-00-00 00:00:00","0000-00-00 00:00:00"
NA24,Jaipur,"Jaipur City Division","Shop No.LG 3 & LG 4,Lower Ground Floor,DP Metro,Plot No 05 & 06,DPColony,New Sangner Road,Sodala,Jaipur,Rajasthan-302019, JAIPUR, Jaipur
Training center cum Regional, 302019",JAIPUR,RAJASTHAN,302019,#N/A,NA,#N/A,NA,,"Mr Ramesh (RIT)",DELHI,7060504211,ramesh.kumar@utkarsh.bank,PO-23-05-017645,"EPSON (Printer - Inktank)","EPSON M3170 EPIL",X5TW010944,,,INK-005,"Maintaince Box",3,0,0,0,"0000-00-00 00:00:00","0000-00-00 00:00:00","0000-00-00 00:00:00"
NA25,"USFB Head Office - 1","Varanasi West Division","S-24, 1-2, 1st Floor, Mahavir Nagar, Orderly Bazar, Varanasi, Uttar Pradesh - 221002, VARANASI, USFB Head Office - 1, 221002",VARANASI,"UTTAR PRADESH",221002,#N/A,NA,#N/A,NA,,"Mr.Vishal Yadahav (RIT)","UTTAR PRADESH",8052868052,vishal.yadhav@utkarsh.bank,PO-23-05-017444,"EPSON (Printer - Inktank)","EPSON M3170 EPIL",X5TW011165,,,INK-005,"Maintaince Box",3,0,0,0,"0000-00-00 00:00:00","0000-00-00 00:00:00","0000-00-00 00:00:00"
NA26,"ZO- Varanasi-6","Varanasi West Division","1st Floor, R. H. Tower, S-20 - 53, 98A, The Mall Road Cantt, Varanasi,
UP - 221002, VARANASI, Zonal Office - Varanasi - 6, 221106",VARANASI,"UTTAR PRADESH",221106,#N/A,NA,#N/A,NA,,"Mr.Vishal Yadahav (RIT)","UTTAR PRADESH",8052868052,vishal.yadhav@utkarsh.bank,PO-22-11-011336,"EPSON (Printer - Inktank)","EPSON M3170 EPIL",X5TW011238,,,INK-005,"Maintaince Box",3,0,0,0,"0000-00-00 00:00:00","0000-00-00 00:00:00","0000-00-00 00:00:00"
NA27,"USFB Head Office - 1","Varanasi West Division","S-24, 1-2, 1st Floor, Mahavir Nagar, Orderly Bazar, Varanasi, Uttar Pradesh - 221002, VARANASI, USFB Head Office - 1, 221002",VARANASI,"UTTAR PRADESH",221002,#N/A,NA,#N/A,NA,,"Mr.Vishal Yadahav (RIT)","UTTAR PRADESH",8052868052,vishal.yadhav@utkarsh.bank,PO-22-11-011336,"EPSON (Printer - Inktank)","EPSON M3170 EPIL",X5TW011260,,,INK-005,"Maintaince Box",3,0,0,0,"0000-00-00 00:00:00","0000-00-00 00:00:00","0000-00-00 00:00:00"
NA28,"Tilak Nagar-MB","New Delhi West Division","WZ 1128 Minakshi garden , Near Shubhas Nagar Metro Station, Pillar no. 482, Tilak Nagar, East Delhi - 110018",WEST,DELHI,110018,#N/A,NA,#N/A,NA,,"Mr Ramesh (RIT)",DELHI,7060504211,ramesh.kumar@utkarsh.bank,PO-23-05-017642,"EPSON (Printer - Inktank)","EPSON M3170 EPIL",X5TW011272,,,INK-005,"Maintaince Box",3,0,0,0,"0000-00-00 00:00:00","0000-00-00 00:00:00","0000-00-00 00:00:00"
NA29,"Zonal Office - Nagpur -
9","Nagpur City Division","6th Floor, Honey Arjun Kaushalya Tower, Plot no. 268, Beside HDFC Bank,Central Avenue Road, Lakadganj, Nagpur (MH) - 440008, NAGPUR, Zonal
Office - Nagpur - 9, 440008",NAGPUR,MAHARASHTRA,440008,#N/A,NA,#N/A,NA,,"Mr. Rahul Chauhan (RIT) & Mr. Kamal (RIT)",MAHARASHTRA,7021828776/7525048585,rahul.chauhan1@utkarsh.bank,PO-22-11-011328,"EPSON (Printer - Inktank)","EPSON M3170 EPIL",X5TW011390,,,INK-005,"Maintaince Box",3,0,0,0,"0000-00-00 00:00:00","0000-00-00 00:00:00","0000-00-00 00:00:00"
NA30,Bikaner,"Bikaner Division","Ground Floor, Roshan Plaza Commercial Complex, Rani Bazar, Adjacent HDFC Bank, Bikaner, BIKANER, Bikaner, 334001",BIKANER,RAJASTHAN,334001,#N/A,NA,#N/A,NA,,"Mr Ramesh (RIT)",DELHI,7060504211,ramesh.kumar@utkarsh.bank,PO-23-06-018455,"EPSON (Printer - Inktank)","EPSON M3170 EPIL",X5TW011614,,,INK-005,"Maintaince Box",3,0,0,0,"0000-00-00 00:00:00","0000-00-00 00:00:00","0000-00-00 00:00:00"
NA31,"USFB Head Office - 1","Varanasi West Division","S-24, 1-2, 1st Floor, Mahavir Nagar, Orderly Bazar, Varanasi, Uttar Pradesh - 221002, VARANASI, USFB Head Office - 1, 221002",VARANASI,"UTTAR PRADESH",221002,#N/A,NA,#N/A,NA,,"Mr.Vishal Yadahav (RIT)","UTTAR PRADESH",8052868052,vishal.yadhav@utkarsh.bank,PO-23-05-017444,"EPSON (Printer - Inktank)","EPSON M3170 EPIL",X5TW011620,,,INK-005,"Maintaince Box",3,0,0,0,"0000-00-00 00:00:00","0000-00-00 00:00:00","0000-00-00 00:00:00"
NA32,Baguihati,"Kolkata East Division","Ground Floor, Indranil Apartment, Rajarhat Main Road, Opp. New TownNursing Home, P.O- Desh Bandhu Nagar, P.S- Baguihati, KOLKATA,Baguihati, 700059","24 PARAGANAS NORTH","WEST BENGAL",700059,#N/A,NA,#N/A,NA,,"Mr.Tapas Kumar Barikh(RIT)","WEST BENGAL",9337513317,tapas.barikh@utkarsh.bank,PO-23-06-018803,"EPSON (Printer - Inktank)","EPSON M3170 EPIL",X5TW012598,,,INK-005,"Maintaince Box",3,0,0,0,"0000-00-00 00:00:00","0000-00-00 00:00:00","0000-00-00 00:00:00"
NA33,"BHUBANESHWAR ZO and TRAINING CENTRE","Bhubaneswar Division","1st and 3rd Floor, A.N Plaza, Plot No-267-1009, Rasulgarh Square,
Rasulgarh, Bhubaneswar-751010,, Bhubaneswar, BHUBANESHWAR ZO and
TRAINING CENTRE, 751010",KHORDHA,ODISHA,751010,#N/A,NA,#N/A,NA,,"Mr. Sanjay Kumar Mishra (RIT)",ODISHA,9853679830,sanjay.mishra@utkarsh.bank,PO-23-05-017447,"EPSON (Printer - Inktank)","EPSON M3170 EPIL",X5TW013483,,,INK-005,"Maintaince Box",3,0,0,0,"0000-00-00 00:00:00","0000-00-00 00:00:00","0000-00-00 00:00:00"
NA34,Ulhasnagar,Ulhasnagar,"Shop Ground floor Laxmi Plaza, Opp. Union bank of India (Corporation
Bank) UMC Road, District Thane, State Maharashtra, THANE, Ulhasnagar,
421003",Ulhasnagar,Maharashtra,421003,#N/A,NA,#N/A,NA,,"Mr. Rahul Chauhan (RIT) & Mr. Kamal (RIT)",MAHARASHTRA,7021828776/7525048585,rahul.chauhan1@utkarsh.bank,PO-23-04-016365,"EPSON (Printer - Inktank)","EPSON M3170 EPIL",X5TW013562,,,INK-005,"Maintaince Box",3,0,0,0,"0000-00-00 00:00:00","0000-00-00 00:00:00","0000-00-00 00:00:00"
NA35,Asansol,"Asansol Division","92, Ground FIoor, G.T. Road (East), Beside Durga Mandir, Ward No. 21,Asansol, PS South, Dist. Paschim Burdwan, West Bengal, BARDDHAMAN,Asansol, 713303","PASCHIM BARDHAMAN","WEST BENGAL",713303,#N/A,NA,#N/A,NA,,"Mr.Tapas Kumar Barikh(RIT)","WEST BENGAL",9337513317,tapas.barikh@utkarsh.bank,PO-23-05-017463,"EPSON (Printer - Inktank)","EPSON M3170 EPIL",X5TW014117,,,INK-005,"Maintaince Box",3,0,0,0,"0000-00-00 00:00:00","0000-00-00 00:00:00","0000-00-00 00:00:00"
NA36,"Tola Khas Chakai","Munger Division","Ground Floor, Chakai More, Jamui Road,
Jamui, JAMUI, Tola Khas Chakai, 811303",JAMUI,BIHAR,811303,#N/A,NA,#N/A,NA,,"Mr.Priyatam Kumar Singh(RIT)",BIHAR,9504342712,priyatam.singh@utkarsh.bank,PO-23-11-023246,"EPSON (Printer - Inktank)","EPSON M3170 EPIL",X5TW015507,,,INK-005,"Maintaince Box",3,0,0,0,"0000-00-00 00:00:00","0000-00-00 00:00:00","0000-00-00 00:00:00"
NA37,Islamnagar,"Munger Division","Upper Ground Floor, Jamui - Nawada Main
Road, Aliganj, P.O- Aliganj, P.S- Chanaldeep, Dist- Jamui, Bihar, JAMUI,Islamnagar, 811301",JAMUI,BIHAR,811301,#N/A,NA,#N/A,NA,,"Mr.Priyatam Kumar Singh(RIT)",BIHAR,9504342712,priyatam.singh@utkarsh.bank,PO-23-11-023246,"EPSON (Printer - Inktank)","EPSON M3170 EPIL",X5TW015513,,,INK-005,"Maintaince Box",3,0,0,0,"0000-00-00 00:00:00","0000-00-00 00:00:00","0000-00-00 00:00:00"
NA38,Shahpura,"Jaipur Moffusil Division","Upper Ground Floor, Darbar Mohalla,Shahpura (Jaipur), N.H. - 08, Jaipur, JAIPUR, Shahpura, 303103",JAIPUR,RAJASTHAN,303103,#N/A,NA,#N/A,NA,,"Mr Ramesh (RIT)",DELHI,7060504211,ramesh.kumar@utkarsh.bank,PO-23-08-020858,"EPSON (Printer - Inktank)","EPSON M3170 EPIL",X5TW015514,,,INK-005,"Maintaince Box",3,0,0,0,"0000-00-00 00:00:00","0000-00-00 00:00:00","0000-00-00 00:00:00"
NA39,Bhawanipur,"Purnea Division","Near SBI, Upendra Singh Complex, Main
Market Chowk, Bhawanipur, Dist-Purnia, Bihar, PURNIA, Bhawanipur, 854204",PURNIA,BIHAR,854204,#N/A,NA,#N/A,NA,,"Mr.Priyatam Kumar Singh(RIT)",BIHAR,9504342712,priyatam.singh@utkarsh.bank,PO-23-11-023246,"EPSON (Printer - Inktank)","EPSON M3170 EPIL",X5TW015529,,,INK-005,"Maintaince Box",3,0,0,0,"0000-00-00 00:00:00","0000-00-00 00:00:00","0000-00-00 00:00:00"
NA40,Saraiyahat,"Santhal Parganas Division","Upper Ground Floor, Charka Pather,Sariyahat, Near Bijli Office, Sariyahat, Dumka, DUMKA, Saraiyahat-814151",DUMKA,JHARKHAND,814151,#N/A,NA,#N/A,NA,,"Mr. Tapas Barik & Mr. Nitin Kumar (RIT)",JHARKHAND,9337513317/9608295625,tapas.barikh@utkarsh.bank,PO-23-08-020850,"EPSON (Printer - Inktank)","EPSON M3170 EPIL",X5TW015532,,,INK-005,"Maintaince Box",3,0,0,0,"0000-00-00 00:00:00","0000-00-00 00:00:00","0000-00-00 00:00:00"
NA41,"Ramkrishna Nagar Patna","Patna Division","Shivashila Complex, Ramkrishna
Nagar, New Bye Pass Road, Patna, PATNA, Ramkrishna Nagar Patna, 800027",PATNA,BIHAR,800027,#N/A,NA,#N/A,NA,,"Mr.Shantanu Kanth(RIT)",BIHAR,7635093755,shantanu.kanth@utkarsh.bank,PO-23-11-023246,"EPSON (Printer - Inktank)","EPSON M3170 EPIL",X5TW015699,,,INK-005,"Maintaince Box",3,0,0,0,"0000-00-00 00:00:00","0000-00-00 00:00:00","0000-00-00 00:00:00"
NA42,Bharatpur,"Bharatpur Division","Upper Ground Floor, Near Red Cross
Circle, Nai Mandi, Gol Chauraha, Bharatpur, Rajasthan, BHARATPUR,Bharatpur, 321001",BHARATPUR,RAJASTHAN,321001,#N/A,NA,#N/A,NA,,"Mr Ramesh (RIT)",DELHI,7060504211,ramesh.kumar@utkarsh.bank,PO-23-11-023265,"EPSON (Printer - Inktank)","EPSON M3170 EPIL",X5TW015797,,,INK-005,"Maintaince Box",3,0,0,0,"0000-00-00 00:00:00","0000-00-00 00:00:00","0000-00-00 00:00:00"
NA43,Pirpainti,"Bhagalpur Division","Shermari Bazaar, Near HP Gas Agency,
P.O -P.S - Pirpainti , Bhagalpur, BHAGALPUR, Pirpainti, 813209",BHAGALPUR,BIHAR,813209,#N/A,NA,#N/A,NA,,"Mr.Priyatam Kumar Singh(RIT)",BIHAR,9504342712,priyatam.singh@utkarsh.bank,PO-23-11-023246,"EPSON (Printer - Inktank)","EPSON M3170 EPIL",X5TW016013,,,INK-005,"Maintaince Box",3,0,0,0,"0000-00-00 00:00:00","0000-00-00 00:00:00","0000-00-00 00:00:00"
NA44,"Khamla Nagpur","Nagpur City Division","Upper Ground Floor, Shop No. 11,12&13, Shree Ganesh Height Apartment,Khamla Nagpur, NAGPUR, Khamla Nagpur, 440015",NAGPUR,MAHARASHTRA,440015,#N/A,NA,#N/A,NA,,"Mr. Rahul Chauhan (RIT) & Mr. Kamal (RIT)",MAHARASHTRA,7021828776/7525048585,rahul.chauhan1@utkarsh.bank,PO-23-08-020834,"EPSON (Printer - Inktank)","EPSON M3170 EPIL",X5TW016042,,,INK-005,"Maintaince Box",3,0,0,0,"0000-00-00 00:00:00","0000-00-00 00:00:00","0000-00-00 00:00:00"
NA45,"Sector-7
Rohini","Delhi North Division","F 26 12, Ground Floor, Sector 7, Rohini, New Delhi, NEW DELHI, Sector-7
Rohini, 110085","NORTH WEST",DELHI,110085,#N/A,NA,#N/A,NA,,"Mr Ramesh (RIT)",DELHI,7060504211,ramesh.kumar@utkarsh.bank,PO-23-11-023261,"EPSON (Printer - Inktank)","EPSON M3170 EPIL",X5TW017539,,,INK-005,"Maintaince Box",3,0,0,0,"0000-00-00 00:00:00","0000-00-00 00:00:00","0000-00-00 00:00:00"
NA46,"Brijlok Colony Pilibhit
Road","Bareilly Division","Upper Ground Floor, Sharad Tower, Municipal Shop No 339A, Khasra No.339, Udaypur Khas, Brijlok Colony, Near Dharamkanta Chauraha, PilibhitRoad, Bareilly, BAREILLY, Brijlok Colony Pilibhit Road, 243001",BAREILLY,"UTTAR PRADESH",243001,#N/A,NA,#N/A,NA,,"Mr. Anil Kumar (RIT)","UTTAR PRADESH",7753811316,anil.yadav@utkarsh.bank,PO-23-11-023274,"EPSON (Printer - Inktank)","EPSON M3170 EPIL",X5TW017585,,,INK-005,"Maintaince Box",3,0,0,0,"0000-00-00 00:00:00","0000-00-00 00:00:00","0000-00-00 00:00:00"
NA47,Deo,"AurangabadBihar Division","Ground Floor, Near High School, Main
Road Deo, Aurangabad, AURANGABAD, Deo, 824202",AURANGABAD,BIHAR,824202,#N/A,NA,#N/A,NA,,"Mr.Ajeet Kumar(RIT)",BIHAR,9608953407,ajeet.kumar@utkarsh.bank,PO-23-11-023246,"EPSON (Printer - Inktank)","EPSON M3170 EPIL",X5TW017589,,,INK-005,"Maintaince Box",3,0,0,0,"0000-00-00 00:00:00","0000-00-00 00:00:00","0000-00-00 00:00:00"
NA48,"Mysuru Karnataka","Mysuru Division","Ground Floor, No 2629 3, New No 09 3, Corner Temple Road, 1st Main Road,
Mysore, MYSORE, Mysuru Karnataka, 570002",MYSURU,KARNATAKA,570002,#N/A,NA,#N/A,NA,,"Mr. Imran Sharif K.S (RIT)",TELANGANA,9840451965,imran.shariff@utkarsh.bank,PO-23-11-023257,"EPSON (Printer - Inktank)","EPSON M3170 EPIL",X5TW017592,,,INK-005,"Maintaince Box",3,0,0,0,"0000-00-00 00:00:00","0000-00-00 00:00:00","0000-00-00 00:00:00"
NA49,"Ahmedabad Satellite
Gujarat","Ahmedabad City Division","Dev Atiler Building, Shop Number-17, Ground Floor, Near Deer Circle,
Anandnagar, 100 ft Road, Prahaladnagar, Satellite, Ahmedabad, AHMEDABAD,Ahmedabad Satellite Gujarat, 380015",AHMADABAD,GUJARAT,380015,#N/A,NA,#N/A,NA,,"Mr. Rahul Chauhan (RIT) & Mr. Kamal (RIT)",MAHARASHTRA,7021828776/7525048585,rahul.chauhan1@utkarsh.bank,PO-23-11-023249,"EPSON (Printer - Inktank)","EPSON M3170 EPIL",X5TW017637,,,INK-005,"Maintaince Box",3,0,0,0,"0000-00-00 00:00:00","0000-00-00 00:00:00","0000-00-00 00:00:00"
NA50,Gumla,"Ranchi Division","Ground Floor, N L Malani Tower, GroundFloor, Jashpur Road, Chainpur, opposite of Stadium, Gumla, GUMLA, Gumla,835207",GUMLA,JHARKHAND,835207,#N/A,NA,#N/A,NA,,"Mr. Tapas Barik & Mr. Nitin Kumar (RIT)",JHARKHAND,9337513317/9608295625,tapas.barikh@utkarsh.bank,PO-23-08-020850,"EPSON (Printer - Inktank)","EPSON M3170 EPIL",X5TW017650,,,INK-005,"Maintaince Box",3,0,0,0,"0000-00-00 00:00:00","0000-00-00 00:00:00","0000-00-00 00:00:00"
NA51,Chomu,"Jaipur Moffusil Division","Upper Ground Floor, Shop No. SC-8,
Paliwal Marg, Ashok Vihar, Jaipur Road, Chomu, Jaipur, Rajasthan,JAIPUR, Chomu, 303702",JAIPUR,RAJASTHAN,303702,#N/A,NA,#N/A,NA,,"Mr Ramesh (RIT)",DELHI,7060504211,ramesh.kumar@utkarsh.bank,PO-23-11-023265,"EPSON (Printer - Inktank)","EPSON M3170 EPIL",X5TW017654,,,INK-005,"Maintaince Box",3,0,0,0,"0000-00-00 00:00:00","0000-00-00 00:00:00","0000-00-00 00:00:00"
NA52,"Mayur
Colony
Kothrud","Pune City West Division","Ground Floor Nagpurkar Building, CTS No, 755 5, Mayur Colony S No 14,129, Hissa No 130 131, Kothrud, District Pune, PUNE, Mayur ColonyKothrud, 411038",PUNE,MAHARASHTRA,411038,#N/A,NA,#N/A,NA,,"Mr. Rahul Chauhan (RIT) & Mr. Kamal (RIT)",MAHARASHTRA,7021828776/7525048585,rahul.chauhan1@utkarsh.bank,PO-23-08-020513,"EPSON (Printer - Inktank)","EPSON M3170 EPIL",X5TW017663,,,INK-005,"Maintaince Box",3,0,0,0,"0000-00-00 00:00:00","0000-00-00 00:00:00","0000-00-00 00:00:00"
NA53,Palghar,"Palghar Division","Ground Floor, Shop Number 1&2, Flat No.101, of J.M. Patel Complex, NearReliance Mart, Tembhode Road, Palghar, Palghar, Palghar, 401404",PALGHAR,MAHARASHTRA,401404,#N/A,NA,#N/A,NA,,"Mr. Rahul Chauhan (RIT) & Mr. Kamal (RIT)",MAHARASHTRA,7021828776/7525048585,rahul.chauhan1@utkarsh.bank,PO-23-08-020513,"EPSON (Printer - Inktank)","EPSON M3170 EPIL",X5TW017669,,,INK-005,"Maintaince Box",3,0,0,0,"0000-00-00 00:00:00","0000-00-00 00:00:00","0000-00-00 00:00:00"
NA54,Guntur,"Guntur Division","Ground FIoor, Samyuktha Mansion, 5-87-2, Brahmmam Gari Street, Naidupet,
Lakshmipuram, Guntur, Andhrapradesh, GUNTUR, Guntur, 522007",GUNTUR,"ANDHRA PRADESH",522007,#N/A,NA,#N/A,NA,,"Mr. Imran Sharif K.S (RIT)",TELANGANA,9840451965,imran.shariff@utkarsh.bank,PO-23-11-023242,"EPSON (Printer - Inktank)","EPSON M3170 EPIL",X5TW017670,,,INK-005,"Maintaince Box",3,0,0,0,"0000-00-00 00:00:00","0000-00-00 00:00:00","0000-00-00 00:00:00"
NA55,"Mogappair
Chennai","Tambaram Division","Ground Floor, Block No:10, Plot No:14, Survey No:319 PART & 330 Part,
Dr. Purtchi Thalaivi JJayalalitha Nagar East, Thiruvalluvar Salai, near7H Bus Stop, East, Tamil Nadu, Mogappair Chennai, 600037",THIRUVALLUR,"TAMIL NADU",600037,#N/A,NA,#N/A,NA,,"Mr. Imran Sharif K.S (RIT)",TELANGANA,9840451965,imran.shariff@utkarsh.bank,PO-23-11-023270,"EPSON (Printer - Inktank)","EPSON M3170 EPIL",X5TW017684,,,INK-005,"Maintaince Box",3,0,0,0,"0000-00-00 00:00:00","0000-00-00 00:00:00","0000-00-00 00:00:00"
NA56,Bhatli,"Sambalpur Division","Plot No 1054 1822, Near Daily Market above UCO Bank PO Bhatli,PS Bhatli,Dist Bargarh,Odisha, BARGARH, Bhatli,768030",BARGARH,ODISHA,768030,#N/A,NA,#N/A,NA,,"Mr. Sanjay Kumar Mishra (RIT)",ODISHA,9853679830,sanjay.mishra@utkarsh.bank,PO-23-11-023262,"EPSON (Printer - Inktank)","EPSON M3170 EPIL",X5TW017686,,,INK-005,"Maintaince Box",3,0,0,0,"0000-00-00 00:00:00","0000-00-00 00:00:00","0000-00-00 00:00:00"
NA57,Murliganj,"Saharsa Division","Ground Floor, Gol Bazaar, Near Ram
Mandir, Murliganj, Dist - Madhepura, MADHEPURA, Murliganj, 852122",PURNIA,BIHAR,852122,#N/A,NA,#N/A,NA,,"Mr.Priyatam Kumar Singh(RIT)",BIHAR,9504342712,priyatam.singh@utkarsh.bank,PO-23-11-023246,"EPSON (Printer - Inktank)","EPSON M3170 EPIL",X5TW017687,,,INK-005,"Maintaince Box",3,0,0,0,"0000-00-00 00:00:00","0000-00-00 00:00:00","0000-00-00 00:00:00"
NA58,Lauriya,"West Champaran Division","First Floor, Bettia Road, Infront of Bandhan Bank, Lauria, West Champaran, PASCHIMI CHAMPARAN, Lauriya,845453","PASHCHIM CHAMPARAN",BIHAR,845453,#N/A,NA,#N/A,NA,,"Mr.Ajeet Kumar(RIT)",BIHAR,9608953407,ajeet.kumar@utkarsh.bank,PO-23-12-024419,"EPSON (Printer - Inktank)","EPSON M3170 EPIL",X5TW018410,,,INK-005,"Maintaince Box",3,0,0,0,"0000-00-00 00:00:00","0000-00-00 00:00:00","0000-00-00 00:00:00"
NA59,Surajpur,"Munger Division","Ground Floor, Teenmohani Chowk,Surajgarha, Dist- Lakhisarai, Bihar., LAKHISARAI, Surajpur, 811106",LAKHISARAI,BIHAR,811106,#N/A,NA,#N/A,NA,,"Mr.Priyatam Kumar Singh(RIT)",BIHAR,9504342712,priyatam.singh@utkarsh.bank,PO-23-12-024419,"EPSON (Printer - Inktank)","EPSON M3170 EPIL",X5TW018416,,,INK-005,"Maintaince Box",3,0,0,0,"0000-00-00 00:00:00","0000-00-00 00:00:00","0000-00-00 00:00:00"
NA60,Tarwan,"Nawadha Division","Ground Floor, Vishnu Chowk, Tarwan,Gaya, GAYA, Tarwan, 805128",GAYA,BIHAR,805128,#N/A,NA,#N/A,NA,,"Mr.Priyatam Kumar Singh(RIT)",BIHAR,9504342712,priyatam.singh@utkarsh.bank,PO-23-12-024419,"EPSON (Printer - Inktank)","EPSON M3170 EPIL",X5TW018425,,,INK-005,"Maintaince Box",3,0,0,0,"0000-00-00 00:00:00","0000-00-00 00:00:00","0000-00-00 00:00:00"
NA61,Bero,"Ranchi Division","Ground Floor, Jamtoli Road, Near Holi Convent Public School, Bero, Ranchi, Jharkhand,, RANCHI, Bero, 835202",RANCHI,JHARKHAND,835202,#N/A,NA,#N/A,NA,,"Mr. Tapas Barik & Mr. Nitin Kumar (RIT)",JHARKHAND,9337513317/9608295625,tapas.barikh@utkarsh.bank,PO-23-12-024407,"EPSON (Printer - Inktank)","EPSON M3170 EPIL",X5TW018438,,,INK-005,"Maintaince Box",3,0,0,0,"0000-00-00 00:00:00","0000-00-00 00:00:00","0000-00-00 00:00:00"
NA62,Gumia,"Giridih Division","Ground Floor, Near Axis Bank, Palihari, Gurudih, Gomia, Bokaro,Jharkhand, BOKARO, Gumia, 829111",BOKARO,JHARKHAND,829111,#N/A,NA,#N/A,NA,,"Mr. Tapas Barik & Mr. Nitin Kumar (RIT)",JHARKHAND,9337513317/9608295625,tapas.barikh@utkarsh.bank,PO-23-08-020850,"EPSON (Printer - Inktank)","EPSON M3170 EPIL",X5TW018666,,,INK-005,"Maintaince Box",3,0,0,0,"0000-00-00 00:00:00","0000-00-00 00:00:00","0000-00-00 00:00:00"
NA63,Chauparan,"Hazaribagh Division","N.H. - 2, Delhi to Kolkata Road,Modhibara, Chauparan, Hazaribagh, HAZARIBAG, Chauparan, 825406",HAZARIBAGH,JHARKHAND,825406,#N/A,NA,#N/A,NA,,"Mr. Tapas Barik & Mr. Nitin Kumar (RIT)",JHARKHAND,9337513317/9608295625,tapas.barikh@utkarsh.bank,PO-23-11-023254,"EPSON (Printer - Inktank)","EPSON M3170 EPIL",X5TW018667,,,INK-005,"Maintaince Box",3,0,0,0,"0000-00-00 00:00:00","0000-00-00 00:00:00","0000-00-00 00:00:00"
NA64,Barahkatha,"Hazaribagh Division","Upper Ground Floor, NH 2, Dhanbad Road,Near block office and Hanuman Mandir, Barkatha, Hazaribagh, Jharkhand,HAZARIBAG, Barahkatha, 825323",HAZARIBAGH,JHARKHAND,825323,#N/A,NA,#N/A,NA,,"Mr. Tapas Barik & Mr. Nitin Kumar (RIT)",JHARKHAND,9337513317/9608295625,tapas.barikh@utkarsh.bank,PO-23-11-024081,"EPSON (Printer - Inktank)","EPSON M3170 EPIL",X5TW018687,,,INK-005,"Maintaince Box",3,0,0,0,"0000-00-00 00:00:00","0000-00-00 00:00:00","0000-00-00 00:00:00"
NA65,"Patliputra Colony","Patna Division","Ground FIoor, Shop No. 5, Hira Panna Arcade, Kurji-Patliputra Road,,PATNA, Patliputra Colony, 800013",PATNA,BIHAR,800013,#N/A,NA,#N/A,NA,,"Mr.Shantanu Kanth(RIT)",BIHAR,7635093755,shantanu.kanth@utkarsh.bank,PO-23-12-024419,"EPSON (Printer - Inktank)","EPSON M3170 EPIL",X5TW018701,,,INK-005,"Maintaince Box",3,0,0,0,"0000-00-00 00:00:00","0000-00-00 00:00:00","0000-00-00 00:00:00"
NA66,Kantatoli,"Ranchi Division","Ground FIoor, Shop No. 8 & 9, Diamond Plaza, Kantatoli, Purulia Road,Ranchi, RANCHI, Kantatoli, 834001",RANCHI,JHARKHAND,834001,#N/A,NA,#N/A,NA,,"Mr. Tapas Barik & Mr. Nitin Kumar (RIT)",JHARKHAND,9337513317/9608295625,tapas.barikh@utkarsh.bank,PO-23-11-024081,"EPSON (Printer - Inktank)","EPSON M3170 EPIL",X5TW018708,,,INK-005,"Maintaince Box",3,0,0,0,"0000-00-00 00:00:00","0000-00-00 00:00:00","0000-00-00 00:00:00"
NA67,Kishangarh,"Ajmer Division","Upper Ground Floor, Shri Ganga Vihar Madangarh, Kishangarh, Khada Ganeshji Road, Gangavihar, Kishangarh,Ajmer, Rajasthan, AJMER, Kishangarh, 305801",AJMER,RAJASTHAN,305801,#N/A,NA,#N/A,NA,,"Mr Ramesh (RIT)",DELHI,7060504211,ramesh.kumar@utkarsh.bank,PO-23-11-023265,"EPSON (Printer - Inktank)","EPSON M3170 EPIL",X5TW018725,,,INK-005,"Maintaince Box",3,0,0,0,"0000-00-00 00:00:00","0000-00-00 00:00:00","0000-00-00 00:00:00"
NA68,Chainpur,"Ranchi Division","Upper Ground Floor, Opposite of Durga Mandir, Near Chainpur Busstand,Chainpur Road, Chainpur, GUMLA, Chainpur, 835206",GUMLA,JHARKHAND,835206,#N/A,NA,#N/A,NA,,"Mr. Tapas Barik & Mr. Nitin Kumar (RIT)",JHARKHAND,9337513317/9608295625,tapas.barikh@utkarsh.bank,PO-23-08-020850,"EPSON (Printer - Inktank)","EPSON M3170 EPIL",X5TW018733,,,INK-005,"Maintaince Box",3,0,0,0,"0000-00-00 00:00:00","0000-00-00 00:00:00","0000-00-00 00:00:00"
NA69,"Janakpuri
New Delhi","New Delhi West Division","Ground Floor, C-3-2 Janakpuri, NEW DELHI, Janakpuri New Delhi, 110058",WEST,DELHI,110058,#N/A,NA,#N/A,NA,,"Mr Ramesh (RIT)",DELHI,7060504211,ramesh.kumar@utkarsh.bank,PO-23-11-023261,"EPSON (Printer - Inktank)","EPSON M3170 EPIL",X5TW018743,,,INK-005,"Maintaince Box",3,0,0,0,"0000-00-00 00:00:00","0000-00-00 00:00:00","0000-00-00 00:00:00"
NA70,"Jamnagar Gujarat","Jamnagar Division","Ground Floor, Shop No. 3, Royal Heights, Near Khodiyar Colony, Jamnagar,JAMNAGAR, Jamnagar Gujarat, 361006",JAMNAGAR,GUJARAT,361006,#N/A,NA,#N/A,NA,,"Mr. Rahul Chauhan (RIT) & Mr. Kamal (RIT)",MAHARASHTRA,7021828776/7525048585,rahul.chauhan1@utkarsh.bank,PO-23-12-024409,"EPSON (Printer - Inktank)","EPSON M3170 EPIL",X5TW018748,,,INK-005,"Maintaince Box",3,0,0,0,"0000-00-00 00:00:00","0000-00-00 00:00:00","0000-00-00 00:00:00"
NA71,"Greater Noida West","Ghaziabad Division","Ground Floor, Shop No.G-8A, G-9A, G-27A Plot no. C-03,Galaxy Blue Sapphire Plaza, Sector 4, Greater Noida West, GAUTAM BUDDHA NAGAR,Greater Noida West, 201309","GAUTAM BUDDHA NAGAR","UTTAR PRADESH",201309,#N/A,NA,#N/A,NA,,"Mr.Vishal Yadahav (RIT)","UTTAR PRADESH",8052868052,vishal.yadhav@utkarsh.bank,PO-23-11-023261,"EPSON (Printer - Inktank)","EPSON M3170 EPIL",X5TW018752,,,INK-005,"Maintaince Box",3,0,0,0,"0000-00-00 00:00:00","0000-00-00 00:00:00","0000-00-00 00:00:00"
NA72,Dinara,"Rohtas Division","Ground Floor, NH 319, Dinara Diliya,P.O and P.S Dinara, Dist Rohtas, Bihar, ROHTAS, Dinara, 802213",ROHTAS,BIHAR,802213,#N/A,NA,#N/A,NA,,"Mr.Shantanu Kanth(RIT)",BIHAR,7635093755,shantanu.kanth@utkarsh.bank,PO-23-11-024070,"EPSON (Printer - Inktank)","EPSON M3170 EPIL",X5TW018753,,,INK-005,"Maintaince Box",3,0,0,0,"0000-00-00 00:00:00","0000-00-00 00:00:00","0000-00-00 00:00:00"
NA73,Bhinga,"Bahraich Division","Near Indian Oil Petrol Pump, Bhinga,Shravasti, Uttar Pradesh, SHRAVASTI, Bhinga, 271831",SHRAVASTI,"UTTAR PRADESH",271831,#N/A,NA,#N/A,NA,,"Mr.Haidar Ali (RIT)","UTTAR PRADESH",8090554271,"haidar,ali@utkarsh.bank",PO-23-11-023274,"EPSON (Printer - Inktank)","EPSON M3170 EPIL",X5TW018754,,,INK-005,"Maintaince Box",3,0,0,0,"0000-00-00 00:00:00","0000-00-00 00:00:00","0000-00-00 00:00:00"
NA74,Jhalwa,"Allahabad Division","Ground Floor, IIIT Chowraha, Infront of IIIT College, Chakiya Road, Pipalgaon, Jhalwa, District Prayagraj, Uttar
Pradesh, PRAYAGRAJ, Jhalwa, 211012",PRAYAGRAJ,"UTTAR PRADESH",211012,#N/A,NA,#N/A,NA,,"Mr. Anil Kumar (RIT)","UTTAR PRADESH",7753811316,anil.yadav@utkarsh.bank,PO-23-11-023274,"EPSON (Printer - Inktank)","EPSON M3170 EPIL",X5TW018755,,,INK-005,"Maintaince Box",3,0,0,0,"0000-00-00 00:00:00","0000-00-00 00:00:00","0000-00-00 00:00:00"
NA75,Daryaganj,"New Delhi Central Division","Ground Floor, Indra Square, 4679 85 Ansari Road, Daryaganj, New Delhi,NEW DELHI, Daryaganj, 110002",CENTRAL,DELHI,110002,#N/A,NA,#N/A,NA,,"Mr Ramesh (RIT)",DELHI,7060504211,ramesh.kumar@utkarsh.bank,PO-23-11-024072,"EPSON (Printer - Inktank)","EPSON M3170 EPIL",X5TW018757,,,INK-005,"Maintaince Box",3,0,0,0,"0000-00-00 00:00:00","0000-00-00 00:00:00","0000-00-00 00:00:00"
NA76,Beldaur,"Begusarai Division","Ground Floor, Beldaur Bazaar, Beldaur,Khagaria, Bihar, KHAGARIA, Beldaur, 852161",KHAGARIA,BIHAR,852161,#N/A,NA,#N/A,NA,,"Mr.Priyatam Kumar Singh(RIT)",BIHAR,9504342712,priyatam.singh@utkarsh.bank,PO-23-11-024070,"EPSON (Printer - Inktank)","EPSON M3170 EPIL",X5TW018760,,,INK-005,"Maintaince Box",3,0,0,0,"0000-00-00 00:00:00","0000-00-00 00:00:00","0000-00-00 00:00:00"
NA77,Dhanupur,"Allahabad Division","Ground Floor, Near Baroda Gramin Bank,Handia Dhanupur Road, Dhanupur, Prayagraj, Uttar Pradesh, PRAYAGRAJ,Dhanupur, 221503",PRAYAGRAJ,"UTTAR PRADESH",221503,#N/A,NA,#N/A,NA,,"Mr. Anil Kumar (RIT)","UTTAR PRADESH",7753811316,anil.yadav@utkarsh.bank,PO-23-11-023274,"EPSON (Printer - Inktank)","EPSON M3170 EPIL",X5TW018761,,,INK-005,"Maintaince Box",3,0,0,0,"0000-00-00 00:00:00","0000-00-00 00:00:00","0000-00-00 00:00:00"
NA78,Almora,"Almora Division","Ground Floor, Municipal no. 242-Ka, Near Pitamber Hotel, Mohalla- Bakshi Tola, Mall Road, Tehsil and District- Almora, Uttarakhand, PIN 263601,
ALMORA, Almora, 263601",ALMORA,UTTARAKHAND,263601,#N/A,NA,#N/A,NA,,"Mr. Rahul Chauhan (RIT) & Mr. Kamal (RIT)",MAHARASHTRA,7021828776/7525048585,rahul.chauhan1@utkarsh.bank,PO-23-12-024404,"EPSON (Printer - Inktank)","EPSON M3170 EPIL",X5TW018765,,,INK-005,"Maintaince Box",3,0,0,0,"0000-00-00 00:00:00","0000-00-00 00:00:00","0000-00-00 00:00:00"
NA79,"Bhadhoi City","Varanasi West Division","Ground Floor, National Road, NearNational Carpet, Rajpura Chouraha, Bhadohi, District Sant Ravidas Nagar,Uttar Pradesh, PRAYAGRAJ, Bhadhoi City, 221401",BHADOHI,"UTTAR PRADESH",221401,#N/A,NA,#N/A,NA,,"Mr. Anil Kumar (RIT)","UTTAR PRADESH",7753811316,anil.yadav@utkarsh.bank,PO-23-11-023274,"EPSON (Printer - Inktank)","EPSON M3170 EPIL",X5TW018768,,,INK-005,"Maintaince Box",3,0,0,0,"0000-00-00 00:00:00","0000-00-00 00:00:00","0000-00-00 00:00:00"
NA80,Phulpur,"Allahabad Division","Upper Ground Floor, Prayagraj to Jaunpur
Road, Near Jawaharlal Maurya Intermediate College, Phulpur, District
Prayagraj, PRAYAGRAJ, Phulpur, 212402",PRAYAGRAJ,"UTTAR PRADESH",212402,#N/A,NA,#N/A,NA,,"Mr. Anil Kumar (RIT)","UTTAR PRADESH",7753811316,anil.yadav@utkarsh.bank,PO-23-11-023274,"EPSON (Printer - Inktank)","EPSON M3170 EPIL",X5TW018773,,,INK-005,"Maintaince Box",3,0,0,0,"0000-00-00 00:00:00","0000-00-00 00:00:00","0000-00-00 00:00:00"
NA81,Shivamogga,"Shivamogga Division","Ground Floor, Subhadra Arcade, Ground Floor, JPN Road, Ward No.29,Shivamogga, SHIMOGA, Shivamogga, 577201",SHIVAMOGGA,KARNATAKA,577201,#N/A,NA,#N/A,NA,,"Mr. Imran Sharif K.S (RIT)",TELANGANA,9840451965,imran.shariff@utkarsh.bank,PO-23-11-023257,"EPSON (Printer - Inktank)","EPSON M3170 EPIL",X5TW018774,,,INK-005,"Maintaince Box",3,0,0,0,"0000-00-00 00:00:00","0000-00-00 00:00:00","0000-00-00 00:00:00"
NA82,Tilauthu,"Rohtas Division","Ground Floor, Near Gaurav Gas Agency,Main Market Tilauthu, Rohtas, ROHTAS, Tilauthu, 821312",ROHTAS,BIHAR,821312,#N/A,NA,#N/A,NA,,"Mr.Shantanu Kanth(RIT)",BIHAR,7635093755,shantanu.kanth@utkarsh.bank,PO-23-11-023246,"EPSON (Printer - Inktank)","EPSON M3170 EPIL",X5TW018778,,,INK-005,"Maintaince Box",3,0,0,0,"0000-00-00 00:00:00","0000-00-00 00:00:00","0000-00-00 00:00:00"
NA83,"Shiv Sagar Road","Rohtas Division","Upper Ground Floor, Shiv Sagar, Chenari More, Rohtas, Bihar, ROHTAS, Shiv Sagar Road, 821111",ROHTAS,BIHAR,821111,#N/A,NA,#N/A,NA,,"Mr.Shantanu Kanth(RIT)",BIHAR,7635093755,shantanu.kanth@utkarsh.bank,PO-23-11-023246,"EPSON (Printer - Inktank)","EPSON M3170 EPIL",X5TW018781,,,INK-005,"Maintaince Box",3,0,0,0,"0000-00-00 00:00:00","0000-00-00 00:00:00","0000-00-00 00:00:00"
NA84,Dumdum,"Kolkata North Division","Ground Floor, 391-1, Dum Dum Cassipore Road ,P.O-Dum Dum, P.S. Dum Dum,Ward No. 09, Dist- North 24 Parganas, KOLKATA, Dumdum, 700074","24 PARAGANAS NORTH","WEST BENGAL",700074,#N/A,NA,#N/A,NA,,"Mr.Tapas Kumar Barikh(RIT)","WEST BENGAL",9337513317,tapas.barikh@utkarsh.bank,PO-23-11-023276,"EPSON (Printer - Inktank)","EPSON M3170 EPIL",X5TW018800,,,INK-005,"Maintaince Box",3,0,0,0,"0000-00-00 00:00:00","0000-00-00 00:00:00","0000-00-00 00:00:00"
NA85,"Ashok Vihar","Delhi North Division","C-2-15, Ground Floor, Ashok Vihar Phase-2, NORTH WEST DELHI, AshokVihar, 110052",NORTH,DELHI,110052,#N/A,NA,#N/A,NA,,"Mr Ramesh (RIT)",DELHI,7060504211,ramesh.kumar@utkarsh.bank,PO-23-08-020514,"EPSON (Printer - Inktank)","EPSON M3170 EPIL",X5TW019171,,,INK-005,"Maintaince Box",3,0,0,0,"0000-00-00 00:00:00","0000-00-00 00:00:00","0000-00-00 00:00:00"
NA86,"jhajha ",jhajha,"Sohjana chauk petrol pamp jhajha Bihar -811308",JAMUI,BIHAR,811308,#N/A,NA,#N/A,NA,,"Mr.Priyatam Kumar Singh(RIT)",BIHAR,9504342712,priyatam.singh@utkarsh.bank,"Awaiting PO","EPSON (Printer - Inktank)","EPSON M3170 EPIL",X5TW007143,,,INK-005,"Maintaince Box",3,0.4,0,0,"0000-00-00 00:00:00","0000-00-00 00:00:00","0000-00-00 00:00:00"
1354,Gorakhpur,"Gorakhpur Division","Ground Floor, Lahiri Building,Bank Road, PO - Gorakhpur -HO,District -
Gorakhpur,Uttar Pradesh Pin 273001, GORAKHPUR, GORAKHPUR-1354, 273001 .",GORAKHPUR,"UTTAR PRADESH",273001,"Vaibhav Saxena",,7275172950,NA,,"Mr.Haidar Ali (RIT)","UTTAR PRADESH",8090554271,"haidar,ali@utkarsh.bank",PO-23-04-016383,"HP (Printer - LaserJet)","HP MFP 72625DN",CNB1M6K1TR,,,Icon-w1002YC,,1,0,0,0,"0000-00-00 00:00:00","0000-00-00 00:00:00","0000-00-00 00:00:00"
1026,"Chauri Chaura",Deoria,"First Floor,Near HDFC Bank,Chauri ? Chaura,District,Gorakhpur,Uttar Pradesh,Pin code ? 273201",GORAKHPUR,"UTTAR PRADESH",273201,"Govind Rajbhar",,7318250364,bm.chaurichaura@utkarsh.bank,,"Mr.Haidar Ali (RIT)","UTTAR PRADESH",8090554271,"haidar,ali@utkarsh.bank",PO-23-04-016383,"Brother (Printer - LaserJet)","Brother- L2541DW",E73802A2N243035,"ICON TN-2365","ICON DR 2365",,,3,0,0,0,"0000-00-00 00:00:00","0000-00-00 00:00:00","0000-00-00 00:00:00"
2231,"USFB Head Office - 1","Varanasi West Division","S-24, 1-2, 1st Floor, Mahavir Nagar, Orderly Bazar, Varanasi, UttarPradesh - 221002, VARANASI, USFB Head Office - 1, 221002 .",VARANASI,"UTTAR PRADESH",221002,"Vishal Yadav",8052868052,8052868053,vishal.manager@yashujee.com,vishal.manager@yashujee.com,"Mr.Vishal Yadahav (RIT)","UTTAR PRADESH",8052868052,vishal.yadhav@utkarsh.bank,PO-22-12-012449,"Brother (Printer - LaserJet)","Brother- L2541DW",E73802J1N978782,"ICON TN-2365","ICON DR 2365",,,3,0,,0,,,
2232,"USFB Head Office - 2","Varanasi West Division","S-24, 1-2, 1st Floor, Mahavir Nagar, Orderly Bazar, Varanasi, UttarPradesh - 221002, VARANASI, USFB Head Office - 1, 221002 .",VARANASI,"UTTAR PRADESH",221002,"Vishal Yadav",8052868052,8052868053,vishal.manager@yashujee.com,vishal.manager@yashujee.com,"Mr.Vishal Yadahav (RIT)","UTTAR PRADESH",8052868052,vishal.yadhav@utkarsh.bank,PO-22-12-012449,"Brother (Printer - LaserJet)","Brother- L2541DW",E73802J1N978782,"ICON TN-2365","ICON DR 2365",,,3,0,,0,,,
2231,"USFB Head Office - 1","Varanasi West Division","S-24, 1-2, 1st Floor, Mahavir Nagar, Orderly Bazar, Varanasi, UttarPradesh - 221002, VARANASI, USFB Head Office - 1, 221002 .",VARANASI,"UTTAR PRADESH",221002,"Vishal Yadav",8052868052,8052868053,vishal.manager@yashujee.com,vishal.manager@yashujee.com,"Mr.Vishal Yadahav (RIT)","UTTAR PRADESH",8052868052,vishal.yadhav@utkarsh.bank,PO-22-12-012449,"Brother (Printer - LaserJet)","Brother- L2541DW",E73802J1N978782,"ICON TN-2365","ICON DR 2365",,,2,0,,0,,,
2232,"USFB Head Office - 2","Varanasi West Division","S-24, 1-2, 1st Floor, Mahavir Nagar, Orderly Bazar, Varanasi, UttarPradesh - 221002, VARANASI, USFB Head Office - 1, 221002 .",VARANASI,"UTTAR PRADESH",221002,"Vishal Yadav",8052868052,8052868053,vishal.manager@yashujee.com,vishal.manager@yashujee.com,"Mr.Vishal Yadahav (RIT)","UTTAR PRADESH",8052868052,vishal.yadhav@utkarsh.bank,PO-22-12-012449,"Brother (Printer - LaserJet)","Brother- L2541DW",E73802J1N978782,"ICON TN-2365","ICON DR 2365",,,2,0,,0,,,
2231,"USFB Head Office - 1","Varanasi West Division","S-24, 1-2, 1st Floor, Mahavir Nagar, Orderly Bazar, Varanasi, UttarPradesh - 221002, VARANASI, USFB Head Office - 1, 221002 .",VARANASI,"UTTAR PRADESH",221002,"Vishal Yadav",8052868052,8052868053,vishal.manager@yashujee.com,vishal.manager@yashujee.com,"Mr.Vishal Yadahav (RIT)","UTTAR PRADESH",8052868052,vishal.yadhav@utkarsh.bank,PO-22-12-012449,"Brother (Printer - LaserJet)","Brother- L2541DW",E73802J1N978782,"ICON TN-2365","ICON DR 2365",,,2,0,,0,,,
2232,"USFB Head Office - 2","Varanasi West Division","S-24, 1-2, 1st Floor, Mahavir Nagar, Orderly Bazar, Varanasi, UttarPradesh - 221002, VARANASI, USFB Head Office - 1, 221002 .",VARANASI,"UTTAR PRADESH",221002,"Vishal Yadav",8052868052,8052868053,vishal.manager@yashujee.com,vishal.manager@yashujee.com,"Mr.Vishal Yadahav (RIT)","UTTAR PRADESH",8052868052,vishal.yadhav@utkarsh.bank,PO-22-12-012449,"Brother (Printer - LaserJet)","Brother- L2541DW",E73802J1N978782,"ICON TN-2365","ICON DR 2365",,,1,0,,0,,,
2231,"USFB Head Office - 1","Varanasi West Division","S-24, 1-2, 1st Floor, Mahavir Nagar, Orderly Bazar, Varanasi, UttarPradesh - 221002, VARANASI, USFB Head Office - 1, 221002 .",VARANASI,"UTTAR PRADESH",221002,"Vishal Yadav",8052868052,8052868053,vishal.manager@yashujee.com,vishal.manager@yashujee.com,"Mr.Vishal Yadahav (RIT)","UTTAR PRADESH",8052868052,vishal.yadhav@utkarsh.bank,PO-22-12-012449,"Brother (Printer - LaserJet)","Brother- L2541DW",E73802J1N978782,"ICON TN-2365","ICON DR 2365",,,2,0,,0,,,
2232,"USFB Head Office - 2","Varanasi West Division","S-24, 1-2, 1st Floor, Mahavir Nagar, Orderly Bazar, Varanasi, UttarPradesh - 221002, VARANASI, USFB Head Office - 1, 221002 .",VARANASI,"UTTAR PRADESH",221002,"Vishal Yadav",8052868052,8052868053,vishal.manager@yashujee.com,vishal.manager@yashujee.com,"Mr.Vishal Yadahav (RIT)","UTTAR PRADESH",8052868052,vishal.yadhav@utkarsh.bank,PO-22-12-012449,"Brother (Printer - LaserJet)","Brother- L2541DW",E73802J1N978782,"ICON TN-2365","ICON DR 2365",,,1,0,,0,,,
2231,"USFB Head Office - 1","Varanasi West Division","S-24, 1-2, 1st Floor, Mahavir Nagar, Orderly Bazar, Varanasi, UttarPradesh - 221002, VARANASI, USFB Head Office - 1, 221002 .",VARANASI,"UTTAR PRADESH",221002,"Vishal Yadav",8052868052,8052868053,vishal.manager@yashujee.com,vishal.manager@yashujee.com,"Mr.Vishal Yadahav (RIT)","UTTAR PRADESH",8052868052,vishal.yadhav@utkarsh.bank,PO-22-12-012449,"Brother (Printer - LaserJet)","Brother- L2541DW",E73802J1N978782,"ICON TN-2365","ICON DR 2365",,,2,0,,0,,,
2232,"USFB Head Office - 2","Varanasi West Division","S-24, 1-2, 1st Floor, Mahavir Nagar, Orderly Bazar, Varanasi, UttarPradesh - 221002, VARANASI, USFB Head Office - 1, 221002 .",VARANASI,"UTTAR PRADESH",221002,"Vishal Yadav",8052868052,8052868053,vishal.manager@yashujee.com,vishal.manager@yashujee.com,"Mr.Vishal Yadahav (RIT)","UTTAR PRADESH",8052868052,vishal.yadhav@utkarsh.bank,PO-22-12-012449,"Brother (Printer - LaserJet)","Brother- L2541DW",E73802J1N978782,"ICON TN-2365","ICON DR 2365",,,2,0,,0,,,
2231,"USFB Head Office - 1","Varanasi West Division","S-24, 1-2, 1st Floor, Mahavir Nagar, Orderly Bazar, Varanasi, UttarPradesh - 221002, VARANASI, USFB Head Office - 1, 221002 .",VARANASI,"UTTAR PRADESH",221002,"Vishal Yadav",8052868052,8052868053,vishal.manager@yashujee.com,vishal.manager@yashujee.com,"Mr.Vishal Yadahav (RIT)","UTTAR PRADESH",8052868052,vishal.yadhav@utkarsh.bank,PO-22-12-012449,"Brother (Printer - LaserJet)","Brother- L2541DW",E73802J1N978782,"ICON TN-2365","ICON DR 2365",,,2,0,,0,,,
2232,"USFB Head Office - 2","Varanasi West Division","S-24, 1-2, 1st Floor, Mahavir Nagar, Orderly Bazar, Varanasi, UttarPradesh - 221002, VARANASI, USFB Head Office - 1, 221002 .",VARANASI,"UTTAR PRADESH",221002,"Vishal Yadav",8052868052,8052868053,vishal.manager@yashujee.com,vishal.manager@yashujee.com,"Mr.Vishal Yadahav (RIT)","UTTAR PRADESH",8052868052,vishal.yadhav@utkarsh.bank,PO-22-12-012449,"HP (Printer - LaserJet)","HP MFP 72625DN",E73802J1N978782,,,Icon-w1002YC,,2,0,,0,,,
2231,"USFB Head Office - 1","Varanasi West Division","S-24, 1-2, 1st Floor, Mahavir Nagar, Orderly Bazar, Varanasi, UttarPradesh - 221002, VARANASI, USFB Head Office - 1, 221002 .",VARANASI,"UTTAR PRADESH",221002,"Vishal Yadav",8052868052,8052868053,vishal.manager@yashujee.com,vishal.manager@yashujee.com,"Mr.Vishal Yadahav (RIT)","UTTAR PRADESH",8052868052,vishal.yadhav@utkarsh.bank,PO-22-12-012449,"Brother (Printer - LaserJet)","Brother- L2541DW",E73802J1N978782,"ICON TN-2365","ICON DR 2365",,,2,0,,0,,,
2232,"USFB Head Office - 2","Varanasi West Division","S-24, 1-2, 1st Floor, Mahavir Nagar, Orderly Bazar, Varanasi, UttarPradesh - 221002, VARANASI, USFB Head Office - 1, 221002 .",VARANASI,"UTTAR PRADESH",221002,"Vishal Yadav",8052868052,8052868053,vishal.manager@yashujee.com,vishal.manager@yashujee.com,"Mr.Vishal Yadahav (RIT)","UTTAR PRADESH",8052868052,vishal.yadhav@utkarsh.bank,PO-22-12-012449,"Brother (Printer - LaserJet)","Brother- L2541DW",E73802J1N978782,"ICON TN-2365","ICON DR 2365",,,2,0,,0,,,
2231,"USFB Head Office - 1","Varanasi West Division","S-24, 1-2, 1st Floor, Mahavir Nagar, Orderly Bazar, Varanasi, UttarPradesh - 221002, VARANASI, USFB Head Office - 1, 221002 .",VARANASI,"UTTAR PRADESH",221002,"Vishal Yadav",8052868052,8052868053,vishal.manager@yashujee.com,vishal.manager@yashujee.com,"Mr.Vishal Yadahav (RIT)","UTTAR PRADESH",8052868052,vishal.yadhav@utkarsh.bank,PO-22-12-012449,"Brother (Printer - LaserJet)","Brother- L2541DW",E73802J1N978782,"ICON TN-2365","ICON DR 2365",,,2,0,,0,,,
2232,"USFB Head Office - 2","Varanasi West Division","S-24, 1-2, 1st Floor, Mahavir Nagar, Orderly Bazar, Varanasi, UttarPradesh - 221002, VARANASI, USFB Head Office - 1, 221002 .",VARANASI,"UTTAR PRADESH",221002,"Vishal Yadav",8052868052,8052868053,vishal.manager@yashujee.com,vishal.manager@yashujee.com,"Mr.Vishal Yadahav (RIT)","UTTAR PRADESH",8052868052,vishal.yadhav@utkarsh.bank,PO-22-12-012449,"Brother (Printer - LaserJet)","Brother- L2541DW",E73802J1N978782,"ICON TN-2365","ICON DR 2365",,,2,0,,0,,,
2231,"USFB Head Office - 1","Varanasi West Division","S-24, 1-2, 1st Floor, Mahavir Nagar, Orderly Bazar, Varanasi, UttarPradesh - 221002, VARANASI, USFB Head Office - 1, 221002 .",VARANASI,"UTTAR PRADESH",221002,"Vishal Yadav",8052868052,8052868053,vishal.manager@yashujee.com,vishal.manager@yashujee.com,"Mr.Vishal Yadahav (RIT)","UTTAR PRADESH",8052868052,vishal.yadhav@utkarsh.bank,PO-22-12-012449,"Brother (Printer - LaserJet)","Brother- L2541DW",E73802J1N978782,"ICON TN-2365","ICON DR 2365",,,2,0,,0,,,
2232,"USFB Head Office - 2","Varanasi West Division","S-24, 1-2, 1st Floor, Mahavir Nagar, Orderly Bazar, Varanasi, UttarPradesh - 221002, VARANASI, USFB Head Office - 1, 221002 .",VARANASI,"UTTAR PRADESH",221002,"Vishal Yadav",8052868052,8052868053,vishal.manager@yashujee.com,vishal.manager@yashujee.com,"Mr.Vishal Yadahav (RIT)","UTTAR PRADESH",8052868052,vishal.yadhav@utkarsh.bank,PO-22-12-012449,"Brother (Printer - LaserJet)","Brother- L2541DW",E73802J1N978782,"ICON TN-2365","ICON DR 2365",,,2,0,,0,,,
2231,"USFB Head Office - 1","Varanasi West Division","S-24, 1-2, 1st Floor, Mahavir Nagar, Orderly Bazar, Varanasi, UttarPradesh - 221002, VARANASI, USFB Head Office - 1, 221002 .",VARANASI,"UTTAR PRADESH",221002,"Vishal Yadav",8052868052,8052868053,vishal.manager@yashujee.com,vishal.manager@yashujee.com,"Mr.Vishal Yadahav (RIT)","UTTAR PRADESH",8052868052,vishal.yadhav@utkarsh.bank,PO-22-12-012449,"Brother (Printer - LaserJet)","Brother- L2541DW",E73802J1N978782,"ICON TN-2365","ICON DR 2365",,,2,0,,0,,,
2232,"USFB Head Office - 2","Varanasi West Division","S-24, 1-2, 1st Floor, Mahavir Nagar, Orderly Bazar, Varanasi, UttarPradesh - 221002, VARANASI, USFB Head Office - 1, 221002 .",VARANASI,"UTTAR PRADESH",221002,"Vishal Yadav",8052868052,8052868053,vishal.manager@yashujee.com,vishal.manager@yashujee.com,"Mr.Vishal Yadahav (RIT)","UTTAR PRADESH",8052868052,vishal.yadhav@utkarsh.bank,PO-22-12-012449,"Brother (Printer - LaserJet)","Brother- L2541DW",E73802J1N978782,"ICON TN-2365","ICON DR 2365",,,2,0,,0,,,
2231,"USFB Head Office - 1","Varanasi West Division","S-24, 1-2, 1st Floor, Mahavir Nagar, Orderly Bazar, Varanasi, UttarPradesh - 221002, VARANASI, USFB Head Office - 1, 221002 .",VARANASI,"UTTAR PRADESH",221002,"Vishal Yadav",8052868052,8052868053,vishal.manager@yashujee.com,vishal.manager@yashujee.com,"Mr.Vishal Yadahav (RIT)","UTTAR PRADESH",8052868052,vishal.yadhav@utkarsh.bank,PO-22-12-012449,"Brother (Printer - LaserJet)","Brother- L2541DW",E73802J1N978782,"ICON TN-2365","ICON DR 2365",,,2,0,,0,,,
2232,"USFB Head Office - 2","Varanasi West Division","S-24, 1-2, 1st Floor, Mahavir Nagar, Orderly Bazar, Varanasi, UttarPradesh - 221002, VARANASI, USFB Head Office - 1, 221002 .",VARANASI,"UTTAR PRADESH",221002,"Vishal Yadav",8052868052,8052868053,vishal.manager@yashujee.com,vishal.manager@yashujee.com,"Mr.Vishal Yadahav (RIT)","UTTAR PRADESH",8052868052,vishal.yadhav@utkarsh.bank,PO-22-12-012449,"Brother (Printer - LaserJet)","Brother- L2541DW",E73802J1N978782,"ICON TN-2365","ICON DR 2365",,,2,0,,0,,,
2231,"USFB Head Office - 1","Varanasi West Division","S-24, 1-2, 1st Floor, Mahavir Nagar, Orderly Bazar, Varanasi, UttarPradesh - 221002, VARANASI, USFB Head Office - 1, 221002 .",VARANASI,"UTTAR PRADESH",221002,"Vishal Yadav",8052868052,8052868053,vishal.manager@yashujee.com,vishal.manager@yashujee.com,"Mr.Vishal Yadahav (RIT)","UTTAR PRADESH",8052868052,vishal.yadhav@utkarsh.bank,PO-22-12-012449,"Brother (Printer - LaserJet)","Brother- L2541DW",E73802J1N978782,"ICON TN-2365","ICON DR 2365",,,2,0,,0,,,
2232,"USFB Head Office - 2","Varanasi West Division","S-24, 1-2, 1st Floor, Mahavir Nagar, Orderly Bazar, Varanasi, UttarPradesh - 221002, VARANASI, USFB Head Office - 1, 221002 .",VARANASI,"UTTAR PRADESH",221002,"Vishal Yadav",8052868052,8052868053,vishal.manager@yashujee.com,vishal.manager@yashujee.com,"Mr.Vishal Yadahav (RIT)","UTTAR PRADESH",8052868052,vishal.yadhav@utkarsh.bank,PO-22-12-012449,"Brother (Printer - LaserJet)","Brother- L2541DW",E73802J1N978782,"ICON TN-2365","ICON DR 2365",,,2,0,,0,,,
2231,"USFB Head Office - 1","Varanasi West Division","S-24, 1-2, 1st Floor, Mahavir Nagar, Orderly Bazar, Varanasi, UttarPradesh - 221002, VARANASI, USFB Head Office - 1, 221002 .",VARANASI,"UTTAR PRADESH",221002,"Vishal Yadav",8052868052,8052868053,vishal.manager@yashujee.com,vishal.manager@yashujee.com,"Mr.Vishal Yadahav (RIT)","UTTAR PRADESH",8052868052,vishal.yadhav@utkarsh.bank,PO-22-12-012449,"Brother (Printer - LaserJet)","Brother- L2541DW",E73802J1N978782,"ICON TN-2365","ICON DR 2365",,,2,0,,0,,,
2232,"USFB Head Office - 2","Varanasi West Division","S-24, 1-2, 1st Floor, Mahavir Nagar, Orderly Bazar, Varanasi, UttarPradesh - 221002, VARANASI, USFB Head Office - 1, 221002 .",VARANASI,"UTTAR PRADESH",221002,"Vishal Yadav",8052868052,8052868053,vishal.manager@yashujee.com,vishal.manager@yashujee.com,"Mr.Vishal Yadahav (RIT)","UTTAR PRADESH",8052868052,vishal.yadhav@utkarsh.bank,PO-22-12-012449,"Brother (Printer - LaserJet)","Brother- L2541DW",E73802J1N978782,"ICON TN-2365","ICON DR 2365",,,2,0,,0,,,
2231,"USFB Head Office - 1","Varanasi West Division","S-24, 1-2, 1st Floor, Mahavir Nagar, Orderly Bazar, Varanasi, UttarPradesh - 221002, VARANASI, USFB Head Office - 1, 221002 .",VARANASI,"UTTAR PRADESH",221002,"Vishal Yadav",8052868052,8052868053,vishal.manager@yashujee.com,vishal.manager@yashujee.com,"Mr.Vishal Yadahav (RIT)","UTTAR PRADESH",8052868052,vishal.yadhav@utkarsh.bank,PO-22-12-012449,"Brother (Printer - LaserJet)","Brother- L2541DW",E73802J1N978782,"ICON TN-2365","ICON DR 2365",,,2,0,,0,,,
2232,"USFB Head Office - 2","Varanasi West Division","S-24, 1-2, 1st Floor, Mahavir Nagar, Orderly Bazar, Varanasi, UttarPradesh - 221002, VARANASI, USFB Head Office - 1, 221002 .",VARANASI,"UTTAR PRADESH",221002,"Vishal Yadav",8052868052,8052868053,vishal.manager@yashujee.com,vishal.manager@yashujee.com,"Mr.Vishal Yadahav (RIT)","UTTAR PRADESH",8052868052,vishal.yadhav@utkarsh.bank,PO-22-12-012449,"Brother (Printer - LaserJet)","Brother- L2541DW",E73802J1N978782,"ICON TN-2365","ICON DR 2365",,,2,0,,0,,,
2231,"USFB Head Office - 1","Varanasi West Division","S-24, 1-2, 1st Floor, Mahavir Nagar, Orderly Bazar, Varanasi, UttarPradesh - 221002, VARANASI, USFB Head Office - 1, 221002 .",VARANASI,"UTTAR PRADESH",221002,"Vishal Yadav",8052868052,8052868053,vishal.manager@yashujee.com,vishal.manager@yashujee.com,"Mr.Vishal Yadahav (RIT)","UTTAR PRADESH",8052868052,vishal.yadhav@utkarsh.bank,PO-22-12-012449,"Brother (Printer - LaserJet)","Brother- L2541DW",E73802J1N978782,"ICON TN-2365","ICON DR 2365",,,2,0,,0,,,
2232,"USFB Head Office - 2","Varanasi West Division","S-24, 1-2, 1st Floor, Mahavir Nagar, Orderly Bazar, Varanasi, UttarPradesh - 221002, VARANASI, USFB Head Office - 1, 221002 .",VARANASI,"UTTAR PRADESH",221002,"Vishal Yadav",8052868052,8052868053,vishal.manager@yashujee.com,vishal.manager@yashujee.com,"Mr.Vishal Yadahav (RIT)","UTTAR PRADESH",8052868052,vishal.yadhav@utkarsh.bank,PO-22-12-012449,"Brother (Printer - LaserJet)","Brother- L2541DW",E73802J1N978782,"ICON TN-2365","ICON DR 2365",,,2,0,,0,"2023-03-04 00:00:00",,
